OrderID,Date,CustomerID,Product,Quantity,UnitPrice,ShippingAddress,TrackingNumber,ItemsInCart,CouponCode,TotalPrice,OrderYear,OrderMonth,OrderDayOfWeek,AvgItemPrice,HasCoupon,CartUtilization,PaymentMethod_Cash,PaymentMethod_Credit Card,PaymentMethod_Debit Card,PaymentMethod_Gift Card,PaymentMethod_Online,OrderStatus_Cancelled,OrderStatus_Delivered,OrderStatus_Pending,OrderStatus_Returned,OrderStatus_Shipped,ReferralSource_Email,ReferralSource_Facebook,ReferralSource_Google,ReferralSource_Instagram,ReferralSource_Referral
ORD200000,2023-01-04,C72649,Monitor,5,570.62,928 Main St,TRK37947903,7,SAVE10,2853.1,2023,1,Wednesday,570.62,1,0.7142857142857143,False,False,True,False,False,False,False,False,False,True,False,False,False,True,False
ORD200001,2024-08-23,C75739,Phone,2,151.35,823 Main St,TRK91186779,3,SAVE10,302.7,2024,8,Friday,151.35,1,0.6666666666666666,False,False,False,False,True,False,False,False,False,True,False,False,False,False,True
ORD200002,2024-02-27,C81728,Tablet,5,550.68,512 Main St,TRK42903982,8,FREESHIP,2753.4,2024,2,Tuesday,550.6800000000001,1,0.625,False,True,False,False,False,True,False,False,False,False,True,False,False,False,False
ORD200003,2023-10-15,C33540,Chair,1,273.19,275 Main St,TRK62788070,5,SAVE10,273.19,2023,10,Sunday,273.19,1,0.2,False,False,True,False,False,False,False,False,True,False,False,True,False,False,False
ORD200004,2025-05-08,C81840,Printer,4,626.01,668 Main St,TRK29241424,8,SAVE10,2504.04,2025,5,Thursday,626.01,1,0.5,False,False,False,False,True,False,True,False,False,False,True,False,False,False,False
ORD200005,2023-10-23,C37249,Phone,2,245.86,934 Main St,TRK72976927,4,SAVE10,491.72,2023,10,Monday,245.86,1,0.5,False,True,False,False,False,False,False,False,False,True,False,False,False,True,False
ORD200006,2025-06-17,C83492,Laptop,1,664.42,986 Main St,TRK96417362,6,SAVE10,664.42,2025,6,Tuesday,664.42,1,0.16666666666666666,False,False,False,True,False,False,False,False,True,False,False,True,False,False,False
ORD200007,2023-05-12,C41460,Monitor,5,149.55,706 Main St,TRK78809193,9,FREESHIP,747.75,2023,5,Friday,149.55,1,0.5555555555555556,True,False,False,False,False,False,False,False,False,True,False,True,False,False,False
ORD200008,2025-04-02,C26817,Phone,2,134.28,904 Main St,TRK61042692,2,NoCoupon,268.56,2025,4,Wednesday,134.28,0,1.0,False,False,False,True,False,True,False,False,False,False,True,False,False,False,False
ORD200009,2023-11-21,C31946,Desk,4,509.38,102 Main St,TRK33478363,6,SAVE10,2037.52,2023,11,Tuesday,509.38,1,0.6666666666666666,False,True,False,False,False,False,False,False,False,True,False,False,True,False,False
ORD200010,2023-12-29,C43443,Tablet,5,625.97,333 Main St,TRK98859248,9,WINTER15,3129.85,2023,12,Friday,625.97,1,0.5555555555555556,False,True,False,False,False,False,False,False,True,False,False,False,False,True,False
ORD200011,2024-02-17,C93861,Monitor,3,49.14,831 Main St,TRK48234646,7,SAVE10,147.42,2024,2,Saturday,49.13999999999999,1,0.42857142857142855,False,False,False,False,True,False,False,False,True,False,True,False,False,False,False
ORD200012,2024-10-15,C38785,Monitor,2,180.5,179 Main St,TRK20419991,6,FREESHIP,361.0,2024,10,Tuesday,180.5,1,0.3333333333333333,False,False,True,False,False,False,False,True,False,False,False,False,False,False,True
ORD200013,2023-08-30,C88348,Laptop,3,201.49,903 Main St,TRK81913874,4,FREESHIP,604.47,2023,8,Wednesday,201.49,1,0.75,False,True,False,False,False,False,False,False,True,False,False,True,False,False,False
ORD200014,2023-03-27,C98474,Tablet,2,393.33,980 Main St,TRK79186539,3,SAVE10,786.66,2023,3,Monday,393.33,1,0.6666666666666666,False,False,True,False,False,False,False,True,False,False,False,False,False,True,False
ORD200015,2023-07-17,C39416,Printer,1,473.96,942 Main St,TRK54930938,3,NoCoupon,473.96,2023,7,Monday,473.96,0,0.3333333333333333,True,False,False,False,False,False,True,False,False,False,False,False,True,False,False
ORD200016,2023-01-24,C28976,Printer,2,533.81,914 Main St,TRK13194259,3,FREESHIP,1067.62,2023,1,Tuesday,533.81,1,0.6666666666666666,False,True,False,False,False,False,False,True,False,False,True,False,False,False,False
ORD200017,2024-03-02,C60672,Tablet,1,423.4,382 Main St,TRK11972116,3,NoCoupon,423.4,2024,3,Saturday,423.4,0,0.3333333333333333,False,False,True,False,False,False,False,False,False,True,False,False,False,False,True
ORD200018,2025-03-26,C84329,Desk,1,431.44,891 Main St,TRK65191045,3,SAVE10,431.44,2025,3,Wednesday,431.44,1,0.3333333333333333,False,False,False,True,False,False,False,True,False,False,False,True,False,False,False
ORD200019,2023-01-23,C14552,Monitor,5,224.0,273 Main St,TRK59101365,9,SAVE10,1120.0,2023,1,Monday,224.0,1,0.5555555555555556,True,False,False,False,False,False,False,False,True,False,False,False,True,False,False
ORD200020,2023-05-08,C54829,Chair,5,62.51,587 Main St,TRK16718651,9,WINTER15,312.55,2023,5,Monday,62.510000000000005,1,0.5555555555555556,True,False,False,False,False,False,False,True,False,False,False,False,False,True,False
ORD200021,2024-11-17,C99023,Monitor,4,342.95,569 Main St,TRK52646983,6,NoCoupon,1371.8,2024,11,Sunday,342.95,0,0.6666666666666666,True,False,False,False,False,False,True,False,False,False,False,False,True,False,False
ORD200022,2023-01-29,C34416,Monitor,2,49.62,633 Main St,TRK75937350,2,SAVE10,99.24,2023,1,Sunday,49.62,1,1.0,False,False,False,False,True,False,False,True,False,False,False,False,True,False,False
ORD200023,2025-04-09,C42372,Phone,4,273.25,755 Main St,TRK36168083,5,FREESHIP,1093.0,2025,4,Wednesday,273.25,1,0.8,False,False,True,False,False,True,False,False,False,False,False,False,False,False,True
ORD200024,2024-10-30,C17470,Laptop,2,230.95,956 Main St,TRK28775057,3,WINTER15,461.9,2024,10,Wednesday,230.95,1,0.6666666666666666,False,False,False,False,True,False,True,False,False,False,False,False,False,False,True
ORD200025,2024-07-24,C42577,Monitor,1,399.98,709 Main St,TRK69423327,3,WINTER15,399.98,2024,7,Wednesday,399.98,1,0.3333333333333333,False,False,True,False,False,False,True,False,False,False,True,False,False,False,False
ORD200026,2024-03-06,C21944,Laptop,5,59.55,296 Main St,TRK80276812,6,NoCoupon,297.75,2024,3,Wednesday,59.55,0,0.8333333333333334,False,False,False,False,True,False,True,False,False,False,False,False,False,False,True
ORD200027,2024-02-22,C97593,Printer,1,472.74,881 Main St,TRK89117573,6,WINTER15,472.74,2024,2,Thursday,472.74,1,0.16666666666666666,False,False,False,False,True,False,False,False,False,True,False,False,True,False,False
ORD200028,2023-11-21,C59823,Phone,4,160.07,568 Main St,TRK65895539,5,NoCoupon,640.28,2023,11,Tuesday,160.07,0,0.8,False,False,False,False,True,False,False,True,False,False,True,False,False,False,False
ORD200029,2024-09-20,C33260,Desk,3,423.53,930 Main St,TRK59744090,6,SAVE10,1270.59,2024,9,Friday,423.53,1,0.5,False,True,False,False,False,False,True,False,False,False,False,False,False,False,True
ORD200030,2025-03-22,C44267,Monitor,2,426.7,895 Main St,TRK54751444,5,SAVE10,853.4,2025,3,Saturday,426.7,1,0.4,False,False,False,False,True,False,False,True,False,False,False,False,False,False,True
ORD200031,2023-06-30,C26445,Chair,3,500.08,996 Main St,TRK31229981,6,NoCoupon,1500.24,2023,6,Friday,500.08,0,0.5,False,False,True,False,False,False,False,False,True,False,False,True,False,False,False
ORD200032,2023-05-01,C12388,Tablet,5,536.72,830 Main St,TRK99261395,10,NoCoupon,2683.6,2023,5,Monday,536.72,0,0.5,True,False,False,False,False,False,True,False,False,False,True,False,False,False,False
ORD200033,2023-06-05,C52184,Chair,1,162.77,912 Main St,TRK73312471,4,WINTER15,162.77,2023,6,Monday,162.77,1,0.25,False,False,False,False,True,True,False,False,False,False,False,True,False,False,False
ORD200034,2023-01-07,C67195,Chair,4,576.52,926 Main St,TRK55467915,5,WINTER15,2306.08,2023,1,Saturday,576.52,1,0.8,False,True,False,False,False,False,False,True,False,False,False,True,False,False,False
ORD200035,2024-12-07,C50304,Monitor,2,465.15,128 Main St,TRK46850888,2,SAVE10,930.3,2024,12,Saturday,465.15,1,1.0,False,False,False,False,True,False,False,False,False,True,False,True,False,False,False
ORD200036,2025-05-08,C59337,Laptop,2,534.43,465 Main St,TRK50961250,5,NoCoupon,1068.86,2025,5,Thursday,534.43,0,0.4,False,False,True,False,False,False,False,True,False,False,False,True,False,False,False
ORD200037,2024-10-14,C10054,Laptop,2,76.74,409 Main St,TRK94005261,7,SAVE10,153.48,2024,10,Monday,76.74,1,0.2857142857142857,True,False,False,False,False,False,False,False,True,False,False,False,False,True,False
ORD200038,2024-12-19,C15924,Laptop,1,245.89,549 Main St,TRK14835975,3,SAVE10,245.89,2024,12,Thursday,245.89,1,0.3333333333333333,False,False,True,False,False,False,True,False,False,False,False,False,True,False,False
ORD200039,2025-02-27,C96664,Printer,3,256.46,666 Main St,TRK85508960,4,SAVE10,769.3799999999999,2025,2,Thursday,256.46,1,0.75,False,True,False,False,False,False,True,False,False,False,False,False,False,False,True
ORD200040,2023-08-20,C84766,Desk,2,344.02,267 Main St,TRK78967923,4,FREESHIP,688.04,2023,8,Sunday,344.02,1,0.5,False,False,False,False,True,False,True,False,False,False,False,False,False,True,False
ORD200041,2023-12-05,C20212,Monitor,3,611.45,657 Main St,TRK69733327,4,FREESHIP,1834.35,2023,12,Tuesday,611.4499999999999,1,0.75,False,False,False,True,False,False,False,True,False,False,False,False,False,True,False
ORD200042,2024-05-06,C28712,Printer,2,151.66,980 Main St,TRK40772558,6,NoCoupon,303.32,2024,5,Monday,151.66,0,0.3333333333333333,True,False,False,False,False,True,False,False,False,False,False,False,False,True,False
ORD200043,2023-12-14,C60572,Chair,3,499.21,871 Main St,TRK20351666,8,NoCoupon,1497.63,2023,12,Thursday,499.21000000000004,0,0.375,False,False,False,False,True,True,False,False,False,False,False,False,False,True,False
ORD200044,2025-04-21,C73225,Phone,2,550.18,996 Main St,TRK73848522,3,FREESHIP,1100.36,2025,4,Monday,550.18,1,0.6666666666666666,False,False,False,True,False,False,False,False,True,False,False,False,False,False,True
ORD200045,2024-02-10,C17388,Chair,1,317.25,157 Main St,TRK47077395,1,SAVE10,317.25,2024,2,Saturday,317.25,1,1.0,False,False,True,False,False,False,False,False,True,False,False,True,False,False,False
ORD200046,2024-06-26,C43212,Monitor,4,550.14,223 Main St,TRK25100762,4,FREESHIP,2200.56,2024,6,Wednesday,550.14,1,1.0,False,False,True,False,False,False,False,True,False,False,False,False,False,True,False
ORD200047,2023-07-19,C38134,Desk,2,209.94,323 Main St,TRK42450754,3,FREESHIP,419.88,2023,7,Wednesday,209.94,1,0.6666666666666666,False,True,False,False,False,False,False,False,True,False,True,False,False,False,False
ORD200048,2023-08-26,C12408,Monitor,2,80.77,464 Main St,TRK38938858,4,NoCoupon,161.54,2023,8,Saturday,80.77,0,0.5,False,False,True,False,False,False,False,False,False,True,False,False,True,False,False
ORD200049,2023-10-07,C11985,Printer,1,30.44,633 Main St,TRK53272402,1,SAVE10,30.44,2023,10,Saturday,30.44,1,1.0,False,True,False,False,False,False,False,False,False,True,True,False,False,False,False
ORD200050,2023-07-31,C96494,Tablet,1,179.22,446 Main St,TRK14675049,6,FREESHIP,179.22,2023,7,Monday,179.22,1,0.16666666666666666,False,False,False,False,True,True,False,False,False,False,False,False,False,True,False
ORD200051,2024-12-30,C36778,Tablet,1,388.33,434 Main St,TRK67610289,2,SAVE10,388.33,2024,12,Monday,388.33,1,0.5,True,False,False,False,False,False,False,False,True,False,False,True,False,False,False
ORD200052,2024-09-08,C30513,Tablet,1,586.44,232 Main St,TRK64320429,5,SAVE10,586.44,2024,9,Sunday,586.44,1,0.2,False,False,False,False,True,False,False,False,True,False,False,True,False,False,False
ORD200053,2024-05-18,C67551,Phone,4,488.78,512 Main St,TRK94992552,5,FREESHIP,1955.12,2024,5,Saturday,488.78,1,0.8,False,False,False,False,True,False,False,False,True,False,False,False,True,False,False
ORD200054,2025-03-27,C48120,Chair,1,280.25,623 Main St,TRK11014449,5,WINTER15,280.25,2025,3,Thursday,280.25,1,0.2,False,False,False,False,True,False,False,True,False,False,True,False,False,False,False
ORD200055,2025-06-24,C95984,Printer,3,344.4,565 Main St,TRK67434829,3,NoCoupon,1033.2,2025,6,Tuesday,344.40000000000003,0,1.0,False,False,False,False,True,True,False,False,False,False,False,True,False,False,False
ORD200056,2023-05-21,C54298,Tablet,3,479.21,566 Main St,TRK62902341,5,WINTER15,1437.63,2023,5,Sunday,479.21000000000004,1,0.6,True,False,False,False,False,True,False,False,False,False,False,False,False,False,True
ORD200057,2023-01-22,C88036,Printer,5,314.27,842 Main St,TRK52470128,6,SAVE10,1571.35,2023,1,Sunday,314.27,1,0.8333333333333334,True,False,False,False,False,False,False,False,True,False,False,False,False,True,False
ORD200058,2023-01-15,C60190,Phone,4,474.69,202 Main St,TRK70857868,6,SAVE10,1898.76,2023,1,Sunday,474.69,1,0.6666666666666666,False,False,False,True,False,True,False,False,False,False,False,False,True,False,False
ORD200059,2024-09-11,C97603,Chair,4,593.27,811 Main St,TRK47055028,5,NoCoupon,2373.08,2024,9,Wednesday,593.27,0,0.8,False,False,False,False,True,False,False,False,False,True,False,True,False,False,False
ORD200060,2024-08-21,C39256,Desk,1,417.1,634 Main St,TRK23412025,3,FREESHIP,417.1,2024,8,Wednesday,417.1,1,0.3333333333333333,False,False,True,False,False,False,False,False,True,False,False,False,False,False,True
ORD200061,2024-03-24,C61618,Desk,4,122.2,104 Main St,TRK43458485,7,FREESHIP,488.8,2024,3,Sunday,122.2,1,0.5714285714285714,True,False,False,False,False,False,True,False,False,False,False,True,False,False,False
ORD200062,2023-08-22,C36497,Desk,2,43.15,691 Main St,TRK12102911,3,WINTER15,86.3,2023,8,Tuesday,43.15,1,0.6666666666666666,False,False,True,False,False,False,False,True,False,False,True,False,False,False,False
ORD200063,2025-02-02,C96695,Chair,1,564.86,813 Main St,TRK64283851,6,WINTER15,564.86,2025,2,Sunday,564.86,1,0.16666666666666666,False,False,True,False,False,False,False,False,False,True,False,False,False,False,True
ORD200064,2025-06-25,C49720,Printer,3,130.61,752 Main St,TRK55785217,4,FREESHIP,391.83,2025,6,Wednesday,130.60999999999999,1,0.75,False,False,True,False,False,True,False,False,False,False,False,True,False,False,False
ORD200065,2023-12-30,C97735,Monitor,5,81.7,385 Main St,TRK13743703,6,NoCoupon,408.5,2023,12,Saturday,81.7,0,0.8333333333333334,False,True,False,False,False,False,True,False,False,False,False,False,False,True,False
ORD200066,2024-11-15,C18104,Chair,5,127.18,715 Main St,TRK15488568,9,SAVE10,635.9000000000001,2024,11,Friday,127.18000000000002,1,0.5555555555555556,True,False,False,False,False,True,False,False,False,False,False,False,False,False,True
ORD200067,2024-12-09,C25587,Printer,4,12.1,440 Main St,TRK55105323,8,NoCoupon,48.4,2024,12,Monday,12.1,0,0.5,False,False,True,False,False,True,False,False,False,False,False,False,True,False,False
ORD200068,2023-12-11,C41598,Chair,3,490.92,709 Main St,TRK81665940,5,FREESHIP,1472.76,2023,12,Monday,490.92,1,0.6,False,True,False,False,False,False,False,True,False,False,True,False,False,False,False
ORD200069,2023-05-11,C43338,Monitor,3,478.65,552 Main St,TRK35241775,4,NoCoupon,1435.95,2023,5,Thursday,478.65000000000003,0,0.75,False,False,False,False,True,False,False,False,False,True,False,False,False,False,True
ORD200070,2023-05-26,C25123,Desk,1,629.21,384 Main St,TRK27812282,2,FREESHIP,629.21,2023,5,Friday,629.21,1,0.5,False,False,False,True,False,False,False,True,False,False,False,False,False,True,False
ORD200071,2025-06-10,C37454,Monitor,3,434.45,923 Main St,TRK28252730,4,NoCoupon,1303.35,2025,6,Tuesday,434.45,0,0.75,False,True,False,False,False,False,False,True,False,False,False,False,False,False,True
ORD200072,2024-12-22,C19451,Tablet,4,589.44,942 Main St,TRK87787793,5,NoCoupon,2357.76,2024,12,Sunday,589.44,0,0.8,False,False,False,True,False,False,False,False,True,False,False,True,False,False,False
ORD200073,2023-05-03,C17269,Monitor,4,433.45,129 Main St,TRK79608389,4,NoCoupon,1733.8,2023,5,Wednesday,433.45,0,1.0,False,False,False,True,False,True,False,False,False,False,False,True,False,False,False
ORD200074,2023-06-24,C25382,Phone,5,90.87,622 Main St,TRK64691287,5,NoCoupon,454.35,2023,6,Saturday,90.87,0,1.0,True,False,False,False,False,False,False,True,False,False,False,False,False,True,False
ORD200075,2023-09-26,C80651,Tablet,3,398.17,917 Main St,TRK14846720,5,SAVE10,1194.51,2023,9,Tuesday,398.17,1,0.6,False,False,True,False,False,False,True,False,False,False,True,False,False,False,False
ORD200076,2024-03-31,C58638,Laptop,4,382.88,239 Main St,TRK38224871,6,WINTER15,1531.52,2024,3,Sunday,382.88,1,0.6666666666666666,True,False,False,False,False,True,False,False,False,False,True,False,False,False,False
ORD200077,2024-05-24,C50121,Phone,1,583.18,348 Main St,TRK79810059,5,NoCoupon,583.18,2024,5,Friday,583.18,0,0.2,False,True,False,False,False,False,False,False,True,False,False,False,True,False,False
ORD200078,2024-08-06,C32029,Printer,4,175.36,146 Main St,TRK68535532,4,FREESHIP,701.44,2024,8,Tuesday,175.36,1,1.0,False,False,True,False,False,False,True,False,False,False,False,False,False,True,False
ORD200079,2025-03-10,C76700,Tablet,2,311.91,103 Main St,TRK13036341,2,NoCoupon,623.82,2025,3,Monday,311.91,0,1.0,False,False,False,False,True,False,False,False,False,True,False,True,False,False,False
ORD200080,2023-06-27,C29041,Phone,3,589.56,591 Main St,TRK28840655,6,NoCoupon,1768.68,2023,6,Tuesday,589.5600000000001,0,0.5,False,False,False,False,True,False,False,False,True,False,False,True,False,False,False
ORD200081,2023-06-08,C29314,Monitor,2,394.3,496 Main St,TRK59876213,6,FREESHIP,788.6,2023,6,Thursday,394.3,1,0.3333333333333333,True,False,False,False,False,False,False,False,False,True,True,False,False,False,False
ORD200082,2024-01-05,C65799,Tablet,4,565.2,971 Main St,TRK66906607,9,SAVE10,2260.8,2024,1,Friday,565.2,1,0.4444444444444444,False,False,True,False,False,False,False,False,False,True,False,False,True,False,False
ORD200083,2023-08-22,C15681,Laptop,4,540.41,989 Main St,TRK75112172,6,NoCoupon,2161.64,2023,8,Tuesday,540.41,0,0.6666666666666666,False,True,False,False,False,True,False,False,False,False,False,False,False,False,True
ORD200084,2023-08-28,C64160,Monitor,2,165.49,967 Main St,TRK34121529,4,WINTER15,330.98,2023,8,Monday,165.49,1,0.5,False,False,False,False,True,False,False,False,False,True,False,False,False,True,False
ORD200085,2024-09-09,C14553,Tablet,3,146.73,768 Main St,TRK93538334,8,FREESHIP,440.1899999999999,2024,9,Monday,146.72999999999996,1,0.375,True,False,False,False,False,False,True,False,False,False,True,False,False,False,False
ORD200086,2024-06-19,C88205,Printer,5,643.03,447 Main St,TRK93504166,5,FREESHIP,3215.15,2024,6,Wednesday,643.03,1,1.0,False,False,False,False,True,True,False,False,False,False,False,False,False,False,True
ORD200087,2024-10-10,C91245,Tablet,3,225.11,915 Main St,TRK46976391,4,SAVE10,675.33,2024,10,Thursday,225.11,1,0.75,True,False,False,False,False,False,False,False,False,True,False,True,False,False,False
ORD200088,2025-06-05,C75439,Desk,3,114.81,318 Main St,TRK19831653,7,NoCoupon,344.43,2025,6,Thursday,114.81,0,0.42857142857142855,False,False,False,True,False,True,False,False,False,False,False,False,True,False,False
ORD200089,2025-02-25,C17181,Printer,5,455.33,291 Main St,TRK78912978,8,FREESHIP,2276.65,2025,2,Tuesday,455.33000000000004,1,0.625,False,True,False,False,False,True,False,False,False,False,False,False,True,False,False
ORD200090,2023-09-18,C36540,Chair,4,182.08,611 Main St,TRK35828122,4,SAVE10,728.32,2023,9,Monday,182.08,1,1.0,False,False,False,True,False,False,True,False,False,False,True,False,False,False,False
ORD200091,2023-03-15,C98216,Laptop,5,492.75,196 Main St,TRK40986666,6,WINTER15,2463.75,2023,3,Wednesday,492.75,1,0.8333333333333334,True,False,False,False,False,False,False,False,False,True,False,False,False,False,True
ORD200092,2024-06-10,C29568,Printer,4,48.61,203 Main St,TRK46531075,7,FREESHIP,194.44,2024,6,Monday,48.61,1,0.5714285714285714,False,False,False,False,True,False,False,False,False,True,False,True,False,False,False
ORD200093,2023-01-14,C97262,Desk,4,431.01,837 Main St,TRK65990229,7,NoCoupon,1724.04,2023,1,Saturday,431.01,0,0.5714285714285714,False,True,False,False,False,False,False,False,True,False,False,False,False,False,True
ORD200094,2023-02-11,C79821,Chair,1,531.18,781 Main St,TRK12780193,6,WINTER15,531.18,2023,2,Saturday,531.18,1,0.16666666666666666,False,False,False,True,False,False,False,False,True,False,False,False,False,True,False
ORD200095,2023-03-24,C76761,Printer,4,117.51,839 Main St,TRK60179774,7,NoCoupon,470.04,2023,3,Friday,117.51,0,0.5714285714285714,False,False,True,False,False,False,False,False,True,False,False,False,False,False,True
ORD200096,2024-06-01,C93007,Phone,2,232.83,103 Main St,TRK85696091,7,NoCoupon,465.66,2024,6,Saturday,232.83,0,0.2857142857142857,False,False,False,True,False,False,True,False,False,False,False,False,False,True,False
ORD200097,2025-01-21,C15624,Tablet,5,619.52,922 Main St,TRK40621141,9,NoCoupon,3097.6,2025,1,Tuesday,619.52,0,0.5555555555555556,False,False,True,False,False,False,False,True,False,False,True,False,False,False,False
ORD200098,2023-01-14,C70921,Printer,2,228.54,533 Main St,TRK54983109,3,NoCoupon,457.08,2023,1,Saturday,228.54,0,0.6666666666666666,False,False,True,False,False,False,False,True,False,False,True,False,False,False,False
ORD200099,2025-04-12,C30477,Printer,1,201.58,717 Main St,TRK51829648,2,WINTER15,201.58,2025,4,Saturday,201.58,1,0.5,False,False,True,False,False,True,False,False,False,False,True,False,False,False,False
ORD200100,2023-02-17,C74866,Phone,3,664.79,743 Main St,TRK53783265,6,NoCoupon,1994.37,2023,2,Friday,664.79,0,0.5,False,False,False,False,True,False,True,False,False,False,False,True,False,False,False
ORD200101,2023-11-25,C15283,Printer,1,381.02,152 Main St,TRK19286291,6,NoCoupon,381.02,2023,11,Saturday,381.02,0,0.16666666666666666,True,False,False,False,False,False,False,False,False,True,False,False,True,False,False
ORD200102,2023-03-08,C18037,Laptop,2,70.34,944 Main St,TRK47362236,3,FREESHIP,140.68,2023,3,Wednesday,70.34,1,0.6666666666666666,False,False,False,True,False,True,False,False,False,False,True,False,False,False,False
ORD200103,2025-01-25,C62656,Phone,4,218.43,514 Main St,TRK86296459,9,SAVE10,873.72,2025,1,Saturday,218.43,1,0.4444444444444444,False,True,False,False,False,True,False,False,False,False,True,False,False,False,False
ORD200104,2024-07-30,C65744,Phone,1,582.04,647 Main St,TRK39906058,1,FREESHIP,582.04,2024,7,Tuesday,582.04,1,1.0,False,False,False,True,False,False,True,False,False,False,True,False,False,False,False
ORD200105,2024-10-24,C72290,Printer,3,185.4,810 Main St,TRK68792129,7,NoCoupon,556.2,2024,10,Thursday,185.4,0,0.42857142857142855,False,False,False,True,False,True,False,False,False,False,False,True,False,False,False
ORD200106,2023-09-08,C73514,Desk,3,465.05,126 Main St,TRK96777924,3,SAVE10,1395.15,2023,9,Friday,465.05,1,1.0,False,True,False,False,False,True,False,False,False,False,True,False,False,False,False
ORD200107,2023-03-27,C16775,Printer,5,670.75,848 Main St,TRK34392124,8,FREESHIP,3330.4075,2023,3,Monday,666.0815,1,0.625,False,False,False,True,False,False,False,False,False,True,False,False,False,True,False
ORD200108,2024-12-28,C33099,Laptop,5,48.38,522 Main St,TRK28522330,9,WINTER15,241.9,2024,12,Saturday,48.38,1,0.5555555555555556,False,False,False,True,False,False,True,False,False,False,True,False,False,False,False
ORD200109,2023-09-17,C51157,Desk,3,592.87,131 Main St,TRK18674578,3,FREESHIP,1778.61,2023,9,Sunday,592.87,1,1.0,False,False,False,True,False,False,False,False,False,True,False,False,False,False,True
ORD200110,2024-04-21,C74562,Tablet,1,220.77,388 Main St,TRK32062079,5,FREESHIP,220.77,2024,4,Sunday,220.77,1,0.2,False,False,False,True,False,False,False,True,False,False,False,False,False,True,False
ORD200111,2025-05-07,C95271,Desk,3,309.22,620 Main St,TRK74904969,7,FREESHIP,927.6600000000001,2025,5,Wednesday,309.22,1,0.42857142857142855,False,False,False,False,True,True,False,False,False,False,False,False,True,False,False
ORD200112,2023-01-01,C81366,Monitor,1,410.6,423 Main St,TRK17062206,2,WINTER15,410.6,2023,1,Sunday,410.6,1,0.5,False,False,False,False,True,True,False,False,False,False,False,False,False,False,True
ORD200113,2024-01-17,C65905,Laptop,5,190.08,605 Main St,TRK73954365,9,FREESHIP,950.4000000000001,2024,1,Wednesday,190.08,1,0.5555555555555556,True,False,False,False,False,False,False,False,False,True,False,False,False,True,False
ORD200114,2025-01-27,C77272,Monitor,5,498.48,115 Main St,TRK29708128,8,SAVE10,2492.4,2025,1,Monday,498.48,1,0.625,False,False,False,False,True,False,False,True,False,False,False,False,True,False,False
ORD200115,2023-11-27,C32580,Phone,5,374.99,122 Main St,TRK23670394,9,SAVE10,1874.95,2023,11,Monday,374.99,1,0.5555555555555556,False,False,False,False,True,False,False,False,False,True,False,True,False,False,False
ORD200116,2023-03-19,C47761,Printer,4,291.35,109 Main St,TRK66669207,6,WINTER15,1165.4,2023,3,Sunday,291.35,1,0.6666666666666666,False,True,False,False,False,True,False,False,False,False,False,True,False,False,False
ORD200117,2023-03-08,C49187,Tablet,1,535.5,593 Main St,TRK81888598,5,WINTER15,535.5,2023,3,Wednesday,535.5,1,0.2,False,False,False,True,False,True,False,False,False,False,False,False,False,False,True
ORD200118,2023-10-09,C27898,Printer,5,502.71,807 Main St,TRK61957665,7,FREESHIP,2513.55,2023,10,Monday,502.71000000000004,1,0.7142857142857143,False,False,False,True,False,False,False,False,False,True,False,False,True,False,False
ORD200119,2025-06-11,C14683,Desk,2,534.67,187 Main St,TRK47373682,7,FREESHIP,1069.34,2025,6,Wednesday,534.67,1,0.2857142857142857,False,False,True,False,False,False,False,False,False,True,False,False,False,False,True
ORD200120,2023-04-11,C58108,Tablet,4,629.34,986 Main St,TRK66218053,4,WINTER15,2517.36,2023,4,Tuesday,629.34,1,1.0,True,False,False,False,False,True,False,False,False,False,False,False,False,True,False
ORD200121,2023-11-30,C89822,Desk,1,410.78,673 Main St,TRK24138598,1,FREESHIP,410.78,2023,11,Thursday,410.78,1,1.0,True,False,False,False,False,True,False,False,False,False,False,False,False,True,False
ORD200122,2024-04-15,C96787,Laptop,2,533.02,588 Main St,TRK30422853,2,NoCoupon,1066.04,2024,4,Monday,533.02,0,1.0,False,False,False,True,False,False,False,False,False,True,False,True,False,False,False
ORD200123,2023-07-06,C86064,Desk,3,278.04,727 Main St,TRK62182901,5,NoCoupon,834.1200000000001,2023,7,Thursday,278.04,0,0.6,False,False,False,False,True,False,True,False,False,False,False,False,False,True,False
ORD200124,2024-07-28,C97148,Printer,4,283.79,563 Main St,TRK85321126,8,NoCoupon,1135.16,2024,7,Sunday,283.79,0,0.5,False,False,False,False,True,False,False,True,False,False,False,False,True,False,False
ORD200125,2024-11-06,C91099,Phone,2,512.65,758 Main St,TRK81846174,5,SAVE10,1025.3,2024,11,Wednesday,512.65,1,0.4,False,True,False,False,False,False,False,False,False,True,True,False,False,False,False
ORD200126,2025-05-03,C55606,Desk,4,275.5,353 Main St,TRK68250319,8,FREESHIP,1102.0,2025,5,Saturday,275.5,1,0.5,False,False,False,True,False,False,False,False,False,True,False,False,True,False,False
ORD200127,2023-08-10,C71486,Desk,3,469.32,365 Main St,TRK73929833,3,NoCoupon,1407.96,2023,8,Thursday,469.32,0,1.0,False,False,True,False,False,False,False,False,False,True,False,False,True,False,False
ORD200128,2023-02-17,C86408,Tablet,4,21.07,244 Main St,TRK41432648,4,FREESHIP,84.28,2023,2,Friday,21.07,1,1.0,False,False,False,True,False,False,True,False,False,False,False,False,True,False,False
ORD200129,2023-10-27,C52751,Laptop,4,263.93,427 Main St,TRK72481234,4,FREESHIP,1055.72,2023,10,Friday,263.93,1,1.0,False,False,True,False,False,False,False,False,False,True,False,True,False,False,False
ORD200130,2025-01-22,C29059,Desk,3,501.3,513 Main St,TRK88360704,3,WINTER15,1503.9,2025,1,Wednesday,501.3,1,1.0,False,False,False,False,True,True,False,False,False,False,False,True,False,False,False
ORD200131,2023-01-08,C72862,Tablet,1,84.8,606 Main St,TRK51648833,5,NoCoupon,84.8,2023,1,Sunday,84.8,0,0.2,False,False,False,True,False,False,False,True,False,False,False,False,False,True,False
ORD200132,2023-03-28,C96257,Tablet,4,450.75,583 Main St,TRK13137948,6,WINTER15,1803.0,2023,3,Tuesday,450.75,1,0.6666666666666666,False,True,False,False,False,False,False,False,False,True,True,False,False,False,False
ORD200133,2025-06-20,C87432,Chair,4,302.05,636 Main St,TRK68969625,6,SAVE10,1208.2,2025,6,Friday,302.05,1,0.6666666666666666,False,False,True,False,False,True,False,False,False,False,False,False,True,False,False
ORD200134,2025-06-23,C16253,Laptop,2,199.7,583 Main St,TRK17354894,4,NoCoupon,399.4,2025,6,Monday,199.7,0,0.5,True,False,False,False,False,False,False,True,False,False,True,False,False,False,False
ORD200135,2023-08-04,C79909,Printer,2,68.81,642 Main St,TRK86742257,5,SAVE10,137.62,2023,8,Friday,68.81,1,0.4,False,False,False,True,False,False,False,False,False,True,False,False,False,False,True
ORD200136,2024-04-27,C73370,Laptop,1,44.35,595 Main St,TRK67820278,1,SAVE10,44.35,2024,4,Saturday,44.35,1,1.0,False,False,False,True,False,True,False,False,False,False,False,False,False,True,False
ORD200137,2024-11-26,C50682,Monitor,2,250.98,598 Main St,TRK12242337,5,NoCoupon,501.96,2024,11,Tuesday,250.98,0,0.4,False,True,False,False,False,False,True,False,False,False,False,False,True,False,False
ORD200138,2023-12-21,C21905,Tablet,1,298.06,478 Main St,TRK31863841,3,WINTER15,298.06,2023,12,Thursday,298.06,1,0.3333333333333333,False,False,True,False,False,False,False,True,False,False,False,False,True,False,False
ORD200139,2023-04-10,C61440,Phone,1,583.9,714 Main St,TRK33114521,1,NoCoupon,583.9,2023,4,Monday,583.9,0,1.0,True,False,False,False,False,False,False,False,True,False,True,False,False,False,False
ORD200140,2025-05-31,C33110,Chair,3,528.14,388 Main St,TRK38624225,3,FREESHIP,1584.42,2025,5,Saturday,528.14,1,1.0,False,False,False,False,True,False,True,False,False,False,True,False,False,False,False
ORD200141,2023-11-18,C80004,Printer,3,684.14,151 Main St,TRK66230753,3,WINTER15,2052.42,2023,11,Saturday,684.14,1,1.0,True,False,False,False,False,True,False,False,False,False,False,False,False,True,False
ORD200142,2023-09-06,C86374,Desk,5,272.77,573 Main St,TRK79451491,7,WINTER15,1363.85,2023,9,Wednesday,272.77,1,0.7142857142857143,True,False,False,False,False,False,False,True,False,False,True,False,False,False,False
ORD200143,2024-06-13,C66521,Chair,4,400.07,933 Main St,TRK34654244,5,NoCoupon,1600.28,2024,6,Thursday,400.07,0,0.8,False,False,False,False,True,False,False,False,False,True,False,False,False,False,True
ORD200144,2023-08-04,C63365,Desk,5,219.78,895 Main St,TRK80100887,8,NoCoupon,1098.9,2023,8,Friday,219.78000000000003,0,0.625,False,True,False,False,False,False,False,True,False,False,False,True,False,False,False
ORD200145,2024-03-02,C85929,Printer,3,146.91,798 Main St,TRK29318610,6,FREESHIP,440.73,2024,3,Saturday,146.91,1,0.5,False,True,False,False,False,False,True,False,False,False,False,False,True,False,False
ORD200146,2025-04-30,C84645,Tablet,2,411.49,404 Main St,TRK68893369,4,NoCoupon,822.98,2025,4,Wednesday,411.49,0,0.5,False,True,False,False,False,False,False,False,True,False,False,False,False,True,False
ORD200147,2025-05-06,C46316,Laptop,2,465.18,893 Main St,TRK16196000,2,SAVE10,930.36,2025,5,Tuesday,465.18,1,1.0,False,True,False,False,False,True,False,False,False,False,False,False,True,False,False
ORD200148,2024-12-15,C35100,Phone,2,319.91,139 Main St,TRK56853491,3,WINTER15,639.82,2024,12,Sunday,319.91,1,0.6666666666666666,False,True,False,False,False,True,False,False,False,False,False,False,True,False,False
ORD200149,2023-12-27,C39671,Laptop,1,217.56,174 Main St,TRK47153818,3,NoCoupon,217.56,2023,12,Wednesday,217.56,0,0.3333333333333333,False,False,True,False,False,False,True,False,False,False,False,True,False,False,False
ORD200150,2023-12-13,C25503,Phone,2,105.57,981 Main St,TRK29878837,5,WINTER15,211.14,2023,12,Wednesday,105.57,1,0.4,False,False,True,False,False,False,False,False,True,False,False,False,True,False,False
ORD200151,2023-12-01,C32960,Printer,5,444.76,947 Main St,TRK91226500,7,NoCoupon,2223.8,2023,12,Friday,444.76000000000005,0,0.7142857142857143,False,False,True,False,False,False,False,False,True,False,True,False,False,False,False
ORD200152,2025-01-02,C77736,Chair,2,399.04,659 Main St,TRK90329250,3,FREESHIP,798.08,2025,1,Thursday,399.04,1,0.6666666666666666,True,False,False,False,False,True,False,False,False,False,False,False,False,False,True
ORD200153,2024-12-18,C71570,Chair,4,534.48,437 Main St,TRK95992269,9,WINTER15,2137.92,2024,12,Wednesday,534.48,1,0.4444444444444444,False,False,False,False,True,False,False,False,True,False,False,False,False,True,False
ORD200154,2023-07-20,C73587,Phone,4,408.21,727 Main St,TRK13955543,9,NoCoupon,1632.84,2023,7,Thursday,408.21,0,0.4444444444444444,False,True,False,False,False,False,False,True,False,False,False,False,False,True,False
ORD200155,2023-02-27,C62740,Phone,1,424.4,446 Main St,TRK20706408,6,WINTER15,424.4,2023,2,Monday,424.4,1,0.16666666666666666,False,False,False,False,True,False,False,False,False,True,False,False,False,False,True
ORD200156,2024-11-08,C58808,Chair,2,269.83,651 Main St,TRK24451893,4,SAVE10,539.66,2024,11,Friday,269.83,1,0.5,False,False,False,False,True,False,True,False,False,False,True,False,False,False,False
ORD200157,2025-02-21,C50422,Monitor,2,564.58,636 Main St,TRK71227815,4,WINTER15,1129.16,2025,2,Friday,564.58,1,0.5,False,False,False,False,True,False,False,False,True,False,False,True,False,False,False
ORD200158,2024-05-16,C23334,Tablet,1,331.06,737 Main St,TRK46335144,5,WINTER15,331.06,2024,5,Thursday,331.06,1,0.2,False,True,False,False,False,False,False,True,False,False,False,False,False,True,False
ORD200159,2023-10-31,C48965,Printer,1,299.35,819 Main St,TRK50921780,5,WINTER15,299.35,2023,10,Tuesday,299.35,1,0.2,False,True,False,False,False,True,False,False,False,False,True,False,False,False,False
ORD200160,2023-02-17,C38669,Monitor,4,101.32,240 Main St,TRK81738254,7,NoCoupon,405.28,2023,2,Friday,101.32,0,0.5714285714285714,True,False,False,False,False,False,False,True,False,False,False,False,False,False,True
ORD200161,2024-03-29,C35091,Monitor,1,211.14,513 Main St,TRK53784452,1,SAVE10,211.14,2024,3,Friday,211.14,1,1.0,False,True,False,False,False,True,False,False,False,False,False,True,False,False,False
ORD200162,2023-07-27,C82313,Chair,3,65.86,917 Main St,TRK79854624,8,WINTER15,197.58,2023,7,Thursday,65.86,1,0.375,False,False,False,False,True,False,False,True,False,False,False,False,True,False,False
ORD200163,2025-06-24,C99589,Tablet,1,641.39,277 Main St,TRK16695001,1,NoCoupon,641.39,2025,6,Tuesday,641.39,0,1.0,False,False,False,False,True,True,False,False,False,False,False,False,False,False,True
ORD200164,2023-12-28,C70566,Desk,5,536.58,667 Main St,TRK49673411,5,SAVE10,2682.9,2023,12,Thursday,536.58,1,1.0,False,False,False,True,False,False,False,True,False,False,False,False,True,False,False
ORD200165,2024-09-14,C60355,Monitor,2,500.29,226 Main St,TRK30155194,7,WINTER15,1000.58,2024,9,Saturday,500.29,1,0.2857142857142857,False,False,False,False,True,False,False,False,True,False,False,False,True,False,False
ORD200166,2025-03-04,C28889,Chair,3,86.29,565 Main St,TRK23791726,6,WINTER15,258.87,2025,3,Tuesday,86.29,1,0.5,True,False,False,False,False,False,True,False,False,False,False,False,False,True,False
ORD200167,2023-05-27,C88304,Chair,2,384.14,219 Main St,TRK44268941,2,WINTER15,768.28,2023,5,Saturday,384.14,1,1.0,False,False,False,False,True,False,False,False,True,False,True,False,False,False,False
ORD200168,2025-01-04,C49517,Printer,1,594.96,878 Main St,TRK78551375,6,NoCoupon,594.96,2025,1,Saturday,594.96,0,0.16666666666666666,True,False,False,False,False,False,False,False,True,False,False,True,False,False,False
ORD200169,2024-04-07,C35785,Printer,1,427.82,732 Main St,TRK78923089,2,WINTER15,427.82,2024,4,Sunday,427.82,1,0.5,False,False,False,False,True,False,True,False,False,False,True,False,False,False,False
ORD200170,2025-04-04,C80223,Desk,4,662.94,535 Main St,TRK68632951,8,SAVE10,2651.76,2025,4,Friday,662.94,1,0.5,True,False,False,False,False,True,False,False,False,False,False,False,False,True,False
ORD200171,2023-08-15,C20448,Tablet,2,148.22,336 Main St,TRK67379895,7,WINTER15,296.44,2023,8,Tuesday,148.22,1,0.2857142857142857,False,True,False,False,False,False,True,False,False,False,False,False,False,True,False
ORD200172,2025-04-06,C34134,Printer,1,254.12,365 Main St,TRK43074303,1,WINTER15,254.12,2025,4,Sunday,254.12,1,1.0,False,False,False,False,True,False,True,False,False,False,True,False,False,False,False
ORD200173,2024-03-24,C95901,Phone,3,664.46,806 Main St,TRK56989066,4,FREESHIP,1993.38,2024,3,Sunday,664.46,1,0.75,False,False,False,False,True,False,True,False,False,False,False,False,True,False,False
ORD200174,2024-04-16,C51145,Printer,4,600.81,790 Main St,TRK59154274,9,SAVE10,2403.24,2024,4,Tuesday,600.81,1,0.4444444444444444,False,False,True,False,False,False,True,False,False,False,True,False,False,False,False
ORD200175,2025-02-08,C78170,Chair,5,68.34,332 Main St,TRK71410605,6,WINTER15,341.7,2025,2,Saturday,68.34,1,0.8333333333333334,False,False,True,False,False,False,False,True,False,False,False,False,False,False,True
ORD200176,2025-06-28,C80151,Tablet,4,430.83,553 Main St,TRK88251529,8,WINTER15,1723.32,2025,6,Saturday,430.83,1,0.5,False,False,False,True,False,False,False,True,False,False,False,False,False,False,True
ORD200177,2023-08-05,C55632,Chair,5,431.69,354 Main St,TRK13003066,10,NoCoupon,2158.45,2023,8,Saturday,431.68999999999994,0,0.5,False,True,False,False,False,False,False,True,False,False,False,True,False,False,False
ORD200178,2024-04-11,C53070,Chair,4,512.06,283 Main St,TRK49791755,5,SAVE10,2048.24,2024,4,Thursday,512.06,1,0.8,False,False,False,False,True,False,True,False,False,False,False,False,True,False,False
ORD200179,2024-11-24,C27401,Laptop,3,539.91,500 Main St,TRK14332053,8,NoCoupon,1619.73,2024,11,Sunday,539.91,0,0.375,False,True,False,False,False,False,True,False,False,False,True,False,False,False,False
ORD200180,2023-03-18,C87216,Tablet,5,316.07,970 Main St,TRK18713727,10,NoCoupon,1580.35,2023,3,Saturday,316.07,0,0.5,True,False,False,False,False,False,False,False,True,False,False,False,True,False,False
ORD200181,2024-08-31,C38966,Printer,5,404.39,247 Main St,TRK17205146,10,NoCoupon,2021.95,2024,8,Saturday,404.39,0,0.5,False,False,False,False,True,False,False,False,False,True,False,False,False,False,True
ORD200182,2025-03-19,C16612,Desk,1,600.54,596 Main St,TRK96188223,4,WINTER15,600.54,2025,3,Wednesday,600.54,1,0.25,False,False,True,False,False,False,False,True,False,False,False,False,True,False,False
ORD200183,2024-04-18,C39246,Monitor,5,186.28,258 Main St,TRK16658182,8,SAVE10,931.4,2024,4,Thursday,186.28,1,0.625,False,False,True,False,False,False,True,False,False,False,True,False,False,False,False
ORD200184,2024-04-04,C65180,Tablet,4,214.54,231 Main St,TRK39255469,7,NoCoupon,858.16,2024,4,Thursday,214.54,0,0.5714285714285714,False,False,False,True,False,True,False,False,False,False,False,False,False,False,True
ORD200185,2025-02-02,C46877,Laptop,1,210.7,572 Main St,TRK96935978,2,WINTER15,210.7,2025,2,Sunday,210.7,1,0.5,False,False,False,False,True,False,False,False,False,True,False,False,False,False,True
ORD200186,2023-12-07,C30334,Phone,2,133.55,322 Main St,TRK66388885,7,FREESHIP,267.1,2023,12,Thursday,133.55,1,0.2857142857142857,True,False,False,False,False,False,False,True,False,False,False,True,False,False,False
ORD200187,2023-02-08,C21227,Chair,1,590.87,689 Main St,TRK79129657,6,FREESHIP,590.87,2023,2,Wednesday,590.87,1,0.16666666666666666,False,False,False,True,False,False,False,False,True,False,False,False,False,False,True
ORD200188,2025-03-15,C97715,Chair,2,363.91,927 Main St,TRK19515949,2,FREESHIP,727.82,2025,3,Saturday,363.91,1,1.0,False,False,False,True,False,False,False,False,False,True,False,False,False,False,True
ORD200189,2023-07-05,C48939,Printer,5,429.45,597 Main St,TRK62786764,5,WINTER15,2147.25,2023,7,Wednesday,429.45,1,1.0,False,False,False,True,False,True,False,False,False,False,True,False,False,False,False
ORD200190,2024-08-31,C35483,Printer,3,223.7,725 Main St,TRK79638203,3,SAVE10,671.0999999999999,2024,8,Saturday,223.69999999999996,1,1.0,True,False,False,False,False,False,False,False,True,False,True,False,False,False,False
ORD200191,2025-03-08,C51494,Laptop,2,488.87,505 Main St,TRK58520306,4,FREESHIP,977.74,2025,3,Saturday,488.87,1,0.5,False,False,False,False,True,True,False,False,False,False,False,False,True,False,False
ORD200192,2023-08-11,C58410,Desk,1,645.46,151 Main St,TRK19749672,5,SAVE10,645.46,2023,8,Friday,645.46,1,0.2,False,False,False,True,False,True,False,False,False,False,False,False,True,False,False
ORD200193,2023-07-21,C11644,Printer,1,46.66,429 Main St,TRK81320339,6,NoCoupon,46.66,2023,7,Friday,46.66,0,0.16666666666666666,True,False,False,False,False,True,False,False,False,False,False,False,True,False,False
ORD200194,2024-06-08,C53501,Monitor,1,249.57,899 Main St,TRK90144892,3,FREESHIP,249.57,2024,6,Saturday,249.57,1,0.3333333333333333,True,False,False,False,False,False,False,False,False,True,False,False,True,False,False
ORD200195,2024-04-22,C63619,Chair,3,619.21,801 Main St,TRK65385674,6,NoCoupon,1857.63,2024,4,Monday,619.21,0,0.5,False,False,True,False,False,True,False,False,False,False,True,False,False,False,False
ORD200196,2025-01-24,C40882,Desk,4,217.13,719 Main St,TRK64165503,8,WINTER15,868.52,2025,1,Friday,217.13,1,0.5,True,False,False,False,False,False,True,False,False,False,True,False,False,False,False
ORD200197,2023-08-27,C80135,Laptop,5,221.51,723 Main St,TRK95222269,5,WINTER15,1107.55,2023,8,Sunday,221.51,1,1.0,True,False,False,False,False,False,False,False,True,False,False,False,False,False,True
ORD200198,2024-06-11,C37594,Laptop,4,340.3,926 Main St,TRK94405162,8,SAVE10,1361.2,2024,6,Tuesday,340.3,1,0.5,True,False,False,False,False,True,False,False,False,False,False,False,False,False,True
ORD200199,2025-01-23,C87524,Phone,1,625.0,358 Main St,TRK21114341,5,WINTER15,625.0,2025,1,Thursday,625.0,1,0.2,False,False,False,False,True,False,False,False,True,False,False,False,True,False,False
ORD200200,2025-06-07,C97681,Tablet,5,433.26,895 Main St,TRK37531040,9,SAVE10,2166.3,2025,6,Saturday,433.26000000000005,1,0.5555555555555556,False,True,False,False,False,False,True,False,False,False,False,False,True,False,False
ORD200201,2023-06-18,C10126,Monitor,2,674.9,146 Main St,TRK75607531,4,SAVE10,1349.8,2023,6,Sunday,674.9,1,0.5,False,False,False,False,True,False,False,False,False,True,False,True,False,False,False
ORD200202,2025-02-06,C36938,Monitor,3,253.98,636 Main St,TRK52522904,3,FREESHIP,761.9399999999999,2025,2,Thursday,253.98,1,1.0,False,True,False,False,False,True,False,False,False,False,True,False,False,False,False
ORD200203,2025-01-21,C99173,Printer,3,356.84,172 Main St,TRK89849342,5,SAVE10,1070.52,2025,1,Tuesday,356.84,1,0.6,False,False,False,False,True,False,False,False,False,True,False,False,False,True,False
ORD200204,2023-09-05,C99775,Laptop,4,413.71,478 Main St,TRK21638425,9,FREESHIP,1654.84,2023,9,Tuesday,413.71,1,0.4444444444444444,False,False,False,True,False,True,False,False,False,False,False,True,False,False,False
ORD200205,2023-03-04,C19266,Desk,3,147.39,609 Main St,TRK58357269,3,NoCoupon,442.17,2023,3,Saturday,147.39000000000001,0,1.0,False,False,True,False,False,False,False,False,True,False,True,False,False,False,False
ORD200206,2024-04-16,C31072,Laptop,4,229.1,729 Main St,TRK77172975,8,WINTER15,916.4,2024,4,Tuesday,229.1,1,0.5,False,False,False,True,False,False,False,False,True,False,True,False,False,False,False
ORD200207,2025-03-18,C54595,Phone,1,121.96,999 Main St,TRK44416659,3,NoCoupon,121.96,2025,3,Tuesday,121.96,0,0.3333333333333333,False,False,True,False,False,False,True,False,False,False,False,False,True,False,False
ORD200208,2024-10-08,C87777,Desk,2,408.32,597 Main St,TRK29003608,3,FREESHIP,816.64,2024,10,Tuesday,408.32,1,0.6666666666666666,False,False,False,False,True,False,False,False,False,True,False,True,False,False,False
ORD200209,2023-08-29,C35854,Tablet,5,187.97,706 Main St,TRK30615168,9,SAVE10,939.85,2023,8,Tuesday,187.97,1,0.5555555555555556,True,False,False,False,False,False,False,False,True,False,False,False,True,False,False
ORD200210,2024-12-05,C93821,Chair,3,358.48,513 Main St,TRK10658539,7,FREESHIP,1075.44,2024,12,Thursday,358.48,1,0.42857142857142855,False,False,False,True,False,False,True,False,False,False,False,True,False,False,False
ORD200211,2025-01-03,C54390,Printer,3,193.58,185 Main St,TRK83853742,7,FREESHIP,580.74,2025,1,Friday,193.58,1,0.42857142857142855,False,False,False,True,False,False,False,True,False,False,True,False,False,False,False
ORD200212,2023-06-20,C53215,Monitor,1,265.38,367 Main St,TRK34751835,6,WINTER15,265.38,2023,6,Tuesday,265.38,1,0.16666666666666666,False,True,False,False,False,True,False,False,False,False,True,False,False,False,False
ORD200213,2023-04-20,C71122,Laptop,1,634.4,317 Main St,TRK54757882,6,SAVE10,634.4,2023,4,Thursday,634.4,1,0.16666666666666666,True,False,False,False,False,True,False,False,False,False,True,False,False,False,False
ORD200214,2024-08-21,C29483,Desk,4,305.72,673 Main St,TRK89423603,5,NoCoupon,1222.88,2024,8,Wednesday,305.72,0,0.8,False,False,False,False,True,False,True,False,False,False,False,True,False,False,False
ORD200215,2023-08-10,C26767,Printer,1,303.6,432 Main St,TRK24585307,5,FREESHIP,303.6,2023,8,Thursday,303.6,1,0.2,True,False,False,False,False,False,False,False,False,True,False,True,False,False,False
ORD200216,2025-04-15,C70492,Monitor,4,496.0,811 Main St,TRK84625405,8,WINTER15,1984.0,2025,4,Tuesday,496.0,1,0.5,False,False,False,False,True,True,False,False,False,False,False,False,True,False,False
ORD200217,2024-05-20,C61549,Desk,4,321.51,908 Main St,TRK65596914,9,NoCoupon,1286.04,2024,5,Monday,321.51,0,0.4444444444444444,True,False,False,False,False,False,False,False,True,False,False,False,True,False,False
ORD200218,2023-04-28,C11665,Tablet,3,112.46,882 Main St,TRK10993930,6,SAVE10,337.38,2023,4,Friday,112.46,1,0.5,False,False,False,True,False,False,False,False,False,True,False,False,False,True,False
ORD200219,2025-05-02,C48946,Laptop,5,61.97,457 Main St,TRK99387220,6,SAVE10,309.85,2025,5,Friday,61.970000000000006,1,0.8333333333333334,True,False,False,False,False,False,True,False,False,False,True,False,False,False,False
ORD200220,2023-07-18,C79506,Laptop,2,373.17,497 Main St,TRK95188748,6,SAVE10,746.34,2023,7,Tuesday,373.17,1,0.3333333333333333,False,True,False,False,False,False,False,True,False,False,False,False,False,False,True
ORD200221,2024-02-23,C93473,Tablet,5,639.37,552 Main St,TRK50003989,6,SAVE10,3196.85,2024,2,Friday,639.37,1,0.8333333333333334,False,False,True,False,False,False,False,True,False,False,False,False,True,False,False
ORD200222,2023-05-04,C43124,Chair,4,693.36,931 Main St,TRK17293348,8,NoCoupon,2773.44,2023,5,Thursday,693.36,0,0.5,False,False,False,False,True,False,False,False,False,True,False,False,False,True,False
ORD200223,2024-09-11,C22783,Phone,4,692.91,673 Main St,TRK55009149,9,SAVE10,2771.64,2024,9,Wednesday,692.91,1,0.4444444444444444,False,True,False,False,False,False,False,True,False,False,False,False,False,True,False
ORD200224,2023-09-23,C18567,Printer,4,91.46,507 Main St,TRK17554673,9,SAVE10,365.84,2023,9,Saturday,91.46,1,0.4444444444444444,True,False,False,False,False,True,False,False,False,False,False,False,False,False,True
ORD200225,2024-03-13,C99879,Phone,3,273.96,692 Main St,TRK50246700,8,SAVE10,821.8799999999999,2024,3,Wednesday,273.96,1,0.375,False,False,True,False,False,False,False,False,True,False,False,False,True,False,False
ORD200226,2025-06-27,C31501,Desk,3,588.05,242 Main St,TRK93063929,8,NoCoupon,1764.15,2025,6,Friday,588.0500000000001,0,0.375,False,False,False,True,False,False,True,False,False,False,False,False,False,True,False
ORD200227,2023-11-02,C93220,Monitor,2,365.17,353 Main St,TRK89023251,4,FREESHIP,730.34,2023,11,Thursday,365.17,1,0.5,False,False,False,False,True,True,False,False,False,False,False,True,False,False,False
ORD200228,2023-05-17,C57867,Chair,4,385.92,579 Main St,TRK92055007,8,NoCoupon,1543.68,2023,5,Wednesday,385.92,0,0.5,False,True,False,False,False,True,False,False,False,False,False,False,False,True,False
ORD200229,2025-03-28,C62622,Tablet,1,562.61,762 Main St,TRK70997648,3,WINTER15,562.61,2025,3,Friday,562.61,1,0.3333333333333333,False,True,False,False,False,False,True,False,False,False,False,True,False,False,False
ORD200230,2023-12-16,C94595,Desk,4,61.91,948 Main St,TRK24497305,6,WINTER15,247.64,2023,12,Saturday,61.91,1,0.6666666666666666,False,False,False,True,False,False,True,False,False,False,True,False,False,False,False
ORD200231,2023-11-05,C30955,Phone,4,41.9,327 Main St,TRK46898848,9,FREESHIP,167.6,2023,11,Sunday,41.9,1,0.4444444444444444,False,False,False,True,False,False,False,True,False,False,False,False,False,True,False
ORD200232,2023-05-19,C20731,Printer,4,444.44,610 Main St,TRK75568437,8,WINTER15,1777.76,2023,5,Friday,444.44,1,0.5,False,False,True,False,False,True,False,False,False,False,False,False,True,False,False
ORD200233,2024-08-24,C30168,Phone,3,311.33,146 Main St,TRK73699939,3,WINTER15,933.99,2024,8,Saturday,311.33,1,1.0,True,False,False,False,False,True,False,False,False,False,False,False,False,True,False
ORD200234,2024-11-26,C79842,Printer,4,236.41,337 Main St,TRK26957950,7,SAVE10,945.64,2024,11,Tuesday,236.41,1,0.5714285714285714,False,False,True,False,False,False,False,True,False,False,False,False,True,False,False
ORD200235,2023-02-20,C32854,Desk,1,65.45,815 Main St,TRK30009218,2,WINTER15,65.45,2023,2,Monday,65.45,1,0.5,True,False,False,False,False,False,False,True,False,False,False,False,True,False,False
ORD200236,2023-01-01,C14847,Monitor,1,318.81,562 Main St,TRK39663243,3,WINTER15,318.81,2023,1,Sunday,318.81,1,0.3333333333333333,False,False,True,False,False,False,False,True,False,False,True,False,False,False,False
ORD200237,2024-03-14,C88645,Monitor,3,583.72,783 Main St,TRK74097570,5,FREESHIP,1751.16,2024,3,Thursday,583.72,1,0.6,False,True,False,False,False,False,False,False,False,True,False,True,False,False,False
ORD200238,2024-12-13,C66149,Desk,4,384.32,770 Main St,TRK76307307,6,WINTER15,1537.28,2024,12,Friday,384.32,1,0.6666666666666666,False,True,False,False,False,False,False,True,False,False,False,False,True,False,False
ORD200239,2024-12-11,C20256,Tablet,3,538.74,456 Main St,TRK71127943,6,FREESHIP,1616.22,2024,12,Wednesday,538.74,1,0.5,False,False,False,False,True,False,False,False,False,True,True,False,False,False,False
ORD200240,2023-07-12,C14983,Tablet,1,17.24,255 Main St,TRK93444157,2,FREESHIP,17.24,2023,7,Wednesday,17.24,1,0.5,False,False,False,False,True,False,False,True,False,False,False,False,False,True,False
ORD200241,2023-05-16,C20817,Chair,5,615.67,407 Main St,TRK44164590,6,SAVE10,3078.35,2023,5,Tuesday,615.67,1,0.8333333333333334,False,False,False,False,True,False,False,True,False,False,True,False,False,False,False
ORD200242,2023-05-09,C94921,Printer,2,219.1,134 Main St,TRK97794327,4,SAVE10,438.2,2023,5,Tuesday,219.1,1,0.5,False,False,False,False,True,False,False,True,False,False,False,False,False,False,True
ORD200243,2025-05-09,C54725,Chair,2,144.66,506 Main St,TRK30601940,7,FREESHIP,289.32,2025,5,Friday,144.66,1,0.2857142857142857,False,False,False,False,True,True,False,False,False,False,False,False,True,False,False
ORD200244,2023-02-16,C98096,Desk,2,317.77,838 Main St,TRK51518631,4,WINTER15,635.54,2023,2,Thursday,317.77,1,0.5,False,False,True,False,False,True,False,False,False,False,False,True,False,False,False
ORD200245,2025-04-20,C12667,Laptop,1,223.3,306 Main St,TRK25390491,1,NoCoupon,223.3,2025,4,Sunday,223.3,0,1.0,False,False,False,False,True,False,False,False,True,False,False,True,False,False,False
ORD200246,2024-08-30,C55354,Desk,2,342.11,164 Main St,TRK15439493,2,WINTER15,684.22,2024,8,Friday,342.11,1,1.0,False,False,False,True,False,False,False,False,False,True,False,False,False,True,False
ORD200247,2023-07-20,C14600,Printer,2,220.9,785 Main St,TRK84984764,4,NoCoupon,441.8,2023,7,Thursday,220.9,0,0.5,False,False,False,True,False,False,False,False,False,True,True,False,False,False,False
ORD200248,2023-07-02,C97187,Laptop,1,670.54,471 Main St,TRK62283713,6,FREESHIP,670.54,2023,7,Sunday,670.54,1,0.16666666666666666,True,False,False,False,False,False,False,False,False,True,False,False,False,False,True
ORD200249,2024-02-07,C39106,Printer,1,546.19,245 Main St,TRK35464433,5,FREESHIP,546.19,2024,2,Wednesday,546.19,1,0.2,True,False,False,False,False,False,False,True,False,False,False,False,False,False,True
ORD200250,2023-04-05,C93379,Desk,3,42.95,318 Main St,TRK67954150,8,SAVE10,128.85,2023,4,Wednesday,42.949999999999996,1,0.375,False,False,False,True,False,False,False,False,True,False,True,False,False,False,False
ORD200251,2025-05-15,C93175,Monitor,4,14.69,814 Main St,TRK32995144,9,NoCoupon,58.76,2025,5,Thursday,14.69,0,0.4444444444444444,True,False,False,False,False,True,False,False,False,False,True,False,False,False,False
ORD200252,2024-09-20,C19648,Phone,4,668.36,821 Main St,TRK51297879,5,FREESHIP,2673.44,2024,9,Friday,668.36,1,0.8,False,False,False,True,False,True,False,False,False,False,False,True,False,False,False
ORD200253,2024-03-23,C14891,Chair,4,413.74,743 Main St,TRK79471534,7,FREESHIP,1654.96,2024,3,Saturday,413.74,1,0.5714285714285714,False,False,False,True,False,False,False,False,True,False,False,False,False,True,False
ORD200254,2023-12-26,C10866,Monitor,3,263.19,770 Main St,TRK34809583,5,NoCoupon,789.5699999999999,2023,12,Tuesday,263.19,0,0.6,False,False,False,False,True,False,True,False,False,False,False,False,False,True,False
ORD200255,2024-05-13,C47283,Monitor,1,263.96,806 Main St,TRK56235117,2,SAVE10,263.96,2024,5,Monday,263.96,1,0.5,False,False,False,True,False,False,False,False,True,False,False,False,True,False,False
ORD200256,2025-06-30,C94323,Chair,5,75.81,463 Main St,TRK22663277,10,WINTER15,379.05,2025,6,Monday,75.81,1,0.5,False,False,False,True,False,False,False,False,True,False,False,False,False,True,False
ORD200257,2024-04-23,C89732,Phone,1,406.22,712 Main St,TRK41059233,5,SAVE10,406.22,2024,4,Tuesday,406.22,1,0.2,False,True,False,False,False,True,False,False,False,False,False,False,False,False,True
ORD200258,2024-02-26,C87764,Tablet,2,103.41,294 Main St,TRK94082469,2,FREESHIP,206.82,2024,2,Monday,103.41,1,1.0,False,False,False,False,True,False,False,False,False,True,False,False,False,False,True
ORD200259,2023-06-11,C20977,Chair,4,435.12,636 Main St,TRK54991561,9,SAVE10,1740.48,2023,6,Sunday,435.12,1,0.4444444444444444,False,True,False,False,False,False,True,False,False,False,False,False,False,True,False
ORD200260,2023-05-17,C12245,Monitor,2,407.79,153 Main St,TRK22000463,3,NoCoupon,815.58,2023,5,Wednesday,407.79,0,0.6666666666666666,False,False,True,False,False,False,False,False,False,True,False,False,True,False,False
ORD200261,2025-05-28,C68976,Phone,5,173.65,460 Main St,TRK25491356,9,SAVE10,868.25,2025,5,Wednesday,173.65,1,0.5555555555555556,False,False,False,True,False,False,True,False,False,False,True,False,False,False,False
ORD200262,2023-01-10,C69476,Phone,4,249.07,642 Main St,TRK65869386,5,WINTER15,996.28,2023,1,Tuesday,249.07,1,0.8,False,True,False,False,False,False,False,False,True,False,False,False,False,False,True
ORD200263,2023-03-25,C71040,Phone,4,434.85,250 Main St,TRK41397604,4,WINTER15,1739.4,2023,3,Saturday,434.85,1,1.0,False,True,False,False,False,False,False,True,False,False,False,False,True,False,False
ORD200264,2024-08-03,C71035,Tablet,1,436.77,977 Main St,TRK19599578,5,FREESHIP,436.77,2024,8,Saturday,436.77,1,0.2,True,False,False,False,False,False,False,False,True,False,False,False,True,False,False
ORD200265,2023-12-22,C20752,Printer,1,572.13,150 Main St,TRK22298450,4,SAVE10,572.13,2023,12,Friday,572.13,1,0.25,False,False,True,False,False,True,False,False,False,False,False,False,True,False,False
ORD200266,2024-06-08,C38840,Chair,4,583.07,589 Main St,TRK48484633,6,FREESHIP,2332.28,2024,6,Saturday,583.07,1,0.6666666666666666,False,True,False,False,False,True,False,False,False,False,False,False,False,False,True
ORD200267,2025-04-17,C84480,Chair,5,468.51,803 Main St,TRK62361867,9,NoCoupon,2342.55,2025,4,Thursday,468.51000000000005,0,0.5555555555555556,False,False,True,False,False,False,True,False,False,False,False,True,False,False,False
ORD200268,2023-08-11,C37032,Phone,2,423.88,655 Main St,TRK48639226,7,SAVE10,847.76,2023,8,Friday,423.88,1,0.2857142857142857,False,False,True,False,False,False,True,False,False,False,False,False,False,False,True
ORD200269,2023-11-25,C48942,Tablet,4,663.67,129 Main St,TRK29355120,7,FREESHIP,2654.68,2023,11,Saturday,663.67,1,0.5714285714285714,False,True,False,False,False,False,False,True,False,False,False,False,True,False,False
ORD200270,2023-06-04,C13540,Printer,4,309.91,127 Main St,TRK81087373,5,WINTER15,1239.64,2023,6,Sunday,309.91,1,0.8,False,False,True,False,False,False,False,False,False,True,False,False,True,False,False
ORD200271,2023-03-28,C59572,Monitor,1,542.07,791 Main St,TRK16792991,6,WINTER15,542.07,2023,3,Tuesday,542.07,1,0.16666666666666666,True,False,False,False,False,False,False,False,False,True,False,False,False,False,True
ORD200272,2023-09-19,C29758,Chair,2,399.32,119 Main St,TRK12990043,6,WINTER15,798.64,2023,9,Tuesday,399.32,1,0.3333333333333333,False,False,False,False,True,False,False,True,False,False,False,False,False,True,False
ORD200273,2024-10-27,C11849,Tablet,2,238.25,974 Main St,TRK91195261,7,FREESHIP,476.5,2024,10,Sunday,238.25,1,0.2857142857142857,False,False,False,False,True,True,False,False,False,False,True,False,False,False,False
ORD200274,2023-02-04,C50967,Phone,2,182.4,884 Main St,TRK65300814,5,SAVE10,364.8,2023,2,Saturday,182.4,1,0.4,False,False,False,True,False,True,False,False,False,False,False,False,False,False,True
ORD200275,2023-11-04,C80735,Chair,2,65.07,360 Main St,TRK99880231,4,SAVE10,130.14,2023,11,Saturday,65.07,1,0.5,False,True,False,False,False,True,False,False,False,False,False,False,True,False,False
ORD200276,2025-03-29,C99050,Printer,2,600.57,654 Main St,TRK56927089,3,WINTER15,1201.14,2025,3,Saturday,600.57,1,0.6666666666666666,False,False,True,False,False,False,False,False,True,False,False,False,False,True,False
ORD200277,2024-09-09,C11210,Chair,5,90.92,910 Main St,TRK44929965,9,SAVE10,454.6,2024,9,Monday,90.92,1,0.5555555555555556,False,True,False,False,False,False,True,False,False,False,False,True,False,False,False
ORD200278,2024-11-18,C46015,Laptop,5,362.46,299 Main St,TRK46598430,6,FREESHIP,1812.3,2024,11,Monday,362.46,1,0.8333333333333334,True,False,False,False,False,False,True,False,False,False,False,False,False,True,False
ORD200279,2023-10-20,C69167,Chair,3,55.01,263 Main St,TRK12425655,7,WINTER15,165.03,2023,10,Friday,55.01,1,0.42857142857142855,False,False,False,False,True,False,False,True,False,False,True,False,False,False,False
ORD200280,2023-03-27,C55388,Tablet,3,404.62,740 Main St,TRK75741001,6,FREESHIP,1213.86,2023,3,Monday,404.61999999999995,1,0.5,False,False,False,True,False,False,True,False,False,False,False,False,False,True,False
ORD200281,2023-07-27,C87181,Desk,4,654.79,195 Main St,TRK60093390,9,NoCoupon,2619.16,2023,7,Thursday,654.79,0,0.4444444444444444,True,False,False,False,False,False,False,True,False,False,False,False,False,False,True
ORD200282,2025-04-22,C30411,Printer,4,637.79,375 Main St,TRK71810536,9,FREESHIP,2551.16,2025,4,Tuesday,637.79,1,0.4444444444444444,False,False,False,True,False,True,False,False,False,False,False,False,True,False,False
ORD200283,2025-02-28,C39638,Laptop,4,540.33,990 Main St,TRK69745608,6,NoCoupon,2161.32,2025,2,Friday,540.33,0,0.6666666666666666,True,False,False,False,False,False,False,False,False,True,False,False,True,False,False
ORD200284,2023-02-16,C27203,Laptop,5,208.17,516 Main St,TRK22023906,6,SAVE10,1040.85,2023,2,Thursday,208.17,1,0.8333333333333334,False,True,False,False,False,False,False,False,True,False,False,True,False,False,False
ORD200285,2025-06-10,C67583,Phone,1,338.31,974 Main St,TRK93281700,3,NoCoupon,338.31,2025,6,Tuesday,338.31,0,0.3333333333333333,False,False,False,False,True,False,True,False,False,False,False,False,True,False,False
ORD200286,2025-04-07,C70554,Monitor,3,139.45,187 Main St,TRK61086952,8,WINTER15,418.35,2025,4,Monday,139.45000000000002,1,0.375,False,False,False,True,False,False,False,False,True,False,False,False,True,False,False
ORD200287,2023-11-24,C70437,Chair,4,655.18,630 Main St,TRK26628830,5,NoCoupon,2620.72,2023,11,Friday,655.18,0,0.8,False,False,False,False,True,False,False,False,False,True,False,True,False,False,False
ORD200288,2023-03-12,C97643,Laptop,4,512.75,537 Main St,TRK60831391,8,WINTER15,2051.0,2023,3,Sunday,512.75,1,0.5,False,False,True,False,False,False,False,False,True,False,False,False,True,False,False
ORD200289,2023-07-26,C17136,Chair,4,160.49,333 Main St,TRK55362541,8,WINTER15,641.96,2023,7,Wednesday,160.49,1,0.5,False,True,False,False,False,False,False,False,False,True,False,False,False,False,True
ORD200290,2023-05-05,C24901,Chair,3,99.9,258 Main St,TRK14029489,8,FREESHIP,299.7,2023,5,Friday,99.89999999999999,1,0.375,True,False,False,False,False,False,True,False,False,False,False,True,False,False,False
ORD200291,2024-05-12,C61521,Phone,2,345.01,670 Main St,TRK93676567,6,FREESHIP,690.02,2024,5,Sunday,345.01,1,0.3333333333333333,False,True,False,False,False,False,True,False,False,False,False,False,True,False,False
ORD200292,2025-01-15,C39639,Monitor,1,65.95,185 Main St,TRK31042152,5,NoCoupon,65.95,2025,1,Wednesday,65.95,0,0.2,False,True,False,False,False,False,True,False,False,False,False,True,False,False,False
ORD200293,2023-02-16,C33220,Tablet,4,463.04,564 Main St,TRK40450219,9,NoCoupon,1852.16,2023,2,Thursday,463.04,0,0.4444444444444444,False,False,False,True,False,False,False,False,True,False,False,False,False,True,False
ORD200294,2025-04-01,C65414,Phone,2,297.71,208 Main St,TRK67562517,7,SAVE10,595.42,2025,4,Tuesday,297.71,1,0.2857142857142857,False,False,False,False,True,False,False,False,False,True,False,False,False,False,True
ORD200295,2023-01-25,C49009,Printer,5,107.48,278 Main St,TRK46285799,9,FREESHIP,537.4,2023,1,Wednesday,107.47999999999999,1,0.5555555555555556,False,False,True,False,False,True,False,False,False,False,True,False,False,False,False
ORD200296,2024-06-19,C48453,Desk,5,638.8,434 Main St,TRK52110494,10,WINTER15,3194.0,2024,6,Wednesday,638.8,1,0.5,False,False,True,False,False,True,False,False,False,False,False,False,False,False,True
ORD200297,2023-02-22,C68078,Desk,2,493.88,252 Main St,TRK64862812,7,SAVE10,987.76,2023,2,Wednesday,493.88,1,0.2857142857142857,False,True,False,False,False,False,False,False,True,False,False,False,False,True,False
ORD200298,2023-12-19,C19402,Printer,4,301.17,267 Main St,TRK97825212,6,NoCoupon,1204.68,2023,12,Tuesday,301.17,0,0.6666666666666666,False,False,False,False,True,True,False,False,False,False,True,False,False,False,False
ORD200299,2024-01-20,C30711,Monitor,1,278.66,856 Main St,TRK42696593,2,FREESHIP,278.66,2024,1,Saturday,278.66,1,0.5,False,False,False,True,False,True,False,False,False,False,False,False,False,True,False
ORD200300,2024-09-02,C39000,Phone,1,287.46,894 Main St,TRK33753945,3,FREESHIP,287.46,2024,9,Monday,287.46,1,0.3333333333333333,False,False,True,False,False,False,False,False,True,False,False,True,False,False,False
ORD200301,2023-05-11,C31105,Chair,1,583.99,726 Main St,TRK40149095,2,SAVE10,583.99,2023,5,Thursday,583.99,1,0.5,True,False,False,False,False,True,False,False,False,False,True,False,False,False,False
ORD200302,2023-05-16,C29432,Chair,3,468.74,121 Main St,TRK44142517,4,FREESHIP,1406.22,2023,5,Tuesday,468.74,1,0.75,True,False,False,False,False,False,False,True,False,False,False,False,False,True,False
ORD200303,2024-12-07,C48531,Tablet,1,30.54,368 Main St,TRK95462192,1,NoCoupon,30.54,2024,12,Saturday,30.54,0,1.0,False,False,True,False,False,False,False,False,True,False,False,False,True,False,False
ORD200304,2024-10-18,C86762,Monitor,5,408.73,326 Main St,TRK75686292,10,FREESHIP,2043.65,2024,10,Friday,408.73,1,0.5,False,False,False,True,False,False,True,False,False,False,False,False,False,True,False
ORD200305,2023-11-25,C63822,Laptop,4,126.89,235 Main St,TRK59353216,9,FREESHIP,507.56,2023,11,Saturday,126.89,1,0.4444444444444444,True,False,False,False,False,False,False,True,False,False,False,False,False,True,False
ORD200306,2024-06-07,C70495,Printer,2,57.07,238 Main St,TRK65511225,3,SAVE10,114.14,2024,6,Friday,57.07,1,0.6666666666666666,False,False,True,False,False,False,False,False,True,False,False,False,False,True,False
ORD200307,2023-07-01,C92407,Laptop,3,557.41,135 Main St,TRK11755610,4,NoCoupon,1672.23,2023,7,Saturday,557.41,0,0.75,False,False,False,False,True,False,True,False,False,False,True,False,False,False,False
ORD200308,2023-12-11,C75888,Printer,3,448.9,790 Main St,TRK98467398,7,SAVE10,1346.7,2023,12,Monday,448.90000000000003,1,0.42857142857142855,False,False,True,False,False,False,False,False,True,False,False,False,False,True,False
ORD200309,2023-10-03,C63153,Chair,4,549.76,625 Main St,TRK38033305,4,FREESHIP,2199.04,2023,10,Tuesday,549.76,1,1.0,False,False,True,False,False,False,True,False,False,False,False,True,False,False,False
ORD200310,2024-02-24,C85863,Printer,3,132.48,968 Main St,TRK16094218,4,NoCoupon,397.4399999999999,2024,2,Saturday,132.47999999999996,0,0.75,False,False,False,False,True,False,False,False,False,True,False,False,False,False,True
ORD200311,2025-05-17,C71698,Desk,5,489.37,274 Main St,TRK34786818,8,NoCoupon,2446.85,2025,5,Saturday,489.37,0,0.625,False,False,False,False,True,False,False,False,True,False,False,False,False,True,False
ORD200312,2025-05-24,C35397,Printer,5,66.31,579 Main St,TRK64742535,7,FREESHIP,331.55,2025,5,Saturday,66.31,1,0.7142857142857143,False,False,False,True,False,False,False,True,False,False,False,False,False,False,True
ORD200313,2023-07-09,C67687,Chair,2,434.3,978 Main St,TRK22838735,7,SAVE10,868.6,2023,7,Sunday,434.3,1,0.2857142857142857,True,False,False,False,False,False,True,False,False,False,False,False,False,True,False
ORD200314,2023-10-04,C29931,Desk,4,153.09,540 Main St,TRK48712417,4,FREESHIP,612.36,2023,10,Wednesday,153.09,1,1.0,False,False,False,False,True,False,True,False,False,False,False,False,False,False,True
ORD200315,2025-05-12,C59139,Tablet,5,91.67,301 Main St,TRK45507090,9,FREESHIP,458.35,2025,5,Monday,91.67,1,0.5555555555555556,False,False,False,False,True,True,False,False,False,False,True,False,False,False,False
ORD200316,2023-10-02,C66078,Desk,4,275.28,101 Main St,TRK86474559,9,WINTER15,1101.12,2023,10,Monday,275.28,1,0.4444444444444444,False,False,False,True,False,False,False,False,False,True,False,True,False,False,False
ORD200317,2023-04-10,C88370,Monitor,2,139.95,339 Main St,TRK22575151,5,NoCoupon,279.9,2023,4,Monday,139.95,0,0.4,False,False,False,False,True,False,False,False,True,False,False,False,False,True,False
ORD200318,2024-07-27,C93375,Chair,3,148.72,317 Main St,TRK95706967,7,SAVE10,446.16,2024,7,Saturday,148.72,1,0.42857142857142855,False,False,True,False,False,True,False,False,False,False,False,False,True,False,False
ORD200319,2023-12-02,C53049,Laptop,2,563.06,413 Main St,TRK48974907,6,NoCoupon,1126.12,2023,12,Saturday,563.06,0,0.3333333333333333,True,False,False,False,False,False,False,False,True,False,False,False,False,True,False
ORD200320,2024-12-19,C55590,Printer,1,625.51,772 Main St,TRK48792951,1,FREESHIP,625.51,2024,12,Thursday,625.51,1,1.0,False,True,False,False,False,False,False,False,False,True,False,True,False,False,False
ORD200321,2023-08-09,C47086,Phone,4,152.29,135 Main St,TRK44194358,6,WINTER15,609.16,2023,8,Wednesday,152.29,1,0.6666666666666666,False,False,True,False,False,True,False,False,False,False,False,False,True,False,False
ORD200322,2024-06-14,C48646,Phone,5,231.82,339 Main St,TRK18233748,6,SAVE10,1159.1,2024,6,Friday,231.82,1,0.8333333333333334,False,False,True,False,False,False,True,False,False,False,False,True,False,False,False
ORD200323,2025-01-26,C29416,Laptop,1,150.17,414 Main St,TRK63820842,1,SAVE10,150.17,2025,1,Sunday,150.17,1,1.0,False,False,True,False,False,False,False,False,True,False,False,False,False,False,True
ORD200324,2024-06-13,C13525,Tablet,3,70.93,847 Main St,TRK70193221,5,NoCoupon,212.79,2024,6,Thursday,70.92999999999999,0,0.6,False,False,True,False,False,False,False,False,True,False,False,False,False,False,True
ORD200325,2023-06-29,C53545,Desk,3,361.39,665 Main St,TRK61123177,8,NoCoupon,1084.17,2023,6,Thursday,361.39000000000004,0,0.375,False,True,False,False,False,False,False,False,False,True,False,False,False,False,True
ORD200326,2024-07-01,C65986,Laptop,5,670.48,273 Main St,TRK98353867,5,SAVE10,3330.4075,2024,7,Monday,666.0815,1,1.0,False,False,False,True,False,False,False,False,True,False,False,True,False,False,False
ORD200327,2023-07-25,C17302,Phone,1,359.99,385 Main St,TRK43940016,5,SAVE10,359.99,2023,7,Tuesday,359.99,1,0.2,False,False,False,True,False,True,False,False,False,False,True,False,False,False,False
ORD200328,2023-02-28,C18404,Tablet,5,674.04,546 Main St,TRK89401624,7,SAVE10,3330.4075,2023,2,Tuesday,666.0815,1,0.7142857142857143,False,False,False,False,True,True,False,False,False,False,False,False,True,False,False
ORD200329,2024-12-25,C88371,Chair,4,283.16,306 Main St,TRK63224811,6,NoCoupon,1132.64,2024,12,Wednesday,283.16,0,0.6666666666666666,False,True,False,False,False,False,False,False,False,True,False,False,True,False,False
ORD200330,2024-06-02,C38068,Desk,5,260.53,532 Main St,TRK54059198,5,SAVE10,1302.65,2024,6,Sunday,260.53000000000003,1,1.0,False,False,False,True,False,False,False,True,False,False,False,False,False,True,False
ORD200331,2023-04-15,C78724,Printer,3,422.13,187 Main St,TRK25703134,7,SAVE10,1266.39,2023,4,Saturday,422.13000000000005,1,0.42857142857142855,False,False,False,False,True,False,True,False,False,False,False,True,False,False,False
ORD200332,2024-07-03,C26163,Desk,5,125.02,607 Main St,TRK67499316,9,SAVE10,625.1,2024,7,Wednesday,125.02000000000001,1,0.5555555555555556,False,False,True,False,False,False,False,True,False,False,False,False,True,False,False
ORD200333,2024-04-16,C87124,Phone,1,198.51,818 Main St,TRK52086740,5,WINTER15,198.51,2024,4,Tuesday,198.51,1,0.2,False,True,False,False,False,False,False,False,True,False,False,False,False,True,False
ORD200334,2024-03-26,C90348,Chair,4,224.75,728 Main St,TRK20635777,7,WINTER15,899.0,2024,3,Tuesday,224.75,1,0.5714285714285714,False,False,False,False,True,False,True,False,False,False,False,True,False,False,False
ORD200335,2025-03-03,C58721,Tablet,3,205.86,978 Main St,TRK34801199,4,NoCoupon,617.58,2025,3,Monday,205.86,0,0.75,False,False,False,True,False,False,False,False,False,True,True,False,False,False,False
ORD200336,2023-12-29,C88174,Laptop,1,18.2,441 Main St,TRK10143345,4,SAVE10,18.2,2023,12,Friday,18.2,1,0.25,False,False,True,False,False,False,False,True,False,False,False,False,False,True,False
ORD200337,2023-05-29,C77763,Tablet,3,502.77,599 Main St,TRK66980447,8,WINTER15,1508.31,2023,5,Monday,502.77,1,0.375,False,False,True,False,False,False,False,False,True,False,True,False,False,False,False
ORD200338,2023-11-08,C53627,Phone,5,305.49,704 Main St,TRK64112352,10,NoCoupon,1527.45,2023,11,Wednesday,305.49,0,0.5,False,False,True,False,False,False,False,False,False,True,False,False,False,False,True
ORD200339,2024-04-10,C84563,Printer,2,236.33,398 Main St,TRK62422797,3,SAVE10,472.66,2024,4,Wednesday,236.33,1,0.6666666666666666,False,False,False,False,True,False,False,True,False,False,False,False,False,True,False
ORD200340,2023-04-23,C76207,Laptop,5,521.25,826 Main St,TRK25569378,8,NoCoupon,2606.25,2023,4,Sunday,521.25,0,0.625,True,False,False,False,False,True,False,False,False,False,True,False,False,False,False
ORD200341,2024-09-23,C94671,Tablet,1,167.15,293 Main St,TRK61357272,5,WINTER15,167.15,2024,9,Monday,167.15,1,0.2,False,False,False,True,False,False,False,False,False,True,True,False,False,False,False
ORD200342,2025-06-24,C69994,Monitor,5,466.42,619 Main St,TRK95935805,5,NoCoupon,2332.1,2025,6,Tuesday,466.41999999999996,0,1.0,False,False,False,True,False,False,False,False,True,False,False,False,False,False,True
ORD200343,2023-02-26,C64638,Printer,1,527.57,919 Main St,TRK64087938,3,FREESHIP,527.57,2023,2,Sunday,527.57,1,0.3333333333333333,False,False,True,False,False,False,False,True,False,False,False,True,False,False,False
ORD200344,2025-03-06,C95623,Tablet,3,623.34,248 Main St,TRK67558189,3,SAVE10,1870.02,2025,3,Thursday,623.34,1,1.0,False,False,False,False,True,True,False,False,False,False,False,False,False,True,False
ORD200345,2023-12-07,C24751,Tablet,5,501.26,259 Main St,TRK37285406,10,FREESHIP,2506.3,2023,12,Thursday,501.26000000000005,1,0.5,False,False,False,True,False,False,False,False,False,True,False,False,False,False,True
ORD200346,2024-12-06,C31764,Tablet,1,655.09,876 Main St,TRK44680433,6,NoCoupon,655.09,2024,12,Friday,655.09,0,0.16666666666666666,True,False,False,False,False,False,False,True,False,False,False,False,False,False,True
ORD200347,2024-02-03,C83556,Printer,4,264.79,380 Main St,TRK21109187,5,SAVE10,1059.16,2024,2,Saturday,264.79,1,0.8,False,True,False,False,False,False,False,True,False,False,False,False,True,False,False
ORD200348,2024-03-13,C24369,Laptop,3,359.73,885 Main St,TRK72633998,7,FREESHIP,1079.19,2024,3,Wednesday,359.73,1,0.42857142857142855,False,False,True,False,False,False,False,False,True,False,True,False,False,False,False
ORD200349,2023-11-30,C39648,Chair,1,465.33,824 Main St,TRK56016905,2,FREESHIP,465.33,2023,11,Thursday,465.33,1,0.5,False,False,False,True,False,False,True,False,False,False,False,False,True,False,False
ORD200350,2023-06-03,C13296,Chair,2,54.41,495 Main St,TRK60127216,6,NoCoupon,108.82,2023,6,Saturday,54.41,0,0.3333333333333333,False,False,False,False,True,False,False,False,False,True,False,False,False,True,False
ORD200351,2025-02-15,C94248,Laptop,1,64.66,494 Main St,TRK89406816,4,NoCoupon,64.66,2025,2,Saturday,64.66,0,0.25,False,False,True,False,False,False,True,False,False,False,False,False,False,True,False
ORD200352,2023-08-31,C26637,Chair,5,173.96,995 Main St,TRK59546992,8,WINTER15,869.8000000000001,2023,8,Thursday,173.96,1,0.625,False,False,True,False,False,False,False,True,False,False,False,False,False,True,False
ORD200353,2025-03-28,C16012,Tablet,1,630.82,171 Main St,TRK15195225,5,FREESHIP,630.82,2025,3,Friday,630.82,1,0.2,False,False,False,False,True,False,True,False,False,False,False,False,True,False,False
ORD200354,2023-07-11,C31772,Phone,1,693.41,992 Main St,TRK11970357,4,NoCoupon,693.41,2023,7,Tuesday,693.41,0,0.25,False,False,True,False,False,False,False,False,False,True,False,False,False,True,False
ORD200355,2025-06-03,C18353,Tablet,3,433.33,677 Main St,TRK78766533,4,FREESHIP,1299.99,2025,6,Tuesday,433.33,1,0.75,False,True,False,False,False,True,False,False,False,False,False,False,False,False,True
ORD200356,2023-05-06,C26966,Printer,5,374.58,907 Main St,TRK83889574,10,FREESHIP,1872.9,2023,5,Saturday,374.58000000000004,1,0.5,False,False,False,True,False,True,False,False,False,False,False,False,False,True,False
ORD200357,2023-07-08,C74982,Laptop,5,408.56,398 Main St,TRK98700702,8,FREESHIP,2042.8,2023,7,Saturday,408.56,1,0.625,False,False,True,False,False,False,True,False,False,False,False,False,False,True,False
ORD200358,2024-04-07,C70633,Tablet,2,183.67,747 Main St,TRK82540521,3,SAVE10,367.34,2024,4,Sunday,183.67,1,0.6666666666666666,False,False,False,False,True,True,False,False,False,False,False,False,True,False,False
ORD200359,2023-06-09,C95643,Desk,4,606.57,303 Main St,TRK23286689,5,WINTER15,2426.28,2023,6,Friday,606.57,1,0.8,False,False,True,False,False,False,True,False,False,False,False,False,False,False,True
ORD200360,2024-06-06,C53810,Phone,4,589.57,779 Main St,TRK34630612,8,NoCoupon,2358.28,2024,6,Thursday,589.57,0,0.5,True,False,False,False,False,False,False,True,False,False,False,False,False,True,False
ORD200361,2024-06-29,C53464,Printer,5,659.85,197 Main St,TRK32743531,9,SAVE10,3299.25,2024,6,Saturday,659.85,1,0.5555555555555556,False,True,False,False,False,False,True,False,False,False,False,True,False,False,False
ORD200362,2023-06-27,C53697,Monitor,4,206.84,312 Main St,TRK60476656,5,WINTER15,827.36,2023,6,Tuesday,206.84,1,0.8,True,False,False,False,False,True,False,False,False,False,False,False,False,True,False
ORD200363,2024-05-24,C31668,Laptop,5,113.87,871 Main St,TRK42584392,6,SAVE10,569.35,2024,5,Friday,113.87,1,0.8333333333333334,False,True,False,False,False,False,False,True,False,False,True,False,False,False,False
ORD200364,2023-11-24,C85282,Phone,5,628.74,740 Main St,TRK86767206,9,FREESHIP,3143.7,2023,11,Friday,628.74,1,0.5555555555555556,True,False,False,False,False,True,False,False,False,False,False,True,False,False,False
ORD200365,2025-02-14,C56796,Phone,1,678.38,607 Main St,TRK74263180,4,SAVE10,678.38,2025,2,Friday,678.38,1,0.25,False,True,False,False,False,True,False,False,False,False,False,False,False,False,True
ORD200366,2023-02-10,C95213,Printer,3,602.24,603 Main St,TRK40630538,8,NoCoupon,1806.72,2023,2,Friday,602.24,0,0.375,False,False,True,False,False,False,False,True,False,False,False,False,False,False,True
ORD200367,2024-04-25,C13108,Laptop,5,658.77,712 Main St,TRK82284400,10,FREESHIP,3293.85,2024,4,Thursday,658.77,1,0.5,False,False,False,True,False,False,False,True,False,False,False,False,False,True,False
ORD200368,2023-05-01,C85322,Monitor,3,271.02,403 Main St,TRK89728869,6,NoCoupon,813.06,2023,5,Monday,271.02,0,0.5,False,True,False,False,False,True,False,False,False,False,False,False,True,False,False
ORD200369,2024-12-22,C43545,Monitor,5,375.25,216 Main St,TRK73937402,9,SAVE10,1876.25,2024,12,Sunday,375.25,1,0.5555555555555556,False,False,False,True,False,False,False,True,False,False,True,False,False,False,False
ORD200370,2025-05-03,C80649,Phone,1,312.11,870 Main St,TRK41143313,4,WINTER15,312.11,2025,5,Saturday,312.11,1,0.25,False,False,False,False,True,True,False,False,False,False,False,True,False,False,False
ORD200371,2023-01-05,C59752,Phone,5,307.76,179 Main St,TRK82229639,9,FREESHIP,1538.8,2023,1,Thursday,307.76,1,0.5555555555555556,False,False,False,True,False,False,False,True,False,False,False,False,True,False,False
ORD200372,2025-02-14,C53645,Chair,3,483.53,166 Main St,TRK12123939,4,NoCoupon,1450.59,2025,2,Friday,483.53,0,0.75,True,False,False,False,False,False,False,False,True,False,False,False,False,False,True
ORD200373,2023-01-02,C60178,Laptop,3,341.15,969 Main St,TRK84505143,4,FREESHIP,1023.45,2023,1,Monday,341.15000000000003,1,0.75,True,False,False,False,False,False,False,True,False,False,False,False,False,True,False
ORD200374,2024-09-16,C20286,Monitor,1,571.9,129 Main St,TRK67648338,1,WINTER15,571.9,2024,9,Monday,571.9,1,1.0,False,False,False,True,False,False,False,True,False,False,False,False,False,True,False
ORD200375,2025-01-16,C87547,Monitor,4,95.03,400 Main St,TRK71027262,8,FREESHIP,380.12,2025,1,Thursday,95.03,1,0.5,False,False,False,False,True,False,False,False,False,True,False,True,False,False,False
ORD200376,2023-08-24,C64549,Monitor,5,201.22,341 Main St,TRK20788231,6,FREESHIP,1006.1,2023,8,Thursday,201.22,1,0.8333333333333334,False,False,True,False,False,False,False,True,False,False,False,True,False,False,False
ORD200377,2024-07-22,C24884,Monitor,1,260.26,625 Main St,TRK44538419,5,WINTER15,260.26,2024,7,Monday,260.26,1,0.2,False,False,False,False,True,False,False,True,False,False,False,False,False,True,False
ORD200378,2024-02-01,C62666,Chair,5,64.5,148 Main St,TRK91029390,8,WINTER15,322.5,2024,2,Thursday,64.5,1,0.625,False,True,False,False,False,False,False,True,False,False,False,False,False,True,False
ORD200379,2024-09-21,C47284,Phone,3,297.67,500 Main St,TRK85756094,6,NoCoupon,893.01,2024,9,Saturday,297.67,0,0.5,False,False,False,False,True,False,False,False,False,True,False,False,True,False,False
ORD200380,2024-04-20,C35355,Printer,4,331.9,127 Main St,TRK52935059,5,SAVE10,1327.6,2024,4,Saturday,331.9,1,0.8,True,False,False,False,False,False,False,True,False,False,False,False,False,True,False
ORD200381,2023-06-07,C29467,Chair,1,191.76,223 Main St,TRK98103385,1,FREESHIP,191.76,2023,6,Wednesday,191.76,1,1.0,False,True,False,False,False,False,False,False,True,False,False,False,False,True,False
ORD200382,2025-01-30,C26718,Printer,4,263.09,272 Main St,TRK91702525,8,SAVE10,1052.36,2025,1,Thursday,263.09,1,0.5,False,False,True,False,False,False,False,False,False,True,False,False,True,False,False
ORD200383,2023-01-20,C18944,Chair,4,393.8,837 Main St,TRK45275439,7,SAVE10,1575.2,2023,1,Friday,393.8,1,0.5714285714285714,False,True,False,False,False,False,False,True,False,False,True,False,False,False,False
ORD200384,2024-11-24,C35628,Chair,3,553.57,147 Main St,TRK45688220,4,FREESHIP,1660.71,2024,11,Sunday,553.57,1,0.75,False,True,False,False,False,False,False,False,True,False,False,True,False,False,False
ORD200385,2023-10-31,C56851,Chair,5,191.63,752 Main St,TRK65290904,6,FREESHIP,958.15,2023,10,Tuesday,191.63,1,0.8333333333333334,False,False,False,True,False,False,True,False,False,False,False,True,False,False,False
ORD200386,2023-04-28,C12421,Tablet,1,93.02,373 Main St,TRK32588504,4,NoCoupon,93.02,2023,4,Friday,93.02,0,0.25,False,False,False,False,True,False,False,False,True,False,True,False,False,False,False
ORD200387,2024-06-27,C25316,Printer,2,39.53,904 Main St,TRK55423551,3,WINTER15,79.06,2024,6,Thursday,39.53,1,0.6666666666666666,False,True,False,False,False,False,False,False,False,True,False,False,True,False,False
ORD200388,2023-12-28,C22657,Printer,3,633.97,152 Main St,TRK49157047,7,WINTER15,1901.91,2023,12,Thursday,633.97,1,0.42857142857142855,True,False,False,False,False,False,False,True,False,False,False,True,False,False,False
ORD200389,2023-12-17,C29703,Desk,4,697.5,558 Main St,TRK40543461,7,FREESHIP,2790.0,2023,12,Sunday,697.5,1,0.5714285714285714,True,False,False,False,False,False,False,False,False,True,False,False,False,False,True
ORD200390,2023-07-14,C55996,Printer,5,508.69,885 Main St,TRK30547638,10,FREESHIP,2543.45,2023,7,Friday,508.68999999999994,1,0.5,True,False,False,False,False,False,True,False,False,False,False,False,True,False,False
ORD200391,2025-01-16,C60037,Laptop,2,527.46,516 Main St,TRK82009557,3,FREESHIP,1054.92,2025,1,Thursday,527.46,1,0.6666666666666666,False,False,True,False,False,True,False,False,False,False,False,False,False,False,True
ORD200392,2024-02-28,C95100,Phone,1,627.2,197 Main St,TRK47366265,1,WINTER15,627.2,2024,2,Wednesday,627.2,1,1.0,False,False,False,False,True,False,True,False,False,False,True,False,False,False,False
ORD200393,2024-07-14,C39906,Printer,1,75.01,921 Main St,TRK24632134,3,NoCoupon,75.01,2024,7,Sunday,75.01,0,0.3333333333333333,False,True,False,False,False,False,False,False,True,False,False,False,True,False,False
ORD200394,2023-07-05,C70148,Desk,5,529.55,359 Main St,TRK34848650,10,NoCoupon,2647.75,2023,7,Wednesday,529.55,0,0.5,False,False,False,True,False,False,False,False,False,True,False,True,False,False,False
ORD200395,2025-04-25,C30010,Phone,3,127.41,830 Main St,TRK35386084,7,SAVE10,382.23,2025,4,Friday,127.41000000000001,1,0.42857142857142855,False,False,False,True,False,False,True,False,False,False,False,False,False,False,True
ORD200396,2023-12-01,C99217,Tablet,5,287.13,778 Main St,TRK82004594,10,SAVE10,1435.65,2023,12,Friday,287.13,1,0.5,False,False,False,False,True,False,False,False,False,True,True,False,False,False,False
ORD200397,2023-09-28,C30184,Monitor,1,427.06,987 Main St,TRK86674704,1,WINTER15,427.06,2023,9,Thursday,427.06,1,1.0,False,False,False,False,True,True,False,False,False,False,False,False,False,False,True
ORD200398,2024-09-04,C50275,Phone,5,53.93,729 Main St,TRK98925264,7,SAVE10,269.65,2024,9,Wednesday,53.92999999999999,1,0.7142857142857143,False,False,False,True,False,False,False,False,False,True,False,False,False,True,False
ORD200399,2024-01-07,C64641,Tablet,5,423.93,319 Main St,TRK32012588,5,FREESHIP,2119.65,2024,1,Sunday,423.93,1,1.0,False,False,True,False,False,False,False,False,True,False,False,True,False,False,False
ORD200400,2024-09-28,C56266,Desk,4,160.22,304 Main St,TRK60088901,9,WINTER15,640.88,2024,9,Saturday,160.22,1,0.4444444444444444,False,False,True,False,False,False,False,False,True,False,False,False,False,True,False
ORD200401,2025-04-09,C98635,Printer,1,538.68,197 Main St,TRK14225465,6,NoCoupon,538.68,2025,4,Wednesday,538.68,0,0.16666666666666666,False,False,True,False,False,False,False,False,True,False,False,False,False,False,True
ORD200402,2023-04-09,C83026,Printer,5,337.38,858 Main St,TRK79746259,5,NoCoupon,1686.9,2023,4,Sunday,337.38,0,1.0,False,False,False,True,False,False,False,False,False,True,False,False,False,False,True
ORD200403,2024-11-10,C28893,Tablet,1,620.21,740 Main St,TRK98333066,1,FREESHIP,620.21,2024,11,Sunday,620.21,1,1.0,False,False,False,False,True,False,False,False,True,False,False,False,False,False,True
ORD200404,2023-03-09,C45482,Monitor,2,99.1,440 Main St,TRK54571699,6,NoCoupon,198.2,2023,3,Thursday,99.1,0,0.3333333333333333,True,False,False,False,False,False,True,False,False,False,False,False,False,True,False
ORD200405,2025-01-26,C97774,Monitor,4,451.97,603 Main St,TRK64664424,7,WINTER15,1807.88,2025,1,Sunday,451.97,1,0.5714285714285714,False,False,False,False,True,True,False,False,False,False,True,False,False,False,False
ORD200406,2023-12-10,C11657,Tablet,4,66.1,572 Main St,TRK50284486,9,WINTER15,264.4,2023,12,Sunday,66.1,1,0.4444444444444444,True,False,False,False,False,False,False,False,True,False,False,False,True,False,False
ORD200407,2023-08-13,C85993,Tablet,4,547.32,250 Main St,TRK72547640,8,FREESHIP,2189.28,2023,8,Sunday,547.32,1,0.5,True,False,False,False,False,False,False,False,True,False,False,False,False,True,False
ORD200408,2025-01-01,C11906,Printer,3,412.53,536 Main St,TRK31140158,6,WINTER15,1237.59,2025,1,Wednesday,412.53,1,0.5,False,False,False,False,True,False,False,True,False,False,False,False,True,False,False
ORD200409,2023-06-28,C45187,Desk,5,84.13,767 Main St,TRK12320793,9,SAVE10,420.65,2023,6,Wednesday,84.13,1,0.5555555555555556,False,False,False,False,True,False,True,False,False,False,False,False,True,False,False
ORD200410,2024-01-18,C37375,Tablet,2,518.23,184 Main St,TRK52470162,5,NoCoupon,1036.46,2024,1,Thursday,518.23,0,0.4,False,False,True,False,False,False,False,False,False,True,True,False,False,False,False
ORD200411,2024-06-19,C66567,Desk,2,39.51,981 Main St,TRK21174822,5,NoCoupon,79.02,2024,6,Wednesday,39.51,0,0.4,False,False,False,False,True,False,False,False,False,True,False,True,False,False,False
ORD200412,2025-04-11,C42451,Tablet,5,133.01,246 Main St,TRK31313343,10,NoCoupon,665.05,2025,4,Friday,133.01,0,0.5,False,True,False,False,False,False,False,False,True,False,False,True,False,False,False
ORD200413,2023-10-08,C13923,Tablet,1,118.8,123 Main St,TRK87598790,6,SAVE10,118.8,2023,10,Sunday,118.8,1,0.16666666666666666,False,False,False,False,True,False,True,False,False,False,True,False,False,False,False
ORD200414,2025-05-04,C11829,Desk,2,139.57,797 Main St,TRK84229257,4,WINTER15,279.14,2025,5,Sunday,139.57,1,0.5,True,False,False,False,False,False,True,False,False,False,False,True,False,False,False
ORD200415,2025-04-06,C62169,Chair,1,184.15,655 Main St,TRK64558985,5,FREESHIP,184.15,2025,4,Sunday,184.15,1,0.2,False,False,False,True,False,False,False,False,False,True,False,True,False,False,False
ORD200416,2023-07-18,C20881,Laptop,2,644.05,652 Main St,TRK26263902,5,WINTER15,1288.1,2023,7,Tuesday,644.05,1,0.4,False,False,False,True,False,True,False,False,False,False,False,False,False,False,True
ORD200417,2023-10-24,C44492,Laptop,5,55.41,954 Main St,TRK51429869,5,NoCoupon,277.05,2023,10,Tuesday,55.410000000000004,0,1.0,False,False,False,False,True,True,False,False,False,False,False,False,True,False,False
ORD200418,2023-01-11,C74169,Printer,1,310.93,862 Main St,TRK66144809,3,NoCoupon,310.93,2023,1,Wednesday,310.93,0,0.3333333333333333,False,False,False,False,True,True,False,False,False,False,False,True,False,False,False
ORD200419,2024-04-17,C70999,Tablet,2,216.66,885 Main St,TRK75644156,6,FREESHIP,433.32,2024,4,Wednesday,216.66,1,0.3333333333333333,False,False,True,False,False,False,False,True,False,False,False,False,False,True,False
ORD200420,2024-11-29,C11921,Phone,1,452.7,439 Main St,TRK91362635,5,FREESHIP,452.7,2024,11,Friday,452.7,1,0.2,False,False,True,False,False,False,False,False,False,True,False,False,False,True,False
ORD200421,2023-10-15,C50683,Chair,2,288.21,769 Main St,TRK53032122,5,NoCoupon,576.42,2023,10,Sunday,288.21,0,0.4,False,False,True,False,False,True,False,False,False,False,True,False,False,False,False
ORD200422,2023-06-05,C76140,Phone,4,206.6,914 Main St,TRK25861469,6,WINTER15,826.4,2023,6,Monday,206.6,1,0.6666666666666666,False,False,False,True,False,False,False,False,True,False,False,False,False,False,True
ORD200423,2024-07-20,C94311,Printer,4,685.2,195 Main St,TRK97308771,6,WINTER15,2740.8,2024,7,Saturday,685.2,1,0.6666666666666666,False,False,False,True,False,True,False,False,False,False,False,False,True,False,False
ORD200424,2023-04-12,C49491,Chair,5,22.94,339 Main St,TRK64012257,10,NoCoupon,114.7,2023,4,Wednesday,22.94,0,0.5,True,False,False,False,False,False,False,True,False,False,True,False,False,False,False
ORD200425,2023-03-09,C40648,Laptop,2,301.88,488 Main St,TRK25325993,5,WINTER15,603.76,2023,3,Thursday,301.88,1,0.4,False,False,False,True,False,False,False,False,True,False,True,False,False,False,False
ORD200426,2025-03-16,C40967,Monitor,5,57.45,315 Main St,TRK24839296,10,NoCoupon,287.25,2025,3,Sunday,57.45,0,0.5,True,False,False,False,False,True,False,False,False,False,False,True,False,False,False
ORD200427,2024-12-18,C25406,Desk,1,161.24,379 Main St,TRK70952564,3,WINTER15,161.24,2024,12,Wednesday,161.24,1,0.3333333333333333,False,True,False,False,False,False,False,True,False,False,False,False,False,True,False
ORD200428,2024-11-26,C77085,Chair,4,262.58,895 Main St,TRK57227640,8,WINTER15,1050.32,2024,11,Tuesday,262.58,1,0.5,False,False,False,False,True,True,False,False,False,False,True,False,False,False,False
ORD200429,2024-12-19,C38126,Printer,4,515.19,522 Main St,TRK90838498,9,SAVE10,2060.76,2024,12,Thursday,515.19,1,0.4444444444444444,False,True,False,False,False,False,False,True,False,False,False,True,False,False,False
ORD200430,2023-06-07,C87448,Phone,1,450.07,433 Main St,TRK44134016,6,FREESHIP,450.07,2023,6,Wednesday,450.07,1,0.16666666666666666,False,False,False,True,False,False,False,False,False,True,False,False,True,False,False
ORD200431,2024-10-06,C62312,Printer,1,52.54,651 Main St,TRK59623037,6,WINTER15,52.54,2024,10,Sunday,52.54,1,0.16666666666666666,False,False,True,False,False,True,False,False,False,False,False,True,False,False,False
ORD200432,2023-09-04,C58443,Tablet,2,424.32,662 Main St,TRK77163738,6,NoCoupon,848.64,2023,9,Monday,424.32,0,0.3333333333333333,False,True,False,False,False,False,False,False,True,False,False,False,False,False,True
ORD200433,2023-08-26,C36613,Monitor,3,631.64,785 Main St,TRK13282106,3,FREESHIP,1894.92,2023,8,Saturday,631.64,1,1.0,False,True,False,False,False,False,False,False,True,False,False,True,False,False,False
ORD200434,2023-10-22,C73893,Printer,5,327.68,384 Main St,TRK85939879,6,NoCoupon,1638.4,2023,10,Sunday,327.68,0,0.8333333333333334,False,True,False,False,False,False,False,False,True,False,False,True,False,False,False
ORD200435,2023-05-27,C48601,Printer,1,414.47,101 Main St,TRK97868309,3,FREESHIP,414.47,2023,5,Saturday,414.47,1,0.3333333333333333,False,False,True,False,False,False,False,False,True,False,False,False,False,True,False
ORD200436,2023-02-11,C14568,Laptop,4,221.33,651 Main St,TRK73545796,5,NoCoupon,885.32,2023,2,Saturday,221.33,0,0.8,False,False,False,False,True,False,False,True,False,False,False,False,True,False,False
ORD200437,2024-04-18,C63378,Phone,1,512.39,955 Main St,TRK20863705,2,FREESHIP,512.39,2024,4,Thursday,512.39,1,0.5,False,False,False,False,True,False,True,False,False,False,False,False,False,True,False
ORD200438,2025-01-03,C77800,Tablet,3,459.34,436 Main St,TRK27439574,3,SAVE10,1378.02,2025,1,Friday,459.34,1,1.0,False,False,False,True,False,False,False,True,False,False,False,False,False,True,False
ORD200439,2024-09-08,C91155,Tablet,1,146.32,321 Main St,TRK36260319,4,WINTER15,146.32,2024,9,Sunday,146.32,1,0.25,False,False,False,False,True,False,False,False,False,True,False,True,False,False,False
ORD200440,2024-11-05,C60215,Desk,4,83.6,978 Main St,TRK31727767,4,SAVE10,334.4,2024,11,Tuesday,83.6,1,1.0,False,False,True,False,False,False,False,True,False,False,False,True,False,False,False
ORD200441,2023-12-13,C52915,Printer,2,328.54,475 Main St,TRK79466982,6,FREESHIP,657.08,2023,12,Wednesday,328.54,1,0.3333333333333333,False,False,False,True,False,False,False,False,True,False,True,False,False,False,False
ORD200442,2024-05-06,C72588,Chair,5,314.94,661 Main St,TRK43410829,8,SAVE10,1574.7,2024,5,Monday,314.94,1,0.625,True,False,False,False,False,False,False,True,False,False,False,False,False,True,False
ORD200443,2024-05-14,C61668,Chair,2,69.64,813 Main St,TRK58970302,6,NoCoupon,139.28,2024,5,Tuesday,69.64,0,0.3333333333333333,True,False,False,False,False,False,False,False,True,False,False,True,False,False,False
ORD200444,2024-06-08,C79508,Printer,1,135.17,585 Main St,TRK61882353,6,FREESHIP,135.17,2024,6,Saturday,135.17,1,0.16666666666666666,False,False,False,False,True,False,False,False,False,True,False,False,False,True,False
ORD200445,2024-03-23,C94569,Phone,1,487.21,227 Main St,TRK31351770,3,SAVE10,487.21,2024,3,Saturday,487.21,1,0.3333333333333333,True,False,False,False,False,False,True,False,False,False,False,False,False,False,True
ORD200446,2023-10-18,C89592,Laptop,5,509.58,262 Main St,TRK49442402,6,FREESHIP,2547.9,2023,10,Wednesday,509.58000000000004,1,0.8333333333333334,False,False,False,False,True,False,True,False,False,False,False,False,False,True,False
ORD200447,2024-04-07,C48207,Printer,2,416.81,356 Main St,TRK45355655,2,NoCoupon,833.62,2024,4,Sunday,416.81,0,1.0,True,False,False,False,False,False,False,False,True,False,False,True,False,False,False
ORD200448,2023-09-04,C16776,Laptop,2,160.0,854 Main St,TRK12860600,4,SAVE10,320.0,2023,9,Monday,160.0,1,0.5,True,False,False,False,False,False,False,True,False,False,False,False,False,True,False
ORD200449,2024-08-26,C91518,Tablet,3,253.05,286 Main St,TRK48688724,3,NoCoupon,759.1500000000001,2024,8,Monday,253.05000000000004,0,1.0,False,False,False,False,True,False,False,True,False,False,False,False,False,True,False
ORD200450,2024-01-15,C36408,Monitor,5,615.1,160 Main St,TRK94023253,10,WINTER15,3075.5,2024,1,Monday,615.1,1,0.5,False,False,False,True,False,False,False,False,True,False,False,False,False,True,False
ORD200451,2023-04-01,C14837,Monitor,1,183.18,647 Main St,TRK17501136,6,SAVE10,183.18,2023,4,Saturday,183.18,1,0.16666666666666666,False,False,True,False,False,True,False,False,False,False,True,False,False,False,False
ORD200452,2023-07-23,C36467,Printer,1,75.78,581 Main St,TRK20863987,5,SAVE10,75.78,2023,7,Sunday,75.78,1,0.2,True,False,False,False,False,False,False,True,False,False,False,False,True,False,False
ORD200453,2025-05-02,C15017,Tablet,1,675.57,492 Main St,TRK51241924,1,WINTER15,675.57,2025,5,Friday,675.57,1,1.0,True,False,False,False,False,False,False,False,False,True,False,True,False,False,False
ORD200454,2024-11-27,C54759,Laptop,1,109.29,686 Main St,TRK75583042,5,FREESHIP,109.29,2024,11,Wednesday,109.29,1,0.2,False,False,True,False,False,True,False,False,False,False,False,False,True,False,False
ORD200455,2024-03-26,C58341,Phone,1,639.83,874 Main St,TRK32856728,2,SAVE10,639.83,2024,3,Tuesday,639.83,1,0.5,False,False,True,False,False,False,False,True,False,False,False,False,False,False,True
ORD200456,2023-06-26,C94479,Desk,5,62.81,259 Main St,TRK69089975,9,SAVE10,314.05,2023,6,Monday,62.81,1,0.5555555555555556,False,True,False,False,False,False,False,False,False,True,False,True,False,False,False
ORD200457,2025-05-25,C50236,Desk,4,615.83,545 Main St,TRK67692578,4,WINTER15,2463.32,2025,5,Sunday,615.83,1,1.0,False,False,False,False,True,False,False,False,True,False,False,False,False,True,False
ORD200458,2024-07-02,C31412,Monitor,4,510.58,196 Main St,TRK61946127,7,WINTER15,2042.32,2024,7,Tuesday,510.58,1,0.5714285714285714,False,True,False,False,False,False,False,False,True,False,True,False,False,False,False
ORD200459,2024-07-24,C90142,Desk,1,334.39,433 Main St,TRK39717191,2,NoCoupon,334.39,2024,7,Wednesday,334.39,0,0.5,False,True,False,False,False,False,False,False,True,False,False,False,False,True,False
ORD200460,2024-10-06,C83548,Laptop,1,144.25,474 Main St,TRK93822942,2,WINTER15,144.25,2024,10,Sunday,144.25,1,0.5,True,False,False,False,False,False,False,False,True,False,False,False,False,False,True
ORD200461,2024-06-08,C29697,Tablet,1,401.82,407 Main St,TRK47776482,5,FREESHIP,401.82,2024,6,Saturday,401.82,1,0.2,False,True,False,False,False,False,False,False,False,True,False,False,True,False,False
ORD200462,2025-03-31,C22991,Phone,1,252.68,731 Main St,TRK32796086,1,NoCoupon,252.68,2025,3,Monday,252.68,0,1.0,False,False,False,False,True,True,False,False,False,False,False,False,False,False,True
ORD200463,2023-05-26,C25276,Laptop,5,662.78,214 Main St,TRK14011732,9,SAVE10,3313.9,2023,5,Friday,662.78,1,0.5555555555555556,False,False,True,False,False,False,False,False,False,True,False,False,False,True,False
ORD200464,2023-03-14,C39176,Tablet,4,434.42,739 Main St,TRK71418686,6,FREESHIP,1737.68,2023,3,Tuesday,434.42,1,0.6666666666666666,False,False,False,False,True,True,False,False,False,False,False,False,True,False,False
ORD200465,2024-02-26,C58773,Printer,5,513.49,391 Main St,TRK65438300,8,NoCoupon,2567.45,2024,2,Monday,513.49,0,0.625,False,False,False,True,False,True,False,False,False,False,False,False,True,False,False
ORD200466,2023-07-18,C37412,Phone,1,432.47,895 Main St,TRK97829604,4,FREESHIP,432.47,2023,7,Tuesday,432.47,1,0.25,True,False,False,False,False,False,True,False,False,False,False,False,False,False,True
ORD200467,2024-08-30,C36492,Desk,1,45.94,572 Main St,TRK44350440,2,WINTER15,45.94,2024,8,Friday,45.94,1,0.5,True,False,False,False,False,True,False,False,False,False,True,False,False,False,False
ORD200468,2025-06-21,C90110,Phone,1,418.36,998 Main St,TRK60203957,5,FREESHIP,418.36,2025,6,Saturday,418.36,1,0.2,False,True,False,False,False,False,True,False,False,False,True,False,False,False,False
ORD200469,2023-11-26,C13877,Chair,5,676.98,893 Main St,TRK17254691,5,NoCoupon,3330.4075,2023,11,Sunday,666.0815,0,1.0,True,False,False,False,False,True,False,False,False,False,False,True,False,False,False
ORD200470,2023-09-29,C25149,Tablet,4,263.62,672 Main St,TRK33538608,5,SAVE10,1054.48,2023,9,Friday,263.62,1,0.8,True,False,False,False,False,False,False,False,False,True,True,False,False,False,False
ORD200471,2025-04-19,C52717,Desk,5,551.27,395 Main St,TRK27625571,7,FREESHIP,2756.35,2025,4,Saturday,551.27,1,0.7142857142857143,False,False,False,False,True,True,False,False,False,False,False,False,False,False,True
ORD200472,2023-01-06,C60029,Chair,3,508.12,796 Main St,TRK86461316,8,FREESHIP,1524.36,2023,1,Friday,508.11999999999995,1,0.375,False,True,False,False,False,True,False,False,False,False,False,False,False,False,True
ORD200473,2025-02-25,C28552,Chair,2,14.93,449 Main St,TRK71597160,4,NoCoupon,29.86,2025,2,Tuesday,14.93,0,0.5,False,False,False,False,True,False,False,False,False,True,False,True,False,False,False
ORD200474,2023-11-15,C72293,Printer,3,229.34,398 Main St,TRK84378003,6,SAVE10,688.02,2023,11,Wednesday,229.34,1,0.5,False,True,False,False,False,False,False,False,False,True,False,False,False,False,True
ORD200475,2025-04-19,C29844,Tablet,2,438.62,363 Main St,TRK91642337,3,SAVE10,877.24,2025,4,Saturday,438.62,1,0.6666666666666666,True,False,False,False,False,True,False,False,False,False,False,True,False,False,False
ORD200476,2024-01-15,C77872,Phone,2,513.59,867 Main St,TRK19292184,4,FREESHIP,1027.18,2024,1,Monday,513.59,1,0.5,False,False,False,False,True,False,False,False,True,False,False,False,False,False,True
ORD200477,2025-03-05,C56564,Phone,2,253.74,481 Main St,TRK13166044,5,SAVE10,507.48,2025,3,Wednesday,253.74,1,0.4,False,False,False,False,True,False,False,False,False,True,False,False,True,False,False
ORD200478,2024-11-01,C16758,Tablet,3,62.77,914 Main St,TRK88544431,6,FREESHIP,188.31,2024,11,Friday,62.77,1,0.5,False,False,False,True,False,False,False,False,False,True,False,False,False,False,True
ORD200479,2023-02-18,C87011,Monitor,4,25.29,943 Main St,TRK21429162,8,NoCoupon,101.16,2023,2,Saturday,25.29,0,0.5,False,True,False,False,False,False,False,True,False,False,False,False,True,False,False
ORD200480,2023-06-16,C21147,Chair,1,335.1,126 Main St,TRK93171043,6,FREESHIP,335.1,2023,6,Friday,335.1,1,0.16666666666666666,False,False,True,False,False,False,False,True,False,False,False,False,False,False,True
ORD200481,2023-04-23,C94568,Laptop,4,484.85,317 Main St,TRK58653915,5,WINTER15,1939.4,2023,4,Sunday,484.85,1,0.8,False,False,True,False,False,False,True,False,False,False,False,False,False,False,True
ORD200482,2025-03-02,C35852,Monitor,3,381.41,989 Main St,TRK22302049,6,NoCoupon,1144.23,2025,3,Sunday,381.41,0,0.5,False,False,False,False,True,False,False,True,False,False,False,False,False,True,False
ORD200483,2023-01-18,C66462,Phone,5,347.92,982 Main St,TRK52743700,6,WINTER15,1739.6,2023,1,Wednesday,347.91999999999996,1,0.8333333333333334,True,False,False,False,False,False,False,True,False,False,False,False,True,False,False
ORD200484,2024-05-29,C29092,Chair,4,15.01,767 Main St,TRK90455340,6,NoCoupon,60.04,2024,5,Wednesday,15.01,0,0.6666666666666666,True,False,False,False,False,True,False,False,False,False,False,True,False,False,False
ORD200485,2023-08-01,C46651,Chair,3,404.79,764 Main St,TRK67679195,6,SAVE10,1214.37,2023,8,Tuesday,404.78999999999996,1,0.5,True,False,False,False,False,False,False,False,False,True,False,False,False,True,False
ORD200486,2023-02-03,C88981,Printer,4,611.26,558 Main St,TRK75267873,5,SAVE10,2445.04,2023,2,Friday,611.26,1,0.8,True,False,False,False,False,False,False,False,False,True,False,False,False,False,True
ORD200487,2023-03-09,C40136,Printer,3,346.52,211 Main St,TRK92924852,3,SAVE10,1039.56,2023,3,Thursday,346.52,1,1.0,False,True,False,False,False,False,False,True,False,False,False,False,True,False,False
ORD200488,2024-12-05,C81573,Chair,1,36.65,556 Main St,TRK96522994,1,WINTER15,36.65,2024,12,Thursday,36.65,1,1.0,False,False,False,False,True,True,False,False,False,False,True,False,False,False,False
ORD200489,2023-09-05,C11940,Tablet,3,149.34,589 Main St,TRK85466461,7,WINTER15,448.02,2023,9,Tuesday,149.34,1,0.42857142857142855,False,False,False,True,False,True,False,False,False,False,True,False,False,False,False
ORD200490,2024-07-22,C50097,Chair,5,467.81,539 Main St,TRK62785150,10,NoCoupon,2339.05,2024,7,Monday,467.81000000000006,0,0.5,False,False,False,False,True,True,False,False,False,False,False,True,False,False,False
ORD200491,2023-01-05,C98168,Phone,5,420.7,481 Main St,TRK56423359,5,WINTER15,2103.5,2023,1,Thursday,420.7,1,1.0,True,False,False,False,False,False,False,True,False,False,False,True,False,False,False
ORD200492,2023-10-25,C39074,Laptop,5,606.52,103 Main St,TRK13027036,6,SAVE10,3032.6,2023,10,Wednesday,606.52,1,0.8333333333333334,False,False,True,False,False,False,False,False,False,True,False,False,False,True,False
ORD200493,2025-01-28,C84908,Phone,1,420.26,372 Main St,TRK64135970,4,FREESHIP,420.26,2025,1,Tuesday,420.26,1,0.25,False,True,False,False,False,False,False,True,False,False,False,True,False,False,False
ORD200494,2023-07-19,C64516,Laptop,3,505.79,459 Main St,TRK63920573,3,FREESHIP,1517.37,2023,7,Wednesday,505.78999999999996,1,1.0,False,False,True,False,False,False,False,True,False,False,False,False,False,False,True
ORD200495,2025-06-05,C63827,Phone,4,493.73,947 Main St,TRK35730581,6,SAVE10,1974.92,2025,6,Thursday,493.73,1,0.6666666666666666,False,False,True,False,False,False,False,True,False,False,False,True,False,False,False
ORD200496,2025-03-14,C93618,Printer,3,201.21,249 Main St,TRK66129326,3,SAVE10,603.63,2025,3,Friday,201.21,1,1.0,False,False,False,False,True,True,False,False,False,False,False,False,True,False,False
ORD200497,2024-10-24,C93948,Printer,3,112.29,454 Main St,TRK77358113,6,NoCoupon,336.87,2024,10,Thursday,112.29,0,0.5,False,False,False,True,False,False,False,False,False,True,False,False,True,False,False
ORD200498,2023-07-12,C73961,Tablet,4,132.56,306 Main St,TRK32607173,8,WINTER15,530.24,2023,7,Wednesday,132.56,1,0.5,True,False,False,False,False,False,False,False,True,False,False,False,False,True,False
ORD200499,2023-04-06,C18138,Printer,3,539.46,520 Main St,TRK20289483,4,SAVE10,1618.38,2023,4,Thursday,539.46,1,0.75,False,True,False,False,False,False,False,False,False,True,False,True,False,False,False
ORD200500,2024-04-07,C79475,Laptop,5,508.59,169 Main St,TRK42168516,8,WINTER15,2542.95,2024,4,Sunday,508.59,1,0.625,True,False,False,False,False,False,False,False,True,False,False,True,False,False,False
ORD200501,2024-02-04,C88546,Desk,4,203.46,226 Main St,TRK19867754,7,SAVE10,813.84,2024,2,Sunday,203.46,1,0.5714285714285714,False,True,False,False,False,False,False,True,False,False,False,False,False,False,True
ORD200502,2023-05-20,C69332,Monitor,3,565.25,745 Main St,TRK65718848,7,SAVE10,1695.75,2023,5,Saturday,565.25,1,0.42857142857142855,False,False,True,False,False,False,False,False,True,False,True,False,False,False,False
ORD200503,2023-08-31,C64554,Tablet,3,136.84,498 Main St,TRK95384568,4,FREESHIP,410.52,2023,8,Thursday,136.84,1,0.75,False,False,False,False,True,False,False,True,False,False,False,True,False,False,False
ORD200504,2025-06-11,C11676,Monitor,2,464.5,805 Main St,TRK35726395,2,WINTER15,929.0,2025,6,Wednesday,464.5,1,1.0,False,False,False,False,True,True,False,False,False,False,False,False,False,True,False
ORD200505,2023-06-11,C36014,Printer,2,434.97,558 Main St,TRK97246526,7,NoCoupon,869.94,2023,6,Sunday,434.97,0,0.2857142857142857,False,False,False,False,True,False,False,False,False,True,True,False,False,False,False
ORD200506,2023-07-25,C23279,Monitor,2,43.67,696 Main St,TRK58039693,4,WINTER15,87.34,2023,7,Tuesday,43.67,1,0.5,True,False,False,False,False,False,False,False,True,False,False,False,False,True,False
ORD200507,2023-07-05,C86481,Phone,1,171.59,546 Main St,TRK87513944,5,WINTER15,171.59,2023,7,Wednesday,171.59,1,0.2,False,True,False,False,False,False,False,True,False,False,True,False,False,False,False
ORD200508,2025-05-14,C39550,Phone,1,558.27,976 Main St,TRK24120267,1,NoCoupon,558.27,2025,5,Wednesday,558.27,0,1.0,False,False,False,False,True,False,True,False,False,False,False,False,False,False,True
ORD200509,2023-02-15,C68937,Laptop,2,425.03,560 Main St,TRK31908657,2,WINTER15,850.06,2023,2,Wednesday,425.03,1,1.0,True,False,False,False,False,False,False,False,True,False,False,False,True,False,False
ORD200510,2024-12-16,C72533,Printer,1,376.76,389 Main St,TRK51288986,5,SAVE10,376.76,2024,12,Monday,376.76,1,0.2,False,False,True,False,False,False,True,False,False,False,True,False,False,False,False
ORD200511,2024-03-15,C11415,Monitor,5,575.24,267 Main St,TRK65061457,7,WINTER15,2876.2,2024,3,Friday,575.24,1,0.7142857142857143,True,False,False,False,False,False,True,False,False,False,True,False,False,False,False
ORD200512,2024-09-27,C14114,Desk,3,568.02,856 Main St,TRK63290700,3,FREESHIP,1704.06,2024,9,Friday,568.02,1,1.0,False,False,False,False,True,False,False,True,False,False,False,False,False,True,False
ORD200513,2025-02-09,C64128,Tablet,3,94.88,533 Main St,TRK37053575,8,NoCoupon,284.64,2025,2,Sunday,94.88,0,0.375,False,False,False,True,False,False,False,False,False,True,False,False,False,False,True
ORD200514,2023-04-16,C15629,Printer,3,304.15,492 Main St,TRK64926044,3,WINTER15,912.4499999999999,2023,4,Sunday,304.15,1,1.0,False,False,False,True,False,False,False,False,False,True,False,False,False,True,False
ORD200515,2023-03-14,C67561,Phone,3,553.52,160 Main St,TRK75900717,4,FREESHIP,1660.56,2023,3,Tuesday,553.52,1,0.75,False,False,False,True,False,False,False,False,False,True,False,True,False,False,False
ORD200516,2024-04-07,C47022,Monitor,3,166.99,208 Main St,TRK28855040,8,NoCoupon,500.97,2024,4,Sunday,166.99,0,0.375,True,False,False,False,False,False,False,False,True,False,False,True,False,False,False
ORD200517,2024-04-09,C55205,Tablet,4,198.35,943 Main St,TRK88141634,7,FREESHIP,793.4,2024,4,Tuesday,198.35,1,0.5714285714285714,True,False,False,False,False,True,False,False,False,False,False,False,True,False,False
ORD200518,2025-06-13,C30686,Printer,4,403.58,319 Main St,TRK59807273,9,SAVE10,1614.32,2025,6,Friday,403.58,1,0.4444444444444444,False,False,False,False,True,False,False,True,False,False,False,False,False,False,True
ORD200519,2025-05-10,C71797,Laptop,4,464.29,941 Main St,TRK66010667,5,SAVE10,1857.16,2025,5,Saturday,464.29,1,0.8,False,False,True,False,False,False,False,False,True,False,True,False,False,False,False
ORD200520,2023-03-10,C66332,Monitor,3,635.98,959 Main St,TRK27063398,5,NoCoupon,1907.94,2023,3,Friday,635.98,0,0.6,True,False,False,False,False,False,False,False,True,False,False,False,False,False,True
ORD200521,2024-02-25,C82318,Phone,1,528.06,991 Main St,TRK37534165,2,NoCoupon,528.06,2024,2,Sunday,528.06,0,0.5,False,True,False,False,False,False,False,False,False,True,False,True,False,False,False
ORD200522,2024-04-20,C66254,Chair,1,515.32,740 Main St,TRK82843861,1,FREESHIP,515.32,2024,4,Saturday,515.32,1,1.0,False,False,False,True,False,True,False,False,False,False,True,False,False,False,False
ORD200523,2025-02-18,C65083,Desk,4,657.79,652 Main St,TRK60937148,6,WINTER15,2631.16,2025,2,Tuesday,657.79,1,0.6666666666666666,False,True,False,False,False,False,False,False,True,False,False,False,True,False,False
ORD200524,2023-10-25,C44778,Phone,1,153.0,103 Main St,TRK92617366,4,NoCoupon,153.0,2023,10,Wednesday,153.0,0,0.25,False,True,False,False,False,False,False,False,True,False,False,False,False,False,True
ORD200525,2023-12-03,C54499,Monitor,1,668.48,160 Main St,TRK18061555,1,SAVE10,668.48,2023,12,Sunday,668.48,1,1.0,False,False,True,False,False,False,False,False,False,True,True,False,False,False,False
ORD200526,2024-02-29,C91201,Desk,2,46.5,837 Main St,TRK63526023,7,WINTER15,93.0,2024,2,Thursday,46.5,1,0.2857142857142857,True,False,False,False,False,False,False,False,True,False,False,False,True,False,False
ORD200527,2024-08-19,C27202,Chair,5,653.47,967 Main St,TRK75406128,10,SAVE10,3267.35,2024,8,Monday,653.47,1,0.5,False,True,False,False,False,True,False,False,False,False,False,False,False,False,True
ORD200528,2025-02-26,C32011,Chair,1,628.89,686 Main St,TRK70997744,2,SAVE10,628.89,2025,2,Wednesday,628.89,1,0.5,False,True,False,False,False,False,False,False,True,False,False,False,False,False,True
ORD200529,2024-04-07,C21181,Tablet,2,675.1,938 Main St,TRK50363421,4,FREESHIP,1350.2,2024,4,Sunday,675.1,1,0.5,True,False,False,False,False,False,False,True,False,False,False,False,True,False,False
ORD200530,2024-07-18,C98450,Chair,4,89.41,613 Main St,TRK14809530,9,NoCoupon,357.64,2024,7,Thursday,89.41,0,0.4444444444444444,False,False,False,False,True,False,False,True,False,False,False,False,True,False,False
ORD200531,2024-07-02,C64502,Desk,5,320.01,722 Main St,TRK14914388,6,NoCoupon,1600.05,2024,7,Tuesday,320.01,0,0.8333333333333334,False,False,False,True,False,False,True,False,False,False,False,False,False,False,True
ORD200532,2025-05-03,C47365,Laptop,2,41.0,369 Main St,TRK42207882,7,NoCoupon,82.0,2025,5,Saturday,41.0,0,0.2857142857142857,False,False,False,False,True,False,True,False,False,False,True,False,False,False,False
ORD200533,2023-03-05,C66349,Desk,1,565.85,715 Main St,TRK63550793,1,FREESHIP,565.85,2023,3,Sunday,565.85,1,1.0,False,False,False,True,False,False,False,False,True,False,False,True,False,False,False
ORD200534,2024-06-06,C73289,Chair,3,648.59,906 Main St,TRK70872738,4,SAVE10,1945.77,2024,6,Thursday,648.59,1,0.75,False,False,True,False,False,True,False,False,False,False,True,False,False,False,False
ORD200535,2024-07-24,C48649,Monitor,3,68.12,332 Main St,TRK45821445,3,FREESHIP,204.36,2024,7,Wednesday,68.12,1,1.0,False,False,False,False,True,True,False,False,False,False,True,False,False,False,False
ORD200536,2024-06-09,C18724,Chair,1,616.1,124 Main St,TRK52508861,6,NoCoupon,616.1,2024,6,Sunday,616.1,0,0.16666666666666666,True,False,False,False,False,False,False,False,True,False,True,False,False,False,False
ORD200537,2025-03-23,C68553,Tablet,3,247.47,385 Main St,TRK58218971,4,SAVE10,742.41,2025,3,Sunday,247.47,1,0.75,False,False,False,False,True,False,True,False,False,False,False,True,False,False,False
ORD200538,2024-05-24,C61280,Phone,3,490.74,100 Main St,TRK95487711,3,WINTER15,1472.22,2024,5,Friday,490.74,1,1.0,True,False,False,False,False,False,False,False,False,True,True,False,False,False,False
ORD200539,2025-02-18,C53277,Desk,3,531.72,473 Main St,TRK17653832,7,SAVE10,1595.16,2025,2,Tuesday,531.72,1,0.42857142857142855,False,False,False,True,False,False,True,False,False,False,False,False,True,False,False
ORD200540,2024-01-29,C87281,Laptop,5,648.65,852 Main St,TRK81765057,7,NoCoupon,3243.25,2024,1,Monday,648.65,0,0.7142857142857143,False,False,False,False,True,False,False,True,False,False,False,False,False,False,True
ORD200541,2023-08-07,C69009,Printer,5,456.06,879 Main St,TRK61295842,10,NoCoupon,2280.3,2023,8,Monday,456.06000000000006,0,0.5,True,False,False,False,False,False,False,True,False,False,False,False,False,True,False
ORD200542,2023-11-14,C49726,Tablet,1,17.98,934 Main St,TRK20739460,6,FREESHIP,17.98,2023,11,Tuesday,17.98,1,0.16666666666666666,True,False,False,False,False,True,False,False,False,False,True,False,False,False,False
ORD200543,2024-03-09,C37531,Desk,5,269.86,354 Main St,TRK93877673,6,WINTER15,1349.3,2024,3,Saturday,269.86,1,0.8333333333333334,True,False,False,False,False,False,False,False,False,True,False,True,False,False,False
ORD200544,2024-03-10,C48713,Printer,5,31.96,373 Main St,TRK96334419,5,FREESHIP,159.8,2024,3,Sunday,31.96,1,1.0,False,True,False,False,False,False,False,False,True,False,False,False,False,False,True
ORD200545,2023-12-19,C74138,Monitor,2,98.47,964 Main St,TRK74091695,3,NoCoupon,196.94,2023,12,Tuesday,98.47,0,0.6666666666666666,True,False,False,False,False,False,False,False,True,False,False,False,False,True,False
ORD200546,2024-03-01,C82399,Monitor,1,158.68,928 Main St,TRK77177284,6,WINTER15,158.68,2024,3,Friday,158.68,1,0.16666666666666666,False,True,False,False,False,False,False,False,True,False,False,False,False,True,False
ORD200547,2023-08-20,C40427,Phone,1,613.98,411 Main St,TRK25392280,4,FREESHIP,613.98,2023,8,Sunday,613.98,1,0.25,False,False,False,False,True,False,True,False,False,False,False,True,False,False,False
ORD200548,2024-01-05,C17103,Printer,3,426.12,922 Main St,TRK64398650,5,WINTER15,1278.36,2024,1,Friday,426.11999999999995,1,0.6,False,False,False,False,True,False,True,False,False,False,False,False,False,True,False
ORD200549,2025-02-25,C34266,Monitor,4,629.88,550 Main St,TRK56378197,8,WINTER15,2519.52,2025,2,Tuesday,629.88,1,0.5,False,False,True,False,False,True,False,False,False,False,False,False,False,True,False
ORD200550,2023-10-29,C97485,Laptop,4,228.91,573 Main St,TRK81794737,4,FREESHIP,915.64,2023,10,Sunday,228.91,1,1.0,True,False,False,False,False,False,False,False,False,True,False,False,True,False,False
ORD200551,2023-05-18,C23947,Laptop,1,120.98,353 Main St,TRK74812710,6,WINTER15,120.98,2023,5,Thursday,120.98,1,0.16666666666666666,False,False,True,False,False,False,True,False,False,False,True,False,False,False,False
ORD200552,2023-09-30,C21665,Chair,4,425.18,560 Main St,TRK29890761,8,WINTER15,1700.72,2023,9,Saturday,425.18,1,0.5,False,False,False,False,True,False,False,False,True,False,False,True,False,False,False
ORD200553,2023-08-23,C82550,Phone,2,333.83,828 Main St,TRK74103758,4,FREESHIP,667.66,2023,8,Wednesday,333.83,1,0.5,False,False,False,True,False,True,False,False,False,False,False,False,False,False,True
ORD200554,2025-05-30,C61943,Laptop,2,492.9,610 Main St,TRK66126496,5,FREESHIP,985.8,2025,5,Friday,492.9,1,0.4,True,False,False,False,False,False,False,False,True,False,False,False,False,True,False
ORD200555,2023-01-07,C88933,Tablet,1,92.04,333 Main St,TRK89306964,2,NoCoupon,92.04,2023,1,Saturday,92.04,0,0.5,True,False,False,False,False,False,False,False,False,True,False,True,False,False,False
ORD200556,2023-01-28,C30923,Laptop,1,654.27,932 Main St,TRK82609328,2,SAVE10,654.27,2023,1,Saturday,654.27,1,0.5,False,False,False,True,False,False,False,True,False,False,False,True,False,False,False
ORD200557,2023-06-29,C56969,Tablet,1,56.2,130 Main St,TRK40719215,1,WINTER15,56.2,2023,6,Thursday,56.2,1,1.0,False,False,True,False,False,False,False,True,False,False,False,True,False,False,False
ORD200558,2024-07-16,C76766,Phone,4,628.12,485 Main St,TRK32052962,6,WINTER15,2512.48,2024,7,Tuesday,628.12,1,0.6666666666666666,False,False,False,False,True,False,True,False,False,False,False,False,False,True,False
ORD200559,2024-04-15,C22981,Desk,3,157.4,454 Main St,TRK10115285,7,WINTER15,472.2,2024,4,Monday,157.4,1,0.42857142857142855,False,False,True,False,False,True,False,False,False,False,True,False,False,False,False
ORD200560,2023-01-31,C33634,Monitor,4,588.85,524 Main St,TRK93168008,7,NoCoupon,2355.4,2023,1,Tuesday,588.85,0,0.5714285714285714,False,False,False,True,False,False,False,True,False,False,True,False,False,False,False
ORD200561,2023-01-31,C96822,Printer,2,494.78,198 Main St,TRK89180077,2,NoCoupon,989.56,2023,1,Tuesday,494.78,0,1.0,False,False,False,False,True,False,False,False,False,True,False,False,True,False,False
ORD200562,2023-10-06,C76675,Laptop,3,663.93,922 Main St,TRK28043915,6,FREESHIP,1991.79,2023,10,Friday,663.93,1,0.5,False,False,False,True,False,False,False,False,True,False,True,False,False,False,False
ORD200563,2023-12-12,C12039,Laptop,1,132.68,844 Main St,TRK68645763,1,SAVE10,132.68,2023,12,Tuesday,132.68,1,1.0,False,False,True,False,False,False,False,False,True,False,False,False,False,False,True
ORD200564,2025-04-08,C93309,Desk,5,364.28,734 Main St,TRK99446987,5,WINTER15,1821.4,2025,4,Tuesday,364.28000000000003,1,1.0,False,True,False,False,False,True,False,False,False,False,False,False,True,False,False
ORD200565,2023-05-14,C62042,Tablet,5,307.98,214 Main St,TRK42605492,10,NoCoupon,1539.9,2023,5,Sunday,307.98,0,0.5,False,False,False,False,True,False,False,True,False,False,False,True,False,False,False
ORD200566,2024-04-18,C83223,Phone,4,162.71,167 Main St,TRK54339083,7,FREESHIP,650.84,2024,4,Thursday,162.71,1,0.5714285714285714,True,False,False,False,False,True,False,False,False,False,True,False,False,False,False
ORD200567,2024-09-30,C92575,Chair,5,492.94,153 Main St,TRK53579227,10,FREESHIP,2464.7,2024,9,Monday,492.93999999999994,1,0.5,True,False,False,False,False,False,False,False,False,True,True,False,False,False,False
ORD200568,2023-03-10,C29072,Laptop,2,343.99,312 Main St,TRK72334047,4,NoCoupon,687.98,2023,3,Friday,343.99,0,0.5,False,False,False,False,True,False,True,False,False,False,False,False,True,False,False
ORD200569,2025-03-22,C25783,Desk,5,250.68,672 Main St,TRK13289741,8,SAVE10,1253.4,2025,3,Saturday,250.68,1,0.625,True,False,False,False,False,False,False,False,False,True,False,False,False,True,False
ORD200570,2024-12-27,C63727,Desk,2,362.14,122 Main St,TRK13611021,2,SAVE10,724.28,2024,12,Friday,362.14,1,1.0,False,False,True,False,False,False,False,True,False,False,False,False,False,True,False
ORD200571,2024-11-23,C42365,Tablet,1,214.08,867 Main St,TRK39563288,2,WINTER15,214.08,2024,11,Saturday,214.08,1,0.5,False,False,False,True,False,False,False,False,True,False,False,False,True,False,False
ORD200572,2023-11-11,C27438,Printer,1,70.32,341 Main St,TRK69125497,4,WINTER15,70.32,2023,11,Saturday,70.32,1,0.25,True,False,False,False,False,False,False,False,True,False,False,True,False,False,False
ORD200573,2023-01-25,C13205,Chair,5,421.42,522 Main St,TRK30686578,7,NoCoupon,2107.1,2023,1,Wednesday,421.41999999999996,0,0.7142857142857143,False,False,True,False,False,True,False,False,False,False,False,False,False,True,False
ORD200574,2024-01-24,C29685,Chair,5,384.69,275 Main St,TRK97733212,6,FREESHIP,1923.45,2024,1,Wednesday,384.69,1,0.8333333333333334,False,True,False,False,False,False,False,True,False,False,True,False,False,False,False
ORD200575,2023-06-07,C74005,Chair,5,448.15,528 Main St,TRK61640534,7,SAVE10,2240.75,2023,6,Wednesday,448.15,1,0.7142857142857143,False,False,False,True,False,False,False,False,True,False,False,False,True,False,False
ORD200576,2024-05-29,C14457,Laptop,5,79.08,747 Main St,TRK42517811,8,NoCoupon,395.4,2024,5,Wednesday,79.08,0,0.625,True,False,False,False,False,False,False,True,False,False,False,True,False,False,False
ORD200577,2023-01-22,C77046,Tablet,4,185.41,967 Main St,TRK44401497,9,WINTER15,741.64,2023,1,Sunday,185.41,1,0.4444444444444444,False,False,False,False,True,False,False,False,True,False,False,False,True,False,False
ORD200578,2024-10-10,C50415,Monitor,5,566.07,587 Main St,TRK41345634,6,SAVE10,2830.35,2024,10,Thursday,566.0699999999999,1,0.8333333333333334,False,True,False,False,False,False,True,False,False,False,False,False,False,True,False
ORD200579,2023-06-04,C73999,Tablet,2,187.88,413 Main St,TRK67919507,4,WINTER15,375.76,2023,6,Sunday,187.88,1,0.5,False,False,False,False,True,False,False,False,False,True,False,True,False,False,False
ORD200580,2023-11-14,C71076,Monitor,2,255.99,340 Main St,TRK65148292,4,SAVE10,511.98,2023,11,Tuesday,255.99,1,0.5,False,True,False,False,False,False,True,False,False,False,False,False,False,True,False
ORD200581,2024-11-11,C44674,Laptop,1,627.34,942 Main St,TRK87158684,1,NoCoupon,627.34,2024,11,Monday,627.34,0,1.0,False,False,False,False,True,False,True,False,False,False,False,False,False,False,True
ORD200582,2024-02-19,C15228,Tablet,3,474.14,558 Main St,TRK33860620,8,WINTER15,1422.42,2024,2,Monday,474.14000000000004,1,0.375,False,False,False,True,False,False,False,False,False,True,False,False,True,False,False
ORD200583,2025-06-15,C27072,Chair,3,154.37,996 Main St,TRK29750379,4,NoCoupon,463.11,2025,6,Sunday,154.37,0,0.75,False,False,False,True,False,False,True,False,False,False,False,False,False,True,False
ORD200584,2025-03-21,C15257,Chair,4,145.05,626 Main St,TRK28779938,6,SAVE10,580.2,2025,3,Friday,145.05,1,0.6666666666666666,False,False,False,False,True,False,True,False,False,False,False,False,True,False,False
ORD200585,2023-08-20,C91486,Tablet,4,67.08,907 Main St,TRK79617136,8,WINTER15,268.32,2023,8,Sunday,67.08,1,0.5,True,False,False,False,False,False,False,False,True,False,False,False,True,False,False
ORD200586,2024-11-10,C17389,Monitor,1,522.08,905 Main St,TRK98857880,5,FREESHIP,522.08,2024,11,Sunday,522.08,1,0.2,False,False,False,True,False,False,False,False,True,False,False,False,False,False,True
ORD200587,2023-06-12,C18820,Monitor,5,514.6,347 Main St,TRK91547425,10,FREESHIP,2573.0,2023,6,Monday,514.6,1,0.5,False,False,False,True,False,False,True,False,False,False,False,False,False,True,False
ORD200588,2024-12-10,C61849,Monitor,4,577.82,811 Main St,TRK47613918,9,NoCoupon,2311.28,2024,12,Tuesday,577.82,0,0.4444444444444444,False,True,False,False,False,False,True,False,False,False,False,False,True,False,False
ORD200589,2025-02-10,C84041,Laptop,2,500.8,900 Main St,TRK84920444,3,FREESHIP,1001.6,2025,2,Monday,500.8,1,0.6666666666666666,True,False,False,False,False,False,True,False,False,False,False,False,False,False,True
ORD200590,2023-09-10,C55757,Printer,2,461.13,175 Main St,TRK27356242,4,NoCoupon,922.26,2023,9,Sunday,461.13,0,0.5,False,False,False,True,False,False,False,False,True,False,True,False,False,False,False
ORD200591,2024-11-18,C18187,Laptop,1,605.28,470 Main St,TRK50528185,3,FREESHIP,605.28,2024,11,Monday,605.28,1,0.3333333333333333,False,False,False,True,False,False,False,False,False,True,False,False,False,False,True
ORD200592,2024-04-23,C42306,Phone,3,204.27,938 Main St,TRK15499648,4,NoCoupon,612.8100000000001,2024,4,Tuesday,204.27,0,0.75,False,False,False,False,True,False,False,False,True,False,False,False,True,False,False
ORD200593,2023-08-02,C51024,Monitor,1,489.8,636 Main St,TRK31375086,4,FREESHIP,489.8,2023,8,Wednesday,489.8,1,0.25,False,False,False,True,False,False,False,False,False,True,False,True,False,False,False
ORD200594,2024-02-21,C40140,Phone,5,72.64,598 Main St,TRK12671989,7,NoCoupon,363.2,2024,2,Wednesday,72.64,0,0.7142857142857143,False,True,False,False,False,True,False,False,False,False,True,False,False,False,False
ORD200595,2025-01-10,C72596,Printer,2,385.16,491 Main St,TRK83870446,7,SAVE10,770.32,2025,1,Friday,385.16,1,0.2857142857142857,False,False,False,False,True,False,False,True,False,False,True,False,False,False,False
ORD200596,2023-06-12,C91805,Desk,3,606.41,653 Main St,TRK34504030,7,FREESHIP,1819.23,2023,6,Monday,606.41,1,0.42857142857142855,False,False,True,False,False,False,False,False,True,False,False,True,False,False,False
ORD200597,2024-11-25,C40538,Desk,2,211.82,700 Main St,TRK29821356,4,WINTER15,423.64,2024,11,Monday,211.82,1,0.5,False,False,False,True,False,True,False,False,False,False,True,False,False,False,False
ORD200598,2024-04-26,C60329,Desk,5,495.35,826 Main St,TRK59069987,5,NoCoupon,2476.75,2024,4,Friday,495.35,0,1.0,False,True,False,False,False,False,False,True,False,False,False,True,False,False,False
ORD200599,2023-06-30,C28740,Chair,3,556.99,123 Main St,TRK33642221,4,FREESHIP,1670.97,2023,6,Friday,556.99,1,0.75,False,False,False,False,True,True,False,False,False,False,False,True,False,False,False
ORD200600,2023-05-26,C87051,Printer,1,72.31,460 Main St,TRK82056333,1,FREESHIP,72.31,2023,5,Friday,72.31,1,1.0,False,False,False,True,False,True,False,False,False,False,False,True,False,False,False
ORD200601,2023-10-02,C12479,Monitor,5,24.82,529 Main St,TRK73935314,10,NoCoupon,124.1,2023,10,Monday,24.82,0,0.5,False,True,False,False,False,False,False,False,False,True,False,False,False,False,True
ORD200602,2024-03-05,C35852,Tablet,4,26.04,982 Main St,TRK64660134,5,SAVE10,104.16,2024,3,Tuesday,26.04,1,0.8,False,False,False,False,True,False,False,True,False,False,False,False,False,True,False
ORD200603,2024-10-04,C26223,Tablet,1,657.07,800 Main St,TRK50900547,4,SAVE10,657.07,2024,10,Friday,657.07,1,0.25,True,False,False,False,False,False,False,True,False,False,False,False,True,False,False
ORD200604,2025-06-22,C99214,Chair,3,32.62,252 Main St,TRK81368481,6,NoCoupon,97.85999999999999,2025,6,Sunday,32.62,0,0.5,False,False,True,False,False,False,True,False,False,False,False,True,False,False,False
ORD200605,2024-05-10,C49605,Monitor,2,228.91,892 Main St,TRK95620066,4,SAVE10,457.82,2024,5,Friday,228.91,1,0.5,False,False,True,False,False,False,False,False,False,True,False,False,False,False,True
ORD200606,2024-11-06,C85018,Laptop,3,274.75,783 Main St,TRK54128886,3,SAVE10,824.25,2024,11,Wednesday,274.75,1,1.0,True,False,False,False,False,True,False,False,False,False,False,False,True,False,False
ORD200607,2025-05-31,C96434,Printer,4,634.05,282 Main St,TRK56730647,6,SAVE10,2536.2,2025,5,Saturday,634.05,1,0.6666666666666666,True,False,False,False,False,False,False,False,False,True,False,False,True,False,False
ORD200608,2024-07-24,C32956,Laptop,5,543.16,788 Main St,TRK73140103,6,SAVE10,2715.8,2024,7,Wednesday,543.1600000000001,1,0.8333333333333334,False,False,False,False,True,True,False,False,False,False,False,False,False,True,False
ORD200609,2025-01-27,C41137,Chair,3,449.13,809 Main St,TRK52732162,5,WINTER15,1347.39,2025,1,Monday,449.13000000000005,1,0.6,True,False,False,False,False,False,False,False,True,False,False,False,False,False,True
ORD200610,2024-06-16,C60361,Desk,5,389.62,623 Main St,TRK83566924,7,FREESHIP,1948.1,2024,6,Sunday,389.62,1,0.7142857142857143,True,False,False,False,False,False,False,False,True,False,False,True,False,False,False
ORD200611,2023-04-21,C36688,Desk,1,305.17,700 Main St,TRK35720426,3,WINTER15,305.17,2023,4,Friday,305.17,1,0.3333333333333333,False,False,False,True,False,False,False,False,True,False,False,False,False,False,True
ORD200612,2023-06-02,C51811,Chair,3,445.12,339 Main St,TRK82377939,8,NoCoupon,1335.36,2023,6,Friday,445.11999999999995,0,0.375,False,False,False,True,False,True,False,False,False,False,False,False,True,False,False
ORD200613,2024-12-19,C62405,Laptop,2,230.36,154 Main St,TRK14721763,4,WINTER15,460.72,2024,12,Thursday,230.36,1,0.5,False,False,False,False,True,False,False,False,True,False,True,False,False,False,False
ORD200614,2024-03-08,C77363,Phone,1,96.81,807 Main St,TRK12439827,3,NoCoupon,96.81,2024,3,Friday,96.81,0,0.3333333333333333,False,False,False,True,False,True,False,False,False,False,False,False,False,False,True
ORD200615,2025-03-07,C97218,Monitor,5,460.14,252 Main St,TRK52632065,10,WINTER15,2300.7,2025,3,Friday,460.14,1,0.5,False,True,False,False,False,False,False,False,True,False,False,True,False,False,False
ORD200616,2024-10-17,C43919,Tablet,3,601.6,984 Main St,TRK73113192,7,SAVE10,1804.8,2024,10,Thursday,601.6,1,0.42857142857142855,False,True,False,False,False,True,False,False,False,False,False,True,False,False,False
ORD200617,2024-02-08,C57093,Tablet,3,184.47,834 Main St,TRK75469057,4,NoCoupon,553.41,2024,2,Thursday,184.47,0,0.75,False,False,False,False,True,True,False,False,False,False,False,False,False,False,True
ORD200618,2024-09-03,C50565,Tablet,1,411.34,399 Main St,TRK97981418,5,NoCoupon,411.34,2024,9,Tuesday,411.34,0,0.2,False,False,True,False,False,False,False,False,True,False,False,False,False,True,False
ORD200619,2024-07-16,C38845,Laptop,1,532.89,764 Main St,TRK47637374,2,NoCoupon,532.89,2024,7,Tuesday,532.89,0,0.5,False,False,False,True,False,False,False,True,False,False,False,False,False,False,True
ORD200620,2024-03-27,C84834,Tablet,3,136.34,866 Main St,TRK90136001,8,SAVE10,409.02,2024,3,Wednesday,136.34,1,0.375,False,False,True,False,False,False,False,False,True,False,False,False,False,False,True
ORD200621,2023-10-22,C37455,Phone,5,476.01,146 Main St,TRK82685594,7,WINTER15,2380.05,2023,10,Sunday,476.01000000000005,1,0.7142857142857143,False,True,False,False,False,False,True,False,False,False,False,False,True,False,False
ORD200622,2024-11-02,C27078,Desk,5,236.38,128 Main St,TRK89314307,7,NoCoupon,1181.9,2024,11,Saturday,236.38000000000002,0,0.7142857142857143,False,True,False,False,False,False,False,False,True,False,False,True,False,False,False
ORD200623,2023-06-16,C91941,Printer,3,396.0,269 Main St,TRK21330732,4,FREESHIP,1188.0,2023,6,Friday,396.0,1,0.75,False,False,False,True,False,True,False,False,False,False,False,False,False,True,False
ORD200624,2024-01-16,C25967,Tablet,5,341.96,747 Main St,TRK88559278,6,NoCoupon,1709.8,2024,1,Tuesday,341.96,0,0.8333333333333334,False,False,True,False,False,False,True,False,False,False,True,False,False,False,False
ORD200625,2023-09-24,C22123,Tablet,1,672.89,519 Main St,TRK43250279,1,WINTER15,672.89,2023,9,Sunday,672.89,1,1.0,False,True,False,False,False,False,False,True,False,False,True,False,False,False,False
ORD200626,2024-03-01,C45671,Tablet,2,657.48,769 Main St,TRK18179773,5,SAVE10,1314.96,2024,3,Friday,657.48,1,0.4,False,False,False,False,True,False,False,False,False,True,False,False,False,False,True
ORD200627,2023-08-06,C53334,Chair,3,498.68,879 Main St,TRK31724421,4,FREESHIP,1496.04,2023,8,Sunday,498.68,1,0.75,False,False,False,False,True,False,False,False,True,False,True,False,False,False,False
ORD200628,2023-03-26,C18717,Printer,5,558.63,861 Main St,TRK58568806,8,FREESHIP,2793.15,2023,3,Sunday,558.63,1,0.625,True,False,False,False,False,False,False,True,False,False,False,False,False,False,True
ORD200629,2023-07-07,C50137,Phone,3,19.73,840 Main St,TRK91836131,3,NoCoupon,59.19,2023,7,Friday,19.73,0,1.0,False,False,False,False,True,False,False,True,False,False,False,False,False,False,True
ORD200630,2023-06-23,C51481,Monitor,5,248.84,140 Main St,TRK33437701,10,NoCoupon,1244.2,2023,6,Friday,248.84,0,0.5,False,False,True,False,False,True,False,False,False,False,False,False,False,True,False
ORD200631,2024-08-31,C99128,Chair,3,46.11,360 Main St,TRK32426808,5,WINTER15,138.33,2024,8,Saturday,46.11000000000001,1,0.6,False,False,False,True,False,False,False,False,True,False,False,False,False,False,True
ORD200632,2023-05-02,C67260,Laptop,5,678.16,463 Main St,TRK38229104,7,WINTER15,3330.4075,2023,5,Tuesday,666.0815,1,0.7142857142857143,False,False,False,True,False,False,True,False,False,False,False,True,False,False,False
ORD200633,2024-04-10,C79533,Laptop,5,601.72,921 Main St,TRK54711422,5,WINTER15,3008.6,2024,4,Wednesday,601.72,1,1.0,False,False,False,True,False,True,False,False,False,False,False,False,False,True,False
ORD200634,2024-04-25,C66906,Printer,2,259.32,117 Main St,TRK31633755,2,WINTER15,518.64,2024,4,Thursday,259.32,1,1.0,False,False,False,True,False,False,True,False,False,False,False,False,False,False,True
ORD200635,2023-12-13,C12818,Chair,3,63.68,434 Main St,TRK40879983,6,NoCoupon,191.04,2023,12,Wednesday,63.68,0,0.5,True,False,False,False,False,False,False,False,True,False,False,True,False,False,False
ORD200636,2023-10-05,C60384,Laptop,4,371.07,336 Main St,TRK92080037,7,WINTER15,1484.28,2023,10,Thursday,371.07,1,0.5714285714285714,True,False,False,False,False,True,False,False,False,False,False,True,False,False,False
ORD200637,2024-09-29,C92294,Chair,4,306.35,784 Main St,TRK23585765,7,WINTER15,1225.4,2024,9,Sunday,306.35,1,0.5714285714285714,False,False,False,True,False,False,False,False,False,True,False,False,False,False,True
ORD200638,2023-10-15,C66840,Tablet,4,578.27,547 Main St,TRK76929637,9,WINTER15,2313.08,2023,10,Sunday,578.27,1,0.4444444444444444,False,False,False,False,True,False,True,False,False,False,True,False,False,False,False
ORD200639,2023-01-20,C22534,Chair,1,529.19,391 Main St,TRK17415798,5,NoCoupon,529.19,2023,1,Friday,529.19,0,0.2,True,False,False,False,False,True,False,False,False,False,False,False,False,False,True
ORD200640,2024-02-27,C46509,Chair,2,587.49,647 Main St,TRK24241664,6,SAVE10,1174.98,2024,2,Tuesday,587.49,1,0.3333333333333333,False,False,False,True,False,False,False,False,True,False,False,False,False,False,True
ORD200641,2024-06-30,C71680,Printer,4,567.57,814 Main St,TRK47386650,9,WINTER15,2270.28,2024,6,Sunday,567.57,1,0.4444444444444444,False,False,True,False,False,False,False,True,False,False,False,False,True,False,False
ORD200642,2024-04-29,C15063,Chair,5,85.22,527 Main St,TRK10329390,7,FREESHIP,426.1,2024,4,Monday,85.22,1,0.7142857142857143,False,True,False,False,False,True,False,False,False,False,True,False,False,False,False
ORD200643,2024-08-26,C77122,Laptop,1,438.37,647 Main St,TRK75814880,4,SAVE10,438.37,2024,8,Monday,438.37,1,0.25,True,False,False,False,False,True,False,False,False,False,False,False,False,False,True
ORD200644,2023-11-15,C86524,Chair,2,366.23,961 Main St,TRK62490506,2,WINTER15,732.46,2023,11,Wednesday,366.23,1,1.0,True,False,False,False,False,False,False,False,False,True,True,False,False,False,False
ORD200645,2023-01-02,C82990,Laptop,2,150.05,727 Main St,TRK68574801,4,SAVE10,300.1,2023,1,Monday,150.05,1,0.5,False,True,False,False,False,True,False,False,False,False,False,True,False,False,False
ORD200646,2023-10-27,C98761,Chair,4,498.51,804 Main St,TRK43262630,4,SAVE10,1994.04,2023,10,Friday,498.51,1,1.0,False,False,True,False,False,False,False,False,False,True,False,False,True,False,False
ORD200647,2025-04-24,C54409,Desk,3,339.39,667 Main St,TRK67671316,7,FREESHIP,1018.17,2025,4,Thursday,339.39,1,0.42857142857142855,True,False,False,False,False,False,False,False,True,False,False,False,True,False,False
ORD200648,2025-01-18,C89674,Monitor,2,575.83,182 Main St,TRK45902512,3,WINTER15,1151.66,2025,1,Saturday,575.83,1,0.6666666666666666,False,False,False,False,True,False,True,False,False,False,False,False,False,False,True
ORD200649,2023-12-23,C45899,Monitor,2,642.98,153 Main St,TRK32932093,7,FREESHIP,1285.96,2023,12,Saturday,642.98,1,0.2857142857142857,False,False,True,False,False,False,False,False,True,False,True,False,False,False,False
ORD200650,2023-05-18,C74499,Desk,2,372.23,518 Main St,TRK93767278,7,SAVE10,744.46,2023,5,Thursday,372.23,1,0.2857142857142857,False,False,False,True,False,False,True,False,False,False,True,False,False,False,False
ORD200651,2024-11-12,C81192,Chair,3,646.34,429 Main St,TRK76931118,5,NoCoupon,1939.02,2024,11,Tuesday,646.34,0,0.6,False,False,True,False,False,False,False,True,False,False,False,False,True,False,False
ORD200652,2024-06-05,C71473,Chair,5,341.84,328 Main St,TRK94857335,8,FREESHIP,1709.2,2024,6,Wednesday,341.84000000000003,1,0.625,False,False,False,False,True,False,False,False,False,True,False,False,False,True,False
ORD200653,2024-02-25,C59338,Printer,3,690.3,747 Main St,TRK12902764,6,WINTER15,2070.9,2024,2,Sunday,690.3000000000001,1,0.5,False,True,False,False,False,False,False,False,False,True,False,False,True,False,False
ORD200654,2023-06-12,C62661,Tablet,3,382.37,863 Main St,TRK25748100,8,NoCoupon,1147.11,2023,6,Monday,382.36999999999995,0,0.375,False,False,True,False,False,False,False,False,True,False,False,False,False,True,False
ORD200655,2023-03-14,C22101,Chair,2,132.6,262 Main St,TRK70711522,4,WINTER15,265.2,2023,3,Tuesday,132.6,1,0.5,False,False,True,False,False,True,False,False,False,False,True,False,False,False,False
ORD200656,2024-01-18,C51404,Monitor,2,189.06,835 Main St,TRK85682500,7,SAVE10,378.12,2024,1,Thursday,189.06,1,0.2857142857142857,False,False,False,True,False,False,False,False,False,True,False,True,False,False,False
ORD200657,2023-12-24,C19384,Tablet,4,87.79,532 Main St,TRK33207064,6,FREESHIP,351.16,2023,12,Sunday,87.79,1,0.6666666666666666,True,False,False,False,False,True,False,False,False,False,False,False,False,True,False
ORD200658,2025-04-18,C86864,Printer,2,46.36,670 Main St,TRK15323191,4,SAVE10,92.72,2025,4,Friday,46.36,1,0.5,False,False,False,True,False,False,False,False,True,False,False,False,True,False,False
ORD200659,2024-10-26,C24301,Phone,2,642.04,964 Main St,TRK55000075,4,WINTER15,1284.08,2024,10,Saturday,642.04,1,0.5,False,False,False,True,False,False,True,False,False,False,True,False,False,False,False
ORD200660,2024-10-19,C43842,Chair,2,651.57,933 Main St,TRK54084424,7,WINTER15,1303.14,2024,10,Saturday,651.57,1,0.2857142857142857,False,False,True,False,False,False,False,False,False,True,False,True,False,False,False
ORD200661,2025-02-28,C63657,Tablet,3,424.89,116 Main St,TRK86378984,6,FREESHIP,1274.67,2025,2,Friday,424.89000000000004,1,0.5,False,False,True,False,False,True,False,False,False,False,False,False,True,False,False
ORD200662,2023-01-28,C98332,Laptop,3,438.89,985 Main St,TRK85744797,3,NoCoupon,1316.67,2023,1,Saturday,438.89000000000004,0,1.0,True,False,False,False,False,False,False,False,True,False,False,True,False,False,False
ORD200663,2024-04-15,C59774,Monitor,1,72.6,941 Main St,TRK87635135,6,FREESHIP,72.6,2024,4,Monday,72.6,1,0.16666666666666666,False,False,True,False,False,True,False,False,False,False,False,False,False,True,False
ORD200664,2024-12-19,C14847,Laptop,4,194.75,188 Main St,TRK46492755,5,NoCoupon,779.0,2024,12,Thursday,194.75,0,0.8,True,False,False,False,False,False,False,False,False,True,False,True,False,False,False
ORD200665,2023-05-02,C83653,Tablet,4,231.26,253 Main St,TRK32619935,6,WINTER15,925.04,2023,5,Tuesday,231.26,1,0.6666666666666666,False,False,False,False,True,False,False,False,False,True,False,False,True,False,False
ORD200666,2024-08-31,C35711,Monitor,4,327.12,788 Main St,TRK45281495,4,NoCoupon,1308.48,2024,8,Saturday,327.12,0,1.0,False,True,False,False,False,True,False,False,False,False,True,False,False,False,False
ORD200667,2023-05-03,C10477,Laptop,1,466.42,172 Main St,TRK41505339,5,SAVE10,466.42,2023,5,Wednesday,466.42,1,0.2,False,False,False,True,False,False,False,True,False,False,True,False,False,False,False
ORD200668,2024-07-05,C61257,Monitor,2,253.67,981 Main St,TRK25226070,3,WINTER15,507.34,2024,7,Friday,253.67,1,0.6666666666666666,True,False,False,False,False,False,False,False,True,False,False,True,False,False,False
ORD200669,2023-02-05,C60547,Desk,1,257.0,812 Main St,TRK65694249,5,NoCoupon,257.0,2023,2,Sunday,257.0,0,0.2,False,False,True,False,False,True,False,False,False,False,False,False,False,False,True
ORD200670,2024-04-18,C14576,Desk,4,539.2,747 Main St,TRK21637540,8,FREESHIP,2156.8,2024,4,Thursday,539.2,1,0.5,False,True,False,False,False,False,False,True,False,False,False,False,True,False,False
ORD200671,2023-06-15,C49282,Chair,5,50.74,737 Main St,TRK88653901,7,WINTER15,253.7,2023,6,Thursday,50.739999999999995,1,0.7142857142857143,False,False,False,True,False,True,False,False,False,False,False,False,True,False,False
ORD200672,2023-05-09,C14017,Phone,2,624.16,984 Main St,TRK71009446,2,SAVE10,1248.32,2023,5,Tuesday,624.16,1,1.0,False,False,True,False,False,False,False,False,False,True,False,False,False,True,False
ORD200673,2023-02-21,C46504,Tablet,2,372.92,131 Main St,TRK95024356,7,SAVE10,745.84,2023,2,Tuesday,372.92,1,0.2857142857142857,False,True,False,False,False,False,True,False,False,False,True,False,False,False,False
ORD200674,2024-01-09,C56928,Laptop,4,358.75,860 Main St,TRK57792939,9,SAVE10,1435.0,2024,1,Tuesday,358.75,1,0.4444444444444444,False,False,False,True,False,False,True,False,False,False,False,True,False,False,False
ORD200675,2024-08-06,C97749,Desk,3,342.02,906 Main St,TRK90233116,5,NoCoupon,1026.06,2024,8,Tuesday,342.02,0,0.6,False,False,True,False,False,False,False,True,False,False,True,False,False,False,False
ORD200676,2025-06-23,C90431,Laptop,2,422.34,985 Main St,TRK44151723,4,FREESHIP,844.68,2025,6,Monday,422.34,1,0.5,False,True,False,False,False,True,False,False,False,False,False,False,False,True,False
ORD200677,2025-04-03,C56722,Tablet,5,22.07,179 Main St,TRK78778569,7,FREESHIP,110.35,2025,4,Thursday,22.07,1,0.7142857142857143,False,False,False,False,True,True,False,False,False,False,False,False,False,True,False
ORD200678,2024-11-24,C40863,Chair,3,163.13,457 Main St,TRK20553345,5,WINTER15,489.39,2024,11,Sunday,163.13,1,0.6,False,False,False,True,False,False,False,False,False,True,False,True,False,False,False
ORD200679,2023-02-02,C40798,Tablet,3,360.66,304 Main St,TRK66106697,5,FREESHIP,1081.98,2023,2,Thursday,360.66,1,0.6,False,False,False,False,True,False,False,False,True,False,False,False,False,True,False
ORD200680,2023-08-27,C16702,Monitor,3,463.39,694 Main St,TRK16953491,3,NoCoupon,1390.17,2023,8,Sunday,463.39000000000004,0,1.0,False,True,False,False,False,False,False,False,True,False,False,True,False,False,False
ORD200681,2024-01-30,C38262,Tablet,1,155.27,548 Main St,TRK47300502,6,NoCoupon,155.27,2024,1,Tuesday,155.27,0,0.16666666666666666,False,False,True,False,False,False,False,False,False,True,True,False,False,False,False
ORD200682,2023-07-23,C50274,Monitor,3,509.42,449 Main St,TRK91729086,5,FREESHIP,1528.26,2023,7,Sunday,509.42,1,0.6,False,True,False,False,False,True,False,False,False,False,False,False,True,False,False
ORD200683,2025-05-18,C91591,Desk,4,652.48,887 Main St,TRK23554043,5,FREESHIP,2609.92,2025,5,Sunday,652.48,1,0.8,True,False,False,False,False,False,False,True,False,False,False,False,False,True,False
ORD200684,2024-09-22,C96583,Printer,4,34.84,288 Main St,TRK64353241,8,NoCoupon,139.36,2024,9,Sunday,34.84,0,0.5,False,True,False,False,False,False,False,False,False,True,True,False,False,False,False
ORD200685,2025-02-07,C64579,Desk,1,234.37,638 Main St,TRK10276565,5,FREESHIP,234.37,2025,2,Friday,234.37,1,0.2,False,False,True,False,False,False,False,False,False,True,True,False,False,False,False
ORD200686,2023-10-09,C41903,Desk,3,53.6,525 Main St,TRK59112382,4,WINTER15,160.8,2023,10,Monday,53.6,1,0.75,True,False,False,False,False,False,False,True,False,False,False,True,False,False,False
ORD200687,2023-09-13,C19742,Tablet,1,332.09,408 Main St,TRK68845230,5,FREESHIP,332.09,2023,9,Wednesday,332.09,1,0.2,False,False,False,True,False,False,False,False,True,False,False,False,False,True,False
ORD200688,2024-03-06,C20077,Monitor,4,593.22,154 Main St,TRK36415742,8,WINTER15,2372.88,2024,3,Wednesday,593.22,1,0.5,False,True,False,False,False,True,False,False,False,False,False,True,False,False,False
ORD200689,2023-08-29,C13186,Tablet,2,444.84,787 Main St,TRK56967415,7,NoCoupon,889.68,2023,8,Tuesday,444.84,0,0.2857142857142857,False,False,False,False,True,False,False,False,False,True,False,True,False,False,False
ORD200690,2024-07-12,C29318,Monitor,1,24.48,128 Main St,TRK88666721,1,NoCoupon,24.48,2024,7,Friday,24.48,0,1.0,False,False,False,True,False,False,False,False,True,False,False,False,False,True,False
ORD200691,2024-11-24,C36137,Laptop,3,239.08,396 Main St,TRK57376416,8,NoCoupon,717.24,2024,11,Sunday,239.08,0,0.375,True,False,False,False,False,False,False,False,False,True,False,False,True,False,False
ORD200692,2023-01-23,C25534,Desk,5,196.84,319 Main St,TRK68347402,5,WINTER15,984.2,2023,1,Monday,196.84,1,1.0,False,True,False,False,False,False,True,False,False,False,False,False,False,True,False
ORD200693,2025-03-12,C62070,Monitor,1,176.58,674 Main St,TRK10267127,4,NoCoupon,176.58,2025,3,Wednesday,176.58,0,0.25,False,False,True,False,False,False,False,False,True,False,False,False,False,False,True
ORD200694,2023-10-02,C92049,Printer,4,666.52,619 Main St,TRK32287092,8,FREESHIP,2666.08,2023,10,Monday,666.52,1,0.5,True,False,False,False,False,False,False,False,False,True,True,False,False,False,False
ORD200695,2024-11-23,C52604,Printer,5,101.3,553 Main St,TRK48839788,7,FREESHIP,506.5,2024,11,Saturday,101.3,1,0.7142857142857143,False,False,False,False,True,False,False,False,False,True,True,False,False,False,False
ORD200696,2023-07-02,C22429,Chair,4,151.2,965 Main St,TRK38572927,9,WINTER15,604.8,2023,7,Sunday,151.2,1,0.4444444444444444,False,False,False,True,False,False,False,True,False,False,False,True,False,False,False
ORD200697,2025-02-04,C27430,Printer,5,94.85,788 Main St,TRK45025840,6,WINTER15,474.25,2025,2,Tuesday,94.85,1,0.8333333333333334,True,False,False,False,False,False,False,False,False,True,True,False,False,False,False
ORD200698,2023-01-04,C44366,Laptop,2,388.22,169 Main St,TRK48658394,2,WINTER15,776.44,2023,1,Wednesday,388.22,1,1.0,True,False,False,False,False,False,True,False,False,False,False,False,False,True,False
ORD200699,2023-11-13,C36813,Laptop,3,614.15,897 Main St,TRK84088900,3,NoCoupon,1842.45,2023,11,Monday,614.15,0,1.0,False,False,False,True,False,True,False,False,False,False,False,True,False,False,False
ORD200700,2024-09-25,C40201,Laptop,2,92.91,555 Main St,TRK30198779,3,WINTER15,185.82,2024,9,Wednesday,92.91,1,0.6666666666666666,True,False,False,False,False,False,False,False,True,False,False,False,False,True,False
ORD200701,2024-06-23,C75456,Monitor,3,92.22,115 Main St,TRK90519490,5,FREESHIP,276.66,2024,6,Sunday,92.22000000000001,1,0.6,False,True,False,False,False,False,True,False,False,False,True,False,False,False,False
ORD200702,2024-06-09,C33315,Printer,3,562.55,154 Main St,TRK43589369,6,NoCoupon,1687.65,2024,6,Sunday,562.5500000000001,0,0.5,False,False,True,False,False,False,False,False,True,False,True,False,False,False,False
ORD200703,2023-03-22,C89336,Desk,1,92.79,799 Main St,TRK47665103,3,WINTER15,92.79,2023,3,Wednesday,92.79,1,0.3333333333333333,True,False,False,False,False,False,False,True,False,False,True,False,False,False,False
ORD200704,2023-06-03,C96034,Desk,4,30.27,819 Main St,TRK87261034,9,FREESHIP,121.08,2023,6,Saturday,30.27,1,0.4444444444444444,False,False,False,False,True,False,True,False,False,False,False,False,True,False,False
ORD200705,2025-03-30,C50114,Monitor,2,49.08,420 Main St,TRK20214786,7,FREESHIP,98.16,2025,3,Sunday,49.08,1,0.2857142857142857,False,False,True,False,False,False,False,False,True,False,False,False,False,True,False
ORD200706,2025-03-02,C85330,Desk,5,228.09,969 Main St,TRK97693301,9,FREESHIP,1140.45,2025,3,Sunday,228.09,1,0.5555555555555556,False,False,False,True,False,False,False,False,True,False,False,True,False,False,False
ORD200707,2024-11-01,C31761,Chair,4,650.04,989 Main St,TRK17628852,6,SAVE10,2600.16,2024,11,Friday,650.04,1,0.6666666666666666,False,False,False,True,False,True,False,False,False,False,False,True,False,False,False
ORD200708,2025-03-04,C25268,Printer,1,665.11,788 Main St,TRK20481215,3,FREESHIP,665.11,2025,3,Tuesday,665.11,1,0.3333333333333333,True,False,False,False,False,False,False,True,False,False,False,False,False,True,False
ORD200709,2024-12-07,C17132,Desk,1,386.03,855 Main St,TRK37504692,4,FREESHIP,386.03,2024,12,Saturday,386.03,1,0.25,False,False,False,False,True,False,False,True,False,False,False,False,True,False,False
ORD200710,2024-07-22,C48790,Laptop,5,21.54,113 Main St,TRK19086608,10,NoCoupon,107.7,2024,7,Monday,21.54,0,0.5,False,False,False,True,False,False,False,False,True,False,False,False,True,False,False
ORD200711,2024-07-04,C61070,Tablet,2,475.78,632 Main St,TRK90764894,2,WINTER15,951.56,2024,7,Thursday,475.78,1,1.0,False,False,False,False,True,False,False,False,False,True,False,False,True,False,False
ORD200712,2024-01-09,C56969,Tablet,2,68.4,993 Main St,TRK10513339,7,FREESHIP,136.8,2024,1,Tuesday,68.4,1,0.2857142857142857,False,False,False,True,False,False,False,True,False,False,True,False,False,False,False
ORD200713,2025-06-21,C65056,Tablet,4,532.49,638 Main St,TRK31705278,6,SAVE10,2129.96,2025,6,Saturday,532.49,1,0.6666666666666666,False,False,False,False,True,True,False,False,False,False,False,True,False,False,False
ORD200714,2023-04-21,C84888,Laptop,1,51.73,278 Main St,TRK23612847,1,FREESHIP,51.73,2023,4,Friday,51.73,1,1.0,False,False,True,False,False,False,False,True,False,False,False,True,False,False,False
ORD200715,2024-07-26,C68266,Printer,3,653.63,281 Main St,TRK96161062,7,FREESHIP,1960.89,2024,7,Friday,653.63,1,0.42857142857142855,False,False,False,False,True,False,True,False,False,False,True,False,False,False,False
ORD200716,2024-06-13,C84115,Chair,3,454.29,891 Main St,TRK25466842,4,WINTER15,1362.87,2024,6,Thursday,454.28999999999996,1,0.75,False,True,False,False,False,False,False,True,False,False,False,False,True,False,False
ORD200717,2023-10-16,C50087,Chair,3,122.11,707 Main St,TRK31143760,4,WINTER15,366.33,2023,10,Monday,122.11,1,0.75,False,False,False,False,True,False,True,False,False,False,True,False,False,False,False
ORD200718,2023-04-08,C16790,Laptop,4,64.74,718 Main St,TRK91791367,8,SAVE10,258.96,2023,4,Saturday,64.74,1,0.5,False,False,False,True,False,True,False,False,False,False,False,False,True,False,False
ORD200719,2024-01-21,C46920,Laptop,2,681.06,703 Main St,TRK86403837,3,FREESHIP,1362.12,2024,1,Sunday,681.06,1,0.6666666666666666,False,False,True,False,False,False,False,False,False,True,False,True,False,False,False
ORD200720,2023-09-21,C12740,Desk,5,128.95,305 Main St,TRK98506513,10,FREESHIP,644.75,2023,9,Thursday,128.95,1,0.5,True,False,False,False,False,False,False,True,False,False,False,False,False,True,False
ORD200721,2024-03-18,C46557,Desk,2,118.59,890 Main St,TRK56110689,2,NoCoupon,237.18,2024,3,Monday,118.59,0,1.0,False,True,False,False,False,False,True,False,False,False,True,False,False,False,False
ORD200722,2024-11-15,C58156,Printer,1,95.1,516 Main St,TRK49719458,1,WINTER15,95.1,2024,11,Friday,95.1,1,1.0,False,False,False,True,False,False,False,True,False,False,False,False,False,True,False
ORD200723,2023-12-09,C14455,Desk,3,54.95,385 Main St,TRK50933724,8,SAVE10,164.85,2023,12,Saturday,54.949999999999996,1,0.375,True,False,False,False,False,False,False,False,True,False,False,False,False,False,True
ORD200724,2024-10-18,C63150,Printer,3,136.97,326 Main St,TRK19348078,4,FREESHIP,410.91,2024,10,Friday,136.97,1,0.75,False,True,False,False,False,False,False,False,True,False,False,False,False,False,True
ORD200725,2023-03-12,C95269,Chair,2,194.85,372 Main St,TRK45670926,5,NoCoupon,389.7,2023,3,Sunday,194.85,0,0.4,False,False,False,True,False,False,False,False,True,False,False,False,False,False,True
ORD200726,2024-10-25,C18105,Laptop,4,583.02,338 Main St,TRK94006117,4,FREESHIP,2332.08,2024,10,Friday,583.02,1,1.0,False,False,False,False,True,False,True,False,False,False,False,True,False,False,False
ORD200727,2024-09-29,C29063,Chair,5,95.75,379 Main St,TRK92745947,8,SAVE10,478.75,2024,9,Sunday,95.75,1,0.625,False,False,False,False,True,False,False,False,False,True,False,False,False,True,False
ORD200728,2024-07-29,C10154,Desk,4,325.76,827 Main St,TRK79793300,8,WINTER15,1303.04,2024,7,Monday,325.76,1,0.5,False,False,False,True,False,False,False,False,False,True,True,False,False,False,False
ORD200729,2023-09-08,C36997,Phone,4,186.41,819 Main St,TRK92794872,6,SAVE10,745.64,2023,9,Friday,186.41,1,0.6666666666666666,False,False,False,True,False,False,False,True,False,False,False,False,True,False,False
ORD200730,2025-02-22,C77357,Phone,1,474.6,407 Main St,TRK91943923,4,SAVE10,474.6,2025,2,Saturday,474.6,1,0.25,False,False,True,False,False,False,True,False,False,False,True,False,False,False,False
ORD200731,2024-06-07,C71310,Printer,5,584.46,308 Main St,TRK48292586,8,NoCoupon,2922.3,2024,6,Friday,584.46,0,0.625,False,True,False,False,False,False,False,False,True,False,True,False,False,False,False
ORD200732,2025-03-07,C80987,Laptop,1,132.05,787 Main St,TRK42187776,2,NoCoupon,132.05,2025,3,Friday,132.05,0,0.5,False,False,False,False,True,False,True,False,False,False,False,False,True,False,False
ORD200733,2023-12-04,C90757,Tablet,4,494.84,694 Main St,TRK87991608,8,SAVE10,1979.36,2023,12,Monday,494.84,1,0.5,True,False,False,False,False,False,False,False,True,False,True,False,False,False,False
ORD200734,2024-01-23,C51898,Printer,4,224.61,630 Main St,TRK19767885,6,WINTER15,898.44,2024,1,Tuesday,224.61,1,0.6666666666666666,False,True,False,False,False,False,False,False,True,False,False,True,False,False,False
ORD200735,2024-06-28,C94508,Monitor,4,44.07,359 Main St,TRK13443264,6,NoCoupon,176.28,2024,6,Friday,44.07,0,0.6666666666666666,False,False,True,False,False,False,False,True,False,False,True,False,False,False,False
ORD200736,2024-02-09,C59441,Monitor,5,418.53,696 Main St,TRK66186874,6,FREESHIP,2092.65,2024,2,Friday,418.53000000000003,1,0.8333333333333334,False,True,False,False,False,False,False,True,False,False,False,False,True,False,False
ORD200737,2024-01-03,C91029,Phone,4,532.87,972 Main St,TRK25501930,9,FREESHIP,2131.48,2024,1,Wednesday,532.87,1,0.4444444444444444,True,False,False,False,False,False,False,True,False,False,False,False,False,True,False
ORD200738,2025-06-04,C96261,Phone,2,485.37,264 Main St,TRK44998396,5,SAVE10,970.74,2025,6,Wednesday,485.37,1,0.4,False,True,False,False,False,False,False,False,False,True,True,False,False,False,False
ORD200739,2024-06-13,C35123,Phone,4,386.73,513 Main St,TRK58979275,4,SAVE10,1546.92,2024,6,Thursday,386.73,1,1.0,True,False,False,False,False,False,True,False,False,False,False,True,False,False,False
ORD200740,2024-07-20,C10892,Desk,2,377.47,433 Main St,TRK76154554,7,NoCoupon,754.94,2024,7,Saturday,377.47,0,0.2857142857142857,True,False,False,False,False,False,False,True,False,False,False,False,True,False,False
ORD200741,2025-01-23,C99683,Monitor,5,332.64,945 Main St,TRK87305883,10,NoCoupon,1663.2,2025,1,Thursday,332.64,0,0.5,False,False,False,True,False,False,True,False,False,False,False,False,False,False,True
ORD200742,2024-11-30,C41974,Laptop,3,699.93,726 Main St,TRK48051468,7,SAVE10,2099.79,2024,11,Saturday,699.93,1,0.42857142857142855,True,False,False,False,False,False,False,False,True,False,False,False,True,False,False
ORD200743,2024-09-30,C23978,Monitor,1,576.35,549 Main St,TRK87090813,1,WINTER15,576.35,2024,9,Monday,576.35,1,1.0,False,False,False,True,False,False,False,False,True,False,False,False,False,True,False
ORD200744,2024-06-12,C10642,Tablet,2,461.37,200 Main St,TRK98725693,5,SAVE10,922.74,2024,6,Wednesday,461.37,1,0.4,True,False,False,False,False,False,True,False,False,False,False,False,True,False,False
ORD200745,2023-03-02,C73813,Printer,4,111.3,364 Main St,TRK89906749,7,FREESHIP,445.2,2023,3,Thursday,111.3,1,0.5714285714285714,False,False,True,False,False,False,False,True,False,False,True,False,False,False,False
ORD200746,2025-02-24,C32183,Desk,3,661.89,551 Main St,TRK76287027,6,WINTER15,1985.67,2025,2,Monday,661.89,1,0.5,False,False,False,False,True,True,False,False,False,False,False,False,False,False,True
ORD200747,2025-03-12,C54277,Tablet,2,259.58,940 Main St,TRK26500181,7,FREESHIP,519.16,2025,3,Wednesday,259.58,1,0.2857142857142857,False,False,True,False,False,False,True,False,False,False,False,False,False,True,False
ORD200748,2024-07-15,C56553,Tablet,3,70.81,249 Main St,TRK37667360,8,FREESHIP,212.43,2024,7,Monday,70.81,1,0.375,False,True,False,False,False,False,False,False,False,True,False,False,False,False,True
ORD200749,2025-04-13,C17551,Laptop,1,518.39,997 Main St,TRK88797170,4,FREESHIP,518.39,2025,4,Sunday,518.39,1,0.25,False,False,True,False,False,False,False,True,False,False,False,False,False,True,False
ORD200750,2023-01-14,C14737,Tablet,4,145.41,637 Main St,TRK10295115,7,FREESHIP,581.64,2023,1,Saturday,145.41,1,0.5714285714285714,False,True,False,False,False,False,False,False,True,False,True,False,False,False,False
ORD200751,2023-01-24,C35168,Tablet,2,599.86,455 Main St,TRK76960854,7,FREESHIP,1199.72,2023,1,Tuesday,599.86,1,0.2857142857142857,False,False,False,True,False,False,False,True,False,False,False,True,False,False,False
ORD200752,2024-10-03,C82217,Phone,4,429.37,299 Main St,TRK33305694,8,FREESHIP,1717.48,2024,10,Thursday,429.37,1,0.5,False,True,False,False,False,False,True,False,False,False,False,False,True,False,False
ORD200753,2024-04-24,C42270,Phone,2,241.49,864 Main St,TRK72697796,7,FREESHIP,482.98,2024,4,Wednesday,241.49,1,0.2857142857142857,False,False,True,False,False,False,False,False,True,False,False,False,False,True,False
ORD200754,2025-05-31,C48846,Printer,2,452.05,983 Main St,TRK52804097,3,WINTER15,904.1,2025,5,Saturday,452.05,1,0.6666666666666666,False,True,False,False,False,False,False,False,True,False,True,False,False,False,False
ORD200755,2023-06-13,C54160,Desk,3,336.71,658 Main St,TRK60515972,4,NoCoupon,1010.13,2023,6,Tuesday,336.71,0,0.75,False,True,False,False,False,False,False,True,False,False,True,False,False,False,False
ORD200756,2024-06-27,C14080,Phone,1,283.69,202 Main St,TRK93163682,6,NoCoupon,283.69,2024,6,Thursday,283.69,0,0.16666666666666666,False,False,False,True,False,False,False,False,False,True,False,False,True,False,False
ORD200757,2024-02-22,C81074,Desk,1,157.72,597 Main St,TRK91105190,2,FREESHIP,157.72,2024,2,Thursday,157.72,1,0.5,False,False,True,False,False,False,True,False,False,False,False,False,True,False,False
ORD200758,2023-03-26,C69021,Tablet,3,624.84,917 Main St,TRK57148510,8,WINTER15,1874.52,2023,3,Sunday,624.84,1,0.375,False,True,False,False,False,True,False,False,False,False,False,True,False,False,False
ORD200759,2023-07-24,C96283,Desk,3,308.01,366 Main St,TRK91784124,3,FREESHIP,924.03,2023,7,Monday,308.01,1,1.0,True,False,False,False,False,False,False,True,False,False,False,True,False,False,False
ORD200760,2025-02-18,C96636,Desk,1,39.56,283 Main St,TRK73324346,5,NoCoupon,39.56,2025,2,Tuesday,39.56,0,0.2,False,False,True,False,False,True,False,False,False,False,False,False,True,False,False
ORD200761,2023-06-02,C37235,Desk,4,37.76,217 Main St,TRK67789367,7,NoCoupon,151.04,2023,6,Friday,37.76,0,0.5714285714285714,False,False,True,False,False,False,True,False,False,False,False,False,True,False,False
ORD200762,2024-09-17,C12444,Phone,3,76.96,611 Main St,TRK97621403,8,FREESHIP,230.88,2024,9,Tuesday,76.96,1,0.375,True,False,False,False,False,False,False,False,True,False,True,False,False,False,False
ORD200763,2023-04-06,C79142,Laptop,1,569.96,533 Main St,TRK30915955,4,FREESHIP,569.96,2023,4,Thursday,569.96,1,0.25,False,False,False,False,True,False,True,False,False,False,True,False,False,False,False
ORD200764,2024-03-10,C35983,Laptop,5,627.43,806 Main St,TRK14016163,10,FREESHIP,3137.15,2024,3,Sunday,627.4300000000001,1,0.5,False,True,False,False,False,True,False,False,False,False,True,False,False,False,False
ORD200765,2023-10-06,C36150,Laptop,2,534.91,281 Main St,TRK96249043,5,SAVE10,1069.82,2023,10,Friday,534.91,1,0.4,False,False,True,False,False,False,False,False,True,False,False,False,True,False,False
ORD200766,2023-01-22,C91454,Printer,2,278.88,494 Main St,TRK99985340,3,FREESHIP,557.76,2023,1,Sunday,278.88,1,0.6666666666666666,False,False,True,False,False,False,False,True,False,False,False,False,False,False,True
ORD200767,2025-04-18,C19368,Tablet,2,323.22,517 Main St,TRK80436037,7,NoCoupon,646.44,2025,4,Friday,323.22,0,0.2857142857142857,False,True,False,False,False,False,True,False,False,False,False,False,False,True,False
ORD200768,2023-09-04,C35987,Tablet,5,653.46,165 Main St,TRK28918815,9,WINTER15,3267.3,2023,9,Monday,653.46,1,0.5555555555555556,True,False,False,False,False,True,False,False,False,False,True,False,False,False,False
ORD200769,2023-07-06,C13366,Printer,4,678.55,568 Main St,TRK98691410,5,NoCoupon,2714.2,2023,7,Thursday,678.55,0,0.8,True,False,False,False,False,False,True,False,False,False,True,False,False,False,False
ORD200770,2024-02-11,C72166,Desk,1,314.38,227 Main St,TRK67733444,6,NoCoupon,314.38,2024,2,Sunday,314.38,0,0.16666666666666666,False,False,False,False,True,False,False,False,True,False,False,False,True,False,False
ORD200771,2024-06-12,C20357,Phone,3,692.44,272 Main St,TRK82236408,8,FREESHIP,2077.32,2024,6,Wednesday,692.44,1,0.375,False,False,True,False,False,True,False,False,False,False,False,False,True,False,False
ORD200772,2024-07-28,C33802,Monitor,1,604.87,461 Main St,TRK25799478,4,NoCoupon,604.87,2024,7,Sunday,604.87,0,0.25,False,False,False,False,True,False,True,False,False,False,False,False,False,True,False
ORD200773,2025-06-28,C99205,Phone,2,512.33,415 Main St,TRK48904015,7,NoCoupon,1024.66,2025,6,Saturday,512.33,0,0.2857142857142857,True,False,False,False,False,True,False,False,False,False,False,True,False,False,False
ORD200774,2025-04-15,C29701,Chair,3,20.54,257 Main St,TRK42266846,3,FREESHIP,61.62,2025,4,Tuesday,20.54,1,1.0,False,True,False,False,False,True,False,False,False,False,False,False,False,True,False
ORD200775,2023-03-04,C73941,Phone,2,625.22,569 Main St,TRK22051900,5,NoCoupon,1250.44,2023,3,Saturday,625.22,0,0.4,False,False,False,False,True,True,False,False,False,False,False,False,True,False,False
ORD200776,2023-08-21,C69168,Tablet,1,21.19,482 Main St,TRK10446197,5,WINTER15,21.19,2023,8,Monday,21.19,1,0.2,True,False,False,False,False,False,False,False,True,False,False,False,True,False,False
ORD200777,2025-03-21,C66116,Chair,5,64.49,633 Main St,TRK41967983,7,NoCoupon,322.45,2025,3,Friday,64.49,0,0.7142857142857143,False,False,False,False,True,True,False,False,False,False,False,True,False,False,False
ORD200778,2023-04-28,C85059,Laptop,4,246.85,316 Main St,TRK56503740,8,WINTER15,987.4,2023,4,Friday,246.85,1,0.5,False,True,False,False,False,False,False,False,False,True,False,False,True,False,False
ORD200779,2023-12-01,C18076,Phone,3,588.74,751 Main St,TRK26661705,8,FREESHIP,1766.22,2023,12,Friday,588.74,1,0.375,False,False,True,False,False,False,False,True,False,False,True,False,False,False,False
ORD200780,2024-03-31,C41284,Laptop,4,184.48,661 Main St,TRK73613128,4,WINTER15,737.92,2024,3,Sunday,184.48,1,1.0,False,False,False,False,True,True,False,False,False,False,False,False,True,False,False
ORD200781,2024-01-10,C43524,Phone,5,524.26,934 Main St,TRK51479426,5,FREESHIP,2621.3,2024,1,Wednesday,524.26,1,1.0,False,False,False,True,False,False,True,False,False,False,False,False,False,False,True
ORD200782,2024-08-11,C58063,Monitor,2,493.63,167 Main St,TRK50548869,6,SAVE10,987.26,2024,8,Sunday,493.63,1,0.3333333333333333,False,False,False,False,True,False,False,False,True,False,False,False,False,False,True
ORD200783,2025-05-26,C19937,Printer,1,438.34,281 Main St,TRK46990083,5,FREESHIP,438.34,2025,5,Monday,438.34,1,0.2,False,False,False,True,False,False,False,False,True,False,False,True,False,False,False
ORD200784,2025-05-16,C21191,Laptop,1,325.81,232 Main St,TRK85771230,1,WINTER15,325.81,2025,5,Friday,325.81,1,1.0,False,True,False,False,False,False,False,True,False,False,False,False,False,False,True
ORD200785,2023-07-29,C45862,Chair,1,176.1,342 Main St,TRK53089983,1,SAVE10,176.1,2023,7,Saturday,176.1,1,1.0,False,True,False,False,False,False,False,True,False,False,False,False,False,True,False
ORD200786,2023-08-23,C39130,Chair,5,45.31,774 Main St,TRK99583414,8,NoCoupon,226.55,2023,8,Wednesday,45.31,0,0.625,False,False,False,False,True,True,False,False,False,False,False,False,False,False,True
ORD200787,2024-03-17,C18167,Desk,4,221.96,193 Main St,TRK36841089,7,NoCoupon,887.84,2024,3,Sunday,221.96,0,0.5714285714285714,True,False,False,False,False,False,True,False,False,False,False,False,True,False,False
ORD200788,2023-11-02,C47307,Chair,2,601.43,761 Main St,TRK43516112,5,FREESHIP,1202.86,2023,11,Thursday,601.43,1,0.4,False,False,False,False,True,False,False,True,False,False,False,False,False,True,False
ORD200789,2023-08-17,C57276,Tablet,5,691.28,183 Main St,TRK75899752,10,SAVE10,3330.4075,2023,8,Thursday,666.0815,1,0.5,False,False,False,False,True,False,True,False,False,False,True,False,False,False,False
ORD200790,2024-09-14,C38928,Laptop,4,417.89,302 Main St,TRK96636009,4,NoCoupon,1671.56,2024,9,Saturday,417.89,0,1.0,False,False,False,True,False,False,False,True,False,False,False,False,True,False,False
ORD200791,2024-01-13,C49710,Chair,4,409.28,956 Main St,TRK92591237,8,NoCoupon,1637.12,2024,1,Saturday,409.28,0,0.5,True,False,False,False,False,False,False,True,False,False,True,False,False,False,False
ORD200792,2023-06-16,C41709,Desk,2,356.35,746 Main St,TRK90995294,6,WINTER15,712.7,2023,6,Friday,356.35,1,0.3333333333333333,False,False,True,False,False,False,False,False,True,False,False,True,False,False,False
ORD200793,2024-04-15,C91255,Chair,5,170.22,769 Main St,TRK69599961,8,NoCoupon,851.1,2024,4,Monday,170.22,0,0.625,False,False,True,False,False,False,True,False,False,False,False,False,False,False,True
ORD200794,2023-03-09,C76653,Printer,4,384.85,988 Main St,TRK77052196,9,FREESHIP,1539.4,2023,3,Thursday,384.85,1,0.4444444444444444,False,False,False,False,True,False,True,False,False,False,False,False,False,True,False
ORD200795,2024-11-20,C95667,Laptop,4,115.77,586 Main St,TRK41266666,7,SAVE10,463.08,2024,11,Wednesday,115.77,1,0.5714285714285714,False,False,False,False,True,False,False,True,False,False,False,False,False,True,False
ORD200796,2025-04-29,C33313,Phone,3,579.55,882 Main St,TRK13349970,8,WINTER15,1738.65,2025,4,Tuesday,579.5500000000001,1,0.375,False,False,False,True,False,False,False,False,True,False,False,True,False,False,False
ORD200797,2023-02-27,C36825,Laptop,2,438.76,426 Main St,TRK72557318,2,NoCoupon,877.52,2023,2,Monday,438.76,0,1.0,False,False,True,False,False,False,False,False,True,False,False,True,False,False,False
ORD200798,2025-05-19,C20861,Phone,5,488.35,968 Main St,TRK89372013,9,FREESHIP,2441.75,2025,5,Monday,488.35,1,0.5555555555555556,False,False,True,False,False,False,False,False,True,False,True,False,False,False,False
ORD200799,2023-04-16,C26364,Laptop,4,328.56,803 Main St,TRK78924436,4,FREESHIP,1314.24,2023,4,Sunday,328.56,1,1.0,False,False,True,False,False,False,False,False,True,False,True,False,False,False,False
ORD200800,2025-03-28,C34686,Tablet,1,68.39,412 Main St,TRK99468332,3,WINTER15,68.39,2025,3,Friday,68.39,1,0.3333333333333333,False,False,False,False,True,False,False,False,True,False,False,True,False,False,False
ORD200801,2023-05-03,C97593,Printer,4,595.62,738 Main St,TRK58443593,8,FREESHIP,2382.48,2023,5,Wednesday,595.62,1,0.5,False,False,True,False,False,False,False,True,False,False,False,True,False,False,False
ORD200802,2024-02-17,C84331,Chair,5,644.64,205 Main St,TRK34440714,6,FREESHIP,3223.2,2024,2,Saturday,644.64,1,0.8333333333333334,False,False,False,True,False,True,False,False,False,False,True,False,False,False,False
ORD200803,2023-08-20,C88775,Monitor,5,397.81,223 Main St,TRK45098068,5,SAVE10,1989.05,2023,8,Sunday,397.81,1,1.0,False,False,True,False,False,False,False,False,True,False,False,False,False,False,True
ORD200804,2024-01-01,C76362,Chair,3,236.5,916 Main St,TRK11868618,8,FREESHIP,709.5,2024,1,Monday,236.5,1,0.375,False,False,False,False,True,False,True,False,False,False,True,False,False,False,False
ORD200805,2024-10-15,C59278,Laptop,5,472.01,178 Main St,TRK14590037,10,SAVE10,2360.05,2024,10,Tuesday,472.01000000000005,1,0.5,False,False,False,True,False,True,False,False,False,False,True,False,False,False,False
ORD200806,2023-09-01,C55819,Chair,5,253.75,740 Main St,TRK13775054,9,WINTER15,1268.75,2023,9,Friday,253.75,1,0.5555555555555556,False,False,False,False,True,False,False,True,False,False,False,False,False,True,False
ORD200807,2024-11-10,C82344,Monitor,3,676.21,260 Main St,TRK70957219,5,SAVE10,2028.63,2024,11,Sunday,676.21,1,0.6,False,False,False,False,True,False,True,False,False,False,False,False,True,False,False
ORD200808,2024-02-13,C65565,Desk,3,134.05,192 Main St,TRK80383756,3,NoCoupon,402.15,2024,2,Tuesday,134.04999999999998,0,1.0,False,True,False,False,False,False,False,False,False,True,False,False,True,False,False
ORD200809,2024-04-09,C80416,Desk,5,217.43,752 Main St,TRK54385892,10,SAVE10,1087.15,2024,4,Tuesday,217.43,1,0.5,False,False,True,False,False,False,False,False,False,True,False,False,False,True,False
ORD200810,2023-05-31,C23637,Tablet,1,553.56,644 Main St,TRK16749863,5,NoCoupon,553.56,2023,5,Wednesday,553.56,0,0.2,False,True,False,False,False,True,False,False,False,False,False,False,False,False,True
ORD200811,2023-11-05,C24769,Laptop,2,28.55,864 Main St,TRK44538305,7,SAVE10,57.1,2023,11,Sunday,28.55,1,0.2857142857142857,False,False,False,True,False,False,False,False,False,True,True,False,False,False,False
ORD200812,2024-01-26,C81547,Phone,2,255.26,803 Main St,TRK88437123,6,FREESHIP,510.52,2024,1,Friday,255.26,1,0.3333333333333333,False,True,False,False,False,True,False,False,False,False,False,False,True,False,False
ORD200813,2025-03-15,C12813,Laptop,5,292.54,263 Main St,TRK36131660,8,FREESHIP,1462.7,2025,3,Saturday,292.54,1,0.625,False,False,True,False,False,True,False,False,False,False,True,False,False,False,False
ORD200814,2024-12-11,C50732,Chair,4,147.51,979 Main St,TRK21082461,4,WINTER15,590.04,2024,12,Wednesday,147.51,1,1.0,False,False,True,False,False,False,False,True,False,False,False,False,False,True,False
ORD200815,2024-08-04,C41320,Printer,3,569.84,920 Main St,TRK77539180,8,WINTER15,1709.52,2024,8,Sunday,569.84,1,0.375,False,False,False,True,False,True,False,False,False,False,False,False,False,True,False
ORD200816,2024-02-21,C55286,Tablet,5,574.79,497 Main St,TRK39058734,8,WINTER15,2873.95,2024,2,Wednesday,574.79,1,0.625,False,True,False,False,False,False,False,True,False,False,False,False,False,False,True
ORD200817,2023-10-05,C87994,Chair,4,598.19,430 Main St,TRK98883971,7,WINTER15,2392.76,2023,10,Thursday,598.19,1,0.5714285714285714,False,True,False,False,False,False,True,False,False,False,True,False,False,False,False
ORD200818,2023-03-02,C25580,Phone,4,390.84,860 Main St,TRK58781638,9,WINTER15,1563.36,2023,3,Thursday,390.84,1,0.4444444444444444,False,True,False,False,False,True,False,False,False,False,False,False,False,False,True
ORD200819,2024-09-28,C66196,Phone,2,398.45,650 Main St,TRK38104650,7,SAVE10,796.9,2024,9,Saturday,398.45,1,0.2857142857142857,False,False,True,False,False,True,False,False,False,False,False,False,True,False,False
ORD200820,2023-05-27,C35377,Phone,5,623.81,171 Main St,TRK17342157,6,FREESHIP,3119.05,2023,5,Saturday,623.8100000000001,1,0.8333333333333334,True,False,False,False,False,False,False,False,True,False,True,False,False,False,False
ORD200821,2024-12-14,C40771,Laptop,4,174.49,259 Main St,TRK56310345,5,SAVE10,697.96,2024,12,Saturday,174.49,1,0.8,False,True,False,False,False,False,True,False,False,False,False,True,False,False,False
ORD200822,2025-03-15,C20624,Phone,1,479.56,923 Main St,TRK45123395,1,SAVE10,479.56,2025,3,Saturday,479.56,1,1.0,False,False,False,True,False,False,False,False,True,False,False,False,True,False,False
ORD200823,2024-10-07,C27070,Laptop,4,653.13,973 Main St,TRK83842481,8,WINTER15,2612.52,2024,10,Monday,653.13,1,0.5,False,True,False,False,False,False,False,False,False,True,False,False,False,True,False
ORD200824,2023-08-29,C18826,Monitor,3,481.1,664 Main St,TRK12530495,3,FREESHIP,1443.3,2023,8,Tuesday,481.09999999999997,1,1.0,False,True,False,False,False,False,False,False,True,False,False,True,False,False,False
ORD200825,2025-03-26,C23899,Desk,5,271.69,543 Main St,TRK88914760,7,FREESHIP,1358.45,2025,3,Wednesday,271.69,1,0.7142857142857143,False,False,False,False,True,False,False,False,True,False,False,False,False,True,False
ORD200826,2025-03-08,C43249,Printer,3,463.81,283 Main St,TRK32469820,8,WINTER15,1391.43,2025,3,Saturday,463.81,1,0.375,False,False,False,False,True,False,False,False,True,False,True,False,False,False,False
ORD200827,2023-05-25,C95856,Tablet,2,639.88,432 Main St,TRK58829625,5,WINTER15,1279.76,2023,5,Thursday,639.88,1,0.4,True,False,False,False,False,False,True,False,False,False,False,False,False,True,False
ORD200828,2024-07-24,C86266,Chair,4,404.58,510 Main St,TRK64576020,5,FREESHIP,1618.32,2024,7,Wednesday,404.58,1,0.8,True,False,False,False,False,False,False,False,False,True,False,False,False,True,False
ORD200829,2023-02-05,C39551,Monitor,1,76.93,685 Main St,TRK68358007,6,WINTER15,76.93,2023,2,Sunday,76.93,1,0.16666666666666666,False,False,True,False,False,False,True,False,False,False,False,False,False,True,False
ORD200830,2024-12-11,C90310,Tablet,4,190.64,853 Main St,TRK70028457,5,SAVE10,762.56,2024,12,Wednesday,190.64,1,0.8,True,False,False,False,False,False,True,False,False,False,True,False,False,False,False
ORD200831,2023-12-18,C20124,Printer,2,88.73,140 Main St,TRK61346824,5,NoCoupon,177.46,2023,12,Monday,88.73,0,0.4,False,False,False,False,True,False,False,True,False,False,False,False,True,False,False
ORD200832,2024-03-12,C63372,Chair,5,485.71,903 Main St,TRK14661811,10,SAVE10,2428.55,2024,3,Tuesday,485.71000000000004,1,0.5,False,False,False,False,True,False,False,True,False,False,False,False,False,False,True
ORD200833,2025-03-14,C90595,Phone,5,78.29,508 Main St,TRK96573803,5,WINTER15,391.45,2025,3,Friday,78.28999999999999,1,1.0,False,True,False,False,False,False,False,False,False,True,False,False,False,False,True
ORD200834,2024-04-11,C98483,Printer,5,22.14,456 Main St,TRK22084320,10,NoCoupon,110.7,2024,4,Thursday,22.14,0,0.5,True,False,False,False,False,False,False,False,True,False,False,False,False,True,False
ORD200835,2024-03-26,C16429,Desk,1,679.65,390 Main St,TRK73888013,6,FREESHIP,679.65,2024,3,Tuesday,679.65,1,0.16666666666666666,False,False,True,False,False,False,False,False,False,True,False,False,True,False,False
ORD200836,2023-02-02,C31810,Phone,1,178.44,328 Main St,TRK58725886,2,FREESHIP,178.44,2023,2,Thursday,178.44,1,0.5,False,True,False,False,False,True,False,False,False,False,False,False,True,False,False
ORD200837,2025-06-14,C88029,Chair,5,655.55,282 Main St,TRK59701278,5,NoCoupon,3277.75,2025,6,Saturday,655.55,0,1.0,False,False,False,False,True,False,True,False,False,False,True,False,False,False,False
ORD200838,2024-04-11,C57798,Desk,4,577.08,384 Main St,TRK68797566,8,NoCoupon,2308.32,2024,4,Thursday,577.08,0,0.5,False,False,False,False,True,False,False,True,False,False,False,True,False,False,False
ORD200839,2023-08-24,C82858,Chair,3,197.97,551 Main St,TRK90618490,5,NoCoupon,593.91,2023,8,Thursday,197.97,0,0.6,False,False,False,False,True,True,False,False,False,False,False,False,True,False,False
ORD200840,2024-01-14,C60699,Chair,3,411.95,672 Main St,TRK88660574,7,FREESHIP,1235.85,2024,1,Sunday,411.95,1,0.42857142857142855,False,True,False,False,False,False,True,False,False,False,False,False,False,False,True
ORD200841,2024-09-19,C94658,Printer,2,443.22,742 Main St,TRK51732528,5,NoCoupon,886.44,2024,9,Thursday,443.22,0,0.4,False,True,False,False,False,False,True,False,False,False,False,True,False,False,False
ORD200842,2025-05-07,C78305,Laptop,3,364.14,396 Main St,TRK88312618,7,WINTER15,1092.42,2025,5,Wednesday,364.14000000000004,1,0.42857142857142855,False,False,False,False,True,False,False,True,False,False,False,False,False,False,True
ORD200843,2025-05-13,C43538,Desk,3,430.06,534 Main St,TRK20961563,8,FREESHIP,1290.18,2025,5,Tuesday,430.06,1,0.375,False,False,False,True,False,True,False,False,False,False,False,False,False,True,False
ORD200844,2024-12-04,C47486,Chair,1,320.92,883 Main St,TRK75984759,5,FREESHIP,320.92,2024,12,Wednesday,320.92,1,0.2,False,False,False,False,True,False,False,False,True,False,False,True,False,False,False
ORD200845,2023-10-08,C24212,Phone,3,107.36,808 Main St,TRK68894675,5,FREESHIP,322.08,2023,10,Sunday,107.36,1,0.6,False,False,False,True,False,False,True,False,False,False,False,False,True,False,False
ORD200846,2024-07-04,C24765,Desk,2,359.86,646 Main St,TRK43977698,4,NoCoupon,719.72,2024,7,Thursday,359.86,0,0.5,False,False,True,False,False,True,False,False,False,False,False,False,False,False,True
ORD200847,2024-11-18,C48176,Printer,4,434.23,670 Main St,TRK90560300,8,FREESHIP,1736.92,2024,11,Monday,434.23,1,0.5,False,False,False,False,True,False,False,False,False,True,True,False,False,False,False
ORD200848,2023-01-01,C54675,Chair,2,645.85,634 Main St,TRK18049633,5,NoCoupon,1291.7,2023,1,Sunday,645.85,0,0.4,False,False,False,False,True,False,False,False,False,True,False,False,False,False,True
ORD200849,2025-06-09,C16675,Printer,4,214.35,664 Main St,TRK12756945,7,WINTER15,857.4,2025,6,Monday,214.35,1,0.5714285714285714,False,False,True,False,False,True,False,False,False,False,False,False,False,False,True
ORD200850,2025-04-27,C38557,Monitor,3,638.5,890 Main St,TRK14832238,4,FREESHIP,1915.5,2025,4,Sunday,638.5,1,0.75,False,False,True,False,False,True,False,False,False,False,False,False,False,True,False
ORD200851,2023-12-12,C80183,Laptop,1,365.57,146 Main St,TRK20814598,5,SAVE10,365.57,2023,12,Tuesday,365.57,1,0.2,False,False,False,False,True,True,False,False,False,False,True,False,False,False,False
ORD200852,2024-10-24,C39530,Desk,3,568.05,618 Main St,TRK69000497,6,SAVE10,1704.15,2024,10,Thursday,568.0500000000001,1,0.5,False,False,False,True,False,False,False,True,False,False,False,False,True,False,False
ORD200853,2023-10-16,C10002,Printer,3,490.01,894 Main St,TRK94641152,4,SAVE10,1470.03,2023,10,Monday,490.01,1,0.75,True,False,False,False,False,False,False,False,True,False,False,True,False,False,False
ORD200854,2025-06-13,C56938,Laptop,3,372.6,356 Main St,TRK67735987,7,WINTER15,1117.8,2025,6,Friday,372.59999999999997,1,0.42857142857142855,False,True,False,False,False,False,True,False,False,False,False,False,False,False,True
ORD200855,2023-05-25,C41331,Monitor,5,240.61,785 Main St,TRK94198179,10,FREESHIP,1203.05,2023,5,Thursday,240.60999999999999,1,0.5,False,True,False,False,False,False,False,False,False,True,True,False,False,False,False
ORD200856,2024-06-03,C94698,Phone,1,586.62,871 Main St,TRK95768773,5,NoCoupon,586.62,2024,6,Monday,586.62,0,0.2,False,False,True,False,False,False,False,False,False,True,False,True,False,False,False
ORD200857,2024-03-10,C56506,Phone,3,257.84,185 Main St,TRK86808324,4,NoCoupon,773.52,2024,3,Sunday,257.84,0,0.75,False,False,False,False,True,False,True,False,False,False,False,False,False,True,False
ORD200858,2023-08-20,C22167,Tablet,5,435.66,891 Main St,TRK70269748,9,NoCoupon,2178.3,2023,8,Sunday,435.66,0,0.5555555555555556,False,False,False,False,True,False,False,True,False,False,False,True,False,False,False
ORD200859,2024-08-28,C11127,Chair,5,261.33,154 Main St,TRK73285507,5,SAVE10,1306.65,2024,8,Wednesday,261.33000000000004,1,1.0,False,True,False,False,False,False,False,False,True,False,False,False,False,False,True
ORD200860,2024-01-23,C69542,Printer,1,422.54,876 Main St,TRK20746505,1,SAVE10,422.54,2024,1,Tuesday,422.54,1,1.0,True,False,False,False,False,False,True,False,False,False,False,False,True,False,False
ORD200861,2023-03-19,C93276,Desk,5,330.45,230 Main St,TRK44165913,10,FREESHIP,1652.25,2023,3,Sunday,330.45,1,0.5,False,False,False,True,False,False,False,False,False,True,False,False,True,False,False
ORD200862,2023-12-02,C37969,Desk,3,120.82,799 Main St,TRK69852386,5,SAVE10,362.46,2023,12,Saturday,120.82,1,0.6,False,True,False,False,False,False,False,False,False,True,False,False,False,False,True
ORD200863,2024-05-20,C98276,Phone,1,14.06,471 Main St,TRK74207282,5,SAVE10,14.06,2024,5,Monday,14.06,1,0.2,False,True,False,False,False,False,False,True,False,False,False,False,False,False,True
ORD200864,2023-05-03,C14240,Desk,1,491.11,592 Main St,TRK58095246,4,SAVE10,491.11,2023,5,Wednesday,491.11,1,0.25,False,True,False,False,False,False,True,False,False,False,False,True,False,False,False
ORD200865,2023-04-30,C72241,Monitor,4,677.37,156 Main St,TRK76270481,8,SAVE10,2709.48,2023,4,Sunday,677.37,1,0.5,True,False,False,False,False,False,False,True,False,False,False,False,True,False,False
ORD200866,2024-07-26,C39664,Desk,5,189.25,693 Main St,TRK39917741,10,WINTER15,946.25,2024,7,Friday,189.25,1,0.5,False,False,True,False,False,True,False,False,False,False,True,False,False,False,False
ORD200867,2024-05-26,C53252,Printer,4,142.58,351 Main St,TRK65831261,4,FREESHIP,570.32,2024,5,Sunday,142.58,1,1.0,True,False,False,False,False,False,True,False,False,False,False,True,False,False,False
ORD200868,2024-06-29,C70452,Monitor,4,316.32,309 Main St,TRK42985882,7,NoCoupon,1265.28,2024,6,Saturday,316.32,0,0.5714285714285714,False,False,True,False,False,False,True,False,False,False,False,True,False,False,False
ORD200869,2024-03-17,C29905,Desk,2,533.95,790 Main St,TRK16788127,5,WINTER15,1067.9,2024,3,Sunday,533.95,1,0.4,False,False,False,False,True,False,True,False,False,False,False,False,True,False,False
ORD200870,2025-06-01,C78725,Phone,4,470.09,541 Main St,TRK72001139,4,FREESHIP,1880.36,2025,6,Sunday,470.09,1,1.0,False,False,True,False,False,False,True,False,False,False,False,False,True,False,False
ORD200871,2024-05-16,C93768,Tablet,3,324.3,720 Main St,TRK22024707,8,FREESHIP,972.9000000000001,2024,5,Thursday,324.3,1,0.375,False,False,True,False,False,False,False,True,False,False,True,False,False,False,False
ORD200872,2023-07-10,C59169,Chair,4,629.34,172 Main St,TRK90883858,7,NoCoupon,2517.36,2023,7,Monday,629.34,0,0.5714285714285714,True,False,False,False,False,False,False,False,False,True,True,False,False,False,False
ORD200873,2024-05-12,C53488,Desk,3,136.84,448 Main St,TRK27365050,3,SAVE10,410.52,2024,5,Sunday,136.84,1,1.0,True,False,False,False,False,False,True,False,False,False,False,True,False,False,False
ORD200874,2023-10-31,C92180,Chair,2,488.9,632 Main St,TRK93315929,7,FREESHIP,977.8,2023,10,Tuesday,488.9,1,0.2857142857142857,True,False,False,False,False,False,True,False,False,False,False,True,False,False,False
ORD200875,2023-08-03,C25918,Laptop,5,133.39,203 Main St,TRK66473392,6,FREESHIP,666.9499999999999,2023,8,Thursday,133.39,1,0.8333333333333334,False,True,False,False,False,False,True,False,False,False,False,False,False,False,True
ORD200876,2024-06-09,C90363,Chair,5,608.91,200 Main St,TRK21534173,6,SAVE10,3044.55,2024,6,Sunday,608.9100000000001,1,0.8333333333333334,False,False,False,True,False,False,False,True,False,False,False,False,True,False,False
ORD200877,2024-07-25,C43867,Tablet,1,524.06,269 Main St,TRK97319127,3,FREESHIP,524.06,2024,7,Thursday,524.06,1,0.3333333333333333,False,False,True,False,False,False,False,True,False,False,True,False,False,False,False
ORD200878,2023-06-01,C73873,Desk,2,330.69,393 Main St,TRK56423132,5,SAVE10,661.38,2023,6,Thursday,330.69,1,0.4,False,False,False,False,True,True,False,False,False,False,False,False,True,False,False
ORD200879,2025-04-08,C56622,Phone,2,547.67,932 Main St,TRK86373987,3,NoCoupon,1095.34,2025,4,Tuesday,547.67,0,0.6666666666666666,False,False,False,True,False,False,False,False,False,True,False,False,False,True,False
ORD200880,2025-03-12,C85074,Laptop,4,233.7,506 Main St,TRK63133878,8,SAVE10,934.8,2025,3,Wednesday,233.7,1,0.5,False,False,False,False,True,False,False,False,False,True,False,True,False,False,False
ORD200881,2023-01-03,C59579,Tablet,2,448.85,386 Main St,TRK48000034,6,NoCoupon,897.7,2023,1,Tuesday,448.85,0,0.3333333333333333,False,True,False,False,False,False,False,True,False,False,False,False,False,True,False
ORD200882,2025-06-28,C43335,Phone,2,274.12,533 Main St,TRK91848650,6,FREESHIP,548.24,2025,6,Saturday,274.12,1,0.3333333333333333,True,False,False,False,False,False,True,False,False,False,False,False,False,False,True
ORD200883,2025-05-13,C43595,Printer,5,561.48,451 Main St,TRK25317348,9,FREESHIP,2807.4,2025,5,Tuesday,561.48,1,0.5555555555555556,False,False,False,False,True,False,True,False,False,False,False,True,False,False,False
ORD200884,2024-05-15,C71471,Chair,1,595.54,817 Main St,TRK52137079,4,NoCoupon,595.54,2024,5,Wednesday,595.54,0,0.25,False,False,False,True,False,False,False,False,False,True,False,False,False,True,False
ORD200885,2024-04-07,C61090,Laptop,4,515.59,387 Main St,TRK36388962,7,FREESHIP,2062.36,2024,4,Sunday,515.59,1,0.5714285714285714,False,True,False,False,False,False,False,False,False,True,False,False,True,False,False
ORD200886,2023-10-25,C29620,Phone,1,460.13,792 Main St,TRK22046456,1,NoCoupon,460.13,2023,10,Wednesday,460.13,0,1.0,False,True,False,False,False,False,False,False,True,False,False,False,True,False,False
ORD200887,2024-12-19,C67932,Chair,3,171.66,857 Main St,TRK88547534,7,NoCoupon,514.98,2024,12,Thursday,171.66,0,0.42857142857142855,False,False,True,False,False,False,True,False,False,False,False,False,True,False,False
ORD200888,2024-07-23,C14427,Laptop,2,266.95,833 Main St,TRK58024529,3,NoCoupon,533.9,2024,7,Tuesday,266.95,0,0.6666666666666666,False,True,False,False,False,False,False,True,False,False,False,False,False,True,False
ORD200889,2024-10-27,C36725,Monitor,5,650.72,350 Main St,TRK16808790,8,WINTER15,3253.6,2024,10,Sunday,650.72,1,0.625,False,True,False,False,False,True,False,False,False,False,True,False,False,False,False
ORD200890,2023-08-11,C51921,Laptop,3,439.53,943 Main St,TRK85741716,5,NoCoupon,1318.59,2023,8,Friday,439.53,0,0.6,False,False,True,False,False,False,False,True,False,False,False,False,True,False,False
ORD200891,2023-11-11,C36534,Monitor,3,654.54,918 Main St,TRK38952138,7,SAVE10,1963.62,2023,11,Saturday,654.54,1,0.42857142857142855,True,False,False,False,False,False,False,False,True,False,False,False,False,False,True
ORD200892,2024-06-04,C72043,Desk,1,394.53,480 Main St,TRK40896408,2,FREESHIP,394.53,2024,6,Tuesday,394.53,1,0.5,True,False,False,False,False,False,False,False,False,True,False,False,False,False,True
ORD200893,2023-03-21,C99533,Monitor,1,678.01,696 Main St,TRK55701253,4,FREESHIP,678.01,2023,3,Tuesday,678.01,1,0.25,True,False,False,False,False,False,False,True,False,False,False,False,False,False,True
ORD200894,2023-05-23,C90852,Tablet,3,575.01,852 Main St,TRK37551831,8,WINTER15,1725.03,2023,5,Tuesday,575.01,1,0.375,False,False,False,False,True,True,False,False,False,False,False,False,False,True,False
ORD200895,2023-11-09,C81882,Chair,3,154.64,832 Main St,TRK62371264,6,WINTER15,463.92,2023,11,Thursday,154.64000000000001,1,0.5,False,False,True,False,False,False,False,True,False,False,False,True,False,False,False
ORD200896,2024-10-18,C85466,Desk,3,147.29,102 Main St,TRK66764177,3,FREESHIP,441.87,2024,10,Friday,147.29,1,1.0,False,False,False,True,False,False,False,False,False,True,False,False,True,False,False
ORD200897,2024-09-03,C87995,Laptop,4,481.48,358 Main St,TRK38730545,5,SAVE10,1925.92,2024,9,Tuesday,481.48,1,0.8,False,False,False,True,False,False,True,False,False,False,False,False,False,True,False
ORD200898,2025-03-05,C44619,Monitor,3,158.37,742 Main St,TRK66662528,6,NoCoupon,475.11,2025,3,Wednesday,158.37,0,0.5,True,False,False,False,False,False,False,False,False,True,False,False,False,False,True
ORD200899,2025-04-23,C99904,Printer,2,323.37,552 Main St,TRK83843411,3,SAVE10,646.74,2025,4,Wednesday,323.37,1,0.6666666666666666,False,False,False,False,True,False,False,True,False,False,False,False,False,True,False
ORD200900,2025-02-07,C52342,Laptop,5,73.83,991 Main St,TRK67342586,9,NoCoupon,369.15,2025,2,Friday,73.83,0,0.5555555555555556,False,False,True,False,False,False,False,True,False,False,False,False,False,True,False
ORD200901,2024-04-28,C44277,Tablet,1,458.63,839 Main St,TRK79321479,4,WINTER15,458.63,2024,4,Sunday,458.63,1,0.25,False,False,True,False,False,False,False,False,True,False,False,False,False,False,True
ORD200902,2024-07-13,C61162,Monitor,4,180.25,813 Main St,TRK76712124,7,NoCoupon,721.0,2024,7,Saturday,180.25,0,0.5714285714285714,False,False,True,False,False,True,False,False,False,False,False,True,False,False,False
ORD200903,2023-05-17,C80868,Monitor,3,473.49,205 Main St,TRK56186636,7,NoCoupon,1420.47,2023,5,Wednesday,473.49,0,0.42857142857142855,False,True,False,False,False,False,False,True,False,False,True,False,False,False,False
ORD200904,2025-02-05,C16693,Monitor,4,237.43,262 Main St,TRK41146508,8,WINTER15,949.72,2025,2,Wednesday,237.43,1,0.5,True,False,False,False,False,True,False,False,False,False,False,False,False,False,True
ORD200905,2023-11-23,C67818,Laptop,1,442.39,101 Main St,TRK81978113,6,FREESHIP,442.39,2023,11,Thursday,442.39,1,0.16666666666666666,False,False,False,True,False,False,False,True,False,False,False,True,False,False,False
ORD200906,2024-09-03,C49938,Monitor,1,62.12,141 Main St,TRK80175572,2,NoCoupon,62.12,2024,9,Tuesday,62.12,0,0.5,True,False,False,False,False,False,False,False,True,False,True,False,False,False,False
ORD200907,2024-08-04,C90898,Desk,5,298.39,583 Main St,TRK52935170,7,WINTER15,1491.95,2024,8,Sunday,298.39,1,0.7142857142857143,False,False,False,True,False,True,False,False,False,False,False,False,False,False,True
ORD200908,2025-05-06,C35117,Desk,2,697.93,332 Main St,TRK27155709,2,SAVE10,1395.86,2025,5,Tuesday,697.93,1,1.0,False,True,False,False,False,True,False,False,False,False,False,False,True,False,False
ORD200909,2024-05-27,C60203,Tablet,2,291.85,569 Main St,TRK76525279,5,FREESHIP,583.7,2024,5,Monday,291.85,1,0.4,True,False,False,False,False,False,False,False,False,True,False,False,False,True,False
ORD200910,2024-05-31,C36174,Printer,3,308.98,348 Main St,TRK26397548,3,SAVE10,926.94,2024,5,Friday,308.98,1,1.0,True,False,False,False,False,False,True,False,False,False,False,False,False,True,False
ORD200911,2024-08-13,C80872,Desk,5,396.86,593 Main St,TRK43967487,9,SAVE10,1984.3,2024,8,Tuesday,396.86,1,0.5555555555555556,True,False,False,False,False,True,False,False,False,False,False,False,False,True,False
ORD200912,2024-01-22,C67604,Desk,2,139.69,318 Main St,TRK85545920,7,FREESHIP,279.38,2024,1,Monday,139.69,1,0.2857142857142857,False,False,False,False,True,False,False,False,True,False,True,False,False,False,False
ORD200913,2023-02-16,C45599,Printer,5,475.95,505 Main St,TRK62277685,8,WINTER15,2379.75,2023,2,Thursday,475.95,1,0.625,False,True,False,False,False,False,False,False,True,False,False,True,False,False,False
ORD200914,2025-02-10,C70352,Desk,1,626.6,955 Main St,TRK51589589,4,WINTER15,626.6,2025,2,Monday,626.6,1,0.25,False,False,False,True,False,False,False,False,True,False,False,True,False,False,False
ORD200915,2024-02-16,C20643,Laptop,4,502.99,939 Main St,TRK30736692,4,WINTER15,2011.96,2024,2,Friday,502.99,1,1.0,False,False,True,False,False,False,False,False,False,True,False,False,False,False,True
ORD200916,2024-06-21,C35669,Printer,5,578.83,165 Main St,TRK13928455,6,NoCoupon,2894.15,2024,6,Friday,578.83,0,0.8333333333333334,True,False,False,False,False,False,False,False,True,False,False,False,False,False,True
ORD200917,2025-01-20,C65524,Laptop,5,383.82,836 Main St,TRK19315310,7,FREESHIP,1919.1,2025,1,Monday,383.82,1,0.7142857142857143,False,True,False,False,False,False,False,False,True,False,False,False,True,False,False
ORD200918,2025-06-24,C74359,Laptop,5,368.25,706 Main St,TRK18250450,5,NoCoupon,1841.25,2025,6,Tuesday,368.25,0,1.0,False,False,False,False,True,False,True,False,False,False,False,False,False,True,False
ORD200919,2025-02-07,C92086,Printer,2,374.6,187 Main St,TRK23357668,3,FREESHIP,749.2,2025,2,Friday,374.6,1,0.6666666666666666,False,False,False,False,True,False,False,False,False,True,False,False,False,False,True
ORD200920,2025-03-12,C26137,Tablet,2,428.09,978 Main St,TRK98110407,6,NoCoupon,856.18,2025,3,Wednesday,428.09,0,0.3333333333333333,False,True,False,False,False,False,False,False,True,False,False,False,False,True,False
ORD200921,2023-07-24,C90573,Tablet,1,438.93,144 Main St,TRK90075720,3,SAVE10,438.93,2023,7,Monday,438.93,1,0.3333333333333333,False,False,False,True,False,True,False,False,False,False,False,False,False,False,True
ORD200922,2024-06-17,C81857,Desk,2,563.82,487 Main St,TRK79737732,3,NoCoupon,1127.64,2024,6,Monday,563.82,0,0.6666666666666666,False,True,False,False,False,False,False,True,False,False,False,False,False,True,False
ORD200923,2023-02-11,C91582,Printer,3,649.93,836 Main St,TRK99938245,7,WINTER15,1949.79,2023,2,Saturday,649.93,1,0.42857142857142855,False,True,False,False,False,False,False,True,False,False,False,True,False,False,False
ORD200924,2025-03-22,C81319,Printer,5,268.43,991 Main St,TRK55330558,5,SAVE10,1342.15,2025,3,Saturday,268.43,1,1.0,True,False,False,False,False,False,False,False,True,False,True,False,False,False,False
ORD200925,2024-12-20,C78500,Monitor,5,502.47,304 Main St,TRK97460884,10,WINTER15,2512.35,2024,12,Friday,502.46999999999997,1,0.5,False,False,False,False,True,False,False,False,False,True,True,False,False,False,False
ORD200926,2024-03-20,C67533,Desk,1,26.95,672 Main St,TRK14566395,1,WINTER15,26.95,2024,3,Wednesday,26.95,1,1.0,True,False,False,False,False,False,True,False,False,False,True,False,False,False,False
ORD200927,2023-02-14,C35566,Laptop,4,64.69,638 Main St,TRK10003020,7,WINTER15,258.76,2023,2,Tuesday,64.69,1,0.5714285714285714,False,False,True,False,False,False,False,False,False,True,False,False,True,False,False
ORD200928,2024-05-09,C77166,Laptop,3,247.11,821 Main St,TRK18896595,3,WINTER15,741.33,2024,5,Thursday,247.11,1,1.0,False,False,True,False,False,False,False,False,True,False,False,False,False,False,True
ORD200929,2024-10-16,C67936,Tablet,2,536.25,553 Main St,TRK71803414,3,NoCoupon,1072.5,2024,10,Wednesday,536.25,0,0.6666666666666666,False,False,True,False,False,False,False,True,False,False,True,False,False,False,False
ORD200930,2024-12-16,C59554,Phone,2,456.04,382 Main St,TRK28182447,4,FREESHIP,912.08,2024,12,Monday,456.04,1,0.5,False,False,True,False,False,False,False,False,True,False,True,False,False,False,False
ORD200931,2024-01-01,C14005,Printer,2,40.23,623 Main St,TRK87567926,4,SAVE10,80.46,2024,1,Monday,40.23,1,0.5,False,True,False,False,False,True,False,False,False,False,False,False,True,False,False
ORD200932,2023-03-26,C26118,Laptop,2,72.39,168 Main St,TRK15334251,7,WINTER15,144.78,2023,3,Sunday,72.39,1,0.2857142857142857,False,False,False,False,True,False,True,False,False,False,False,False,False,True,False
ORD200933,2023-01-26,C59685,Monitor,2,394.16,255 Main St,TRK43718093,2,NoCoupon,788.32,2023,1,Thursday,394.16,0,1.0,False,False,False,False,True,False,False,False,False,True,False,False,False,False,True
ORD200934,2025-06-01,C40304,Laptop,4,119.84,692 Main St,TRK85790948,8,FREESHIP,479.36,2025,6,Sunday,119.84,1,0.5,False,False,False,True,False,False,False,False,False,True,False,False,False,False,True
ORD200935,2023-11-24,C39593,Phone,3,692.71,398 Main St,TRK62405253,3,FREESHIP,2078.13,2023,11,Friday,692.71,1,1.0,False,True,False,False,False,False,True,False,False,False,False,False,False,True,False
ORD200936,2024-01-12,C50612,Chair,4,56.66,737 Main St,TRK44140968,4,SAVE10,226.64,2024,1,Friday,56.66,1,1.0,False,False,False,False,True,False,True,False,False,False,False,False,False,True,False
ORD200937,2024-01-16,C39791,Chair,2,298.53,536 Main St,TRK46221436,5,WINTER15,597.06,2024,1,Tuesday,298.53,1,0.4,False,False,True,False,False,True,False,False,False,False,True,False,False,False,False
ORD200938,2023-07-12,C39017,Chair,3,331.46,696 Main St,TRK91155214,6,WINTER15,994.3799999999999,2023,7,Wednesday,331.46,1,0.5,False,True,False,False,False,True,False,False,False,False,False,False,False,False,True
ORD200939,2025-04-16,C48510,Laptop,2,521.4,212 Main St,TRK53152886,7,SAVE10,1042.8,2025,4,Wednesday,521.4,1,0.2857142857142857,True,False,False,False,False,False,True,False,False,False,False,False,False,True,False
ORD200940,2023-03-27,C74003,Printer,4,305.32,679 Main St,TRK91525779,4,SAVE10,1221.28,2023,3,Monday,305.32,1,1.0,False,False,False,False,True,True,False,False,False,False,False,False,True,False,False
ORD200941,2023-07-17,C91155,Printer,5,111.7,599 Main St,TRK82162952,9,FREESHIP,558.5,2023,7,Monday,111.7,1,0.5555555555555556,False,True,False,False,False,True,False,False,False,False,True,False,False,False,False
ORD200942,2023-09-29,C17591,Tablet,1,479.76,882 Main St,TRK56070470,1,NoCoupon,479.76,2023,9,Friday,479.76,0,1.0,False,True,False,False,False,False,False,True,False,False,True,False,False,False,False
ORD200943,2023-12-27,C43330,Monitor,3,193.49,355 Main St,TRK71594838,6,FREESHIP,580.47,2023,12,Wednesday,193.49,1,0.5,False,False,False,True,False,False,False,False,True,False,False,True,False,False,False
ORD200944,2024-12-16,C32687,Laptop,2,426.22,448 Main St,TRK98284560,7,WINTER15,852.44,2024,12,Monday,426.22,1,0.2857142857142857,False,False,False,False,True,False,True,False,False,False,False,False,True,False,False
ORD200945,2023-08-20,C79722,Tablet,5,276.44,619 Main St,TRK29976438,10,FREESHIP,1382.2,2023,8,Sunday,276.44,1,0.5,False,False,False,True,False,False,False,False,False,True,False,False,False,False,True
ORD200946,2024-05-04,C65021,Phone,2,404.96,546 Main St,TRK20626179,4,SAVE10,809.92,2024,5,Saturday,404.96,1,0.5,True,False,False,False,False,False,False,False,False,True,True,False,False,False,False
ORD200947,2023-09-07,C85520,Phone,4,465.66,119 Main St,TRK65994177,9,FREESHIP,1862.64,2023,9,Thursday,465.66,1,0.4444444444444444,False,False,False,False,True,False,False,False,True,False,True,False,False,False,False
ORD200948,2024-06-21,C94569,Phone,2,594.07,739 Main St,TRK79269291,2,NoCoupon,1188.14,2024,6,Friday,594.07,0,1.0,False,False,False,True,False,True,False,False,False,False,False,False,True,False,False
ORD200949,2023-11-09,C55778,Desk,5,110.38,319 Main St,TRK93797108,10,NoCoupon,551.9,2023,11,Thursday,110.38,0,0.5,True,False,False,False,False,False,False,True,False,False,False,False,False,False,True
ORD200950,2024-05-31,C19722,Laptop,1,596.24,891 Main St,TRK78094361,4,FREESHIP,596.24,2024,5,Friday,596.24,1,0.25,False,True,False,False,False,False,False,False,True,False,False,False,False,True,False
ORD200951,2024-07-22,C74928,Printer,2,306.24,589 Main St,TRK39845914,4,FREESHIP,612.48,2024,7,Monday,306.24,1,0.5,False,False,False,False,True,False,False,False,True,False,True,False,False,False,False
ORD200952,2025-02-27,C49111,Monitor,3,503.39,225 Main St,TRK45303393,5,NoCoupon,1510.17,2025,2,Thursday,503.39000000000004,0,0.6,False,False,False,False,True,False,False,True,False,False,False,True,False,False,False
ORD200953,2023-02-06,C43721,Phone,1,131.61,971 Main St,TRK89392104,2,FREESHIP,131.61,2023,2,Monday,131.61,1,0.5,True,False,False,False,False,False,False,False,False,True,False,True,False,False,False
ORD200954,2024-10-22,C68609,Chair,3,443.44,240 Main St,TRK58273778,3,FREESHIP,1330.32,2024,10,Tuesday,443.44,1,1.0,False,False,False,True,False,False,False,False,False,True,False,False,True,False,False
ORD200955,2023-01-23,C82068,Chair,1,408.13,164 Main St,TRK25779180,3,WINTER15,408.13,2023,1,Monday,408.13,1,0.3333333333333333,False,False,False,True,False,False,False,False,False,True,False,False,False,True,False
ORD200956,2024-04-11,C21191,Phone,2,160.98,381 Main St,TRK86246309,3,SAVE10,321.96,2024,4,Thursday,160.98,1,0.6666666666666666,False,False,True,False,False,False,True,False,False,False,False,False,False,False,True
ORD200957,2023-01-12,C73575,Monitor,5,643.89,851 Main St,TRK23387612,8,WINTER15,3219.45,2023,1,Thursday,643.89,1,0.625,True,False,False,False,False,False,False,False,True,False,False,True,False,False,False
ORD200958,2023-05-13,C82685,Desk,3,158.66,537 Main St,TRK70184320,7,WINTER15,475.98,2023,5,Saturday,158.66,1,0.42857142857142855,False,False,False,True,False,False,True,False,False,False,True,False,False,False,False
ORD200959,2024-04-13,C73996,Tablet,2,143.82,856 Main St,TRK74579570,6,SAVE10,287.64,2024,4,Saturday,143.82,1,0.3333333333333333,False,True,False,False,False,False,False,False,True,False,False,False,False,True,False
ORD200960,2023-12-11,C87687,Laptop,3,379.07,312 Main St,TRK60383805,3,WINTER15,1137.21,2023,12,Monday,379.07,1,1.0,False,False,False,True,False,False,False,True,False,False,False,False,True,False,False
ORD200961,2024-11-11,C55464,Phone,1,601.36,532 Main St,TRK81178598,1,NoCoupon,601.36,2024,11,Monday,601.36,0,1.0,False,False,False,False,True,False,False,False,False,True,False,True,False,False,False
ORD200962,2024-09-06,C12459,Phone,2,142.08,838 Main St,TRK30674085,4,SAVE10,284.16,2024,9,Friday,142.08,1,0.5,False,False,False,True,False,False,True,False,False,False,False,False,False,False,True
ORD200963,2024-03-11,C88075,Chair,5,530.34,970 Main St,TRK42832976,9,FREESHIP,2651.7,2024,3,Monday,530.3399999999999,1,0.5555555555555556,False,False,False,False,True,False,False,False,False,True,False,False,True,False,False
ORD200964,2023-08-20,C18583,Phone,5,364.42,778 Main St,TRK43084595,10,SAVE10,1822.1,2023,8,Sunday,364.41999999999996,1,0.5,False,True,False,False,False,True,False,False,False,False,False,False,False,False,True
ORD200965,2025-06-18,C70412,Laptop,4,578.28,791 Main St,TRK22192783,5,FREESHIP,2313.12,2025,6,Wednesday,578.28,1,0.8,False,False,False,True,False,True,False,False,False,False,True,False,False,False,False
ORD200966,2025-05-20,C58503,Monitor,5,280.52,290 Main St,TRK12981657,7,WINTER15,1402.6,2025,5,Tuesday,280.52,1,0.7142857142857143,False,True,False,False,False,True,False,False,False,False,False,True,False,False,False
ORD200967,2025-05-06,C52879,Tablet,5,638.92,502 Main St,TRK67403284,5,FREESHIP,3194.6,2025,5,Tuesday,638.92,1,1.0,False,True,False,False,False,False,False,False,True,False,False,False,True,False,False
ORD200968,2024-02-08,C67870,Monitor,4,412.2,664 Main St,TRK72602178,6,WINTER15,1648.8,2024,2,Thursday,412.2,1,0.6666666666666666,False,True,False,False,False,False,False,False,False,True,False,False,False,False,True
ORD200969,2025-06-05,C19439,Desk,1,440.34,675 Main St,TRK25383993,2,WINTER15,440.34,2025,6,Thursday,440.34,1,0.5,False,False,False,True,False,False,False,False,False,True,False,True,False,False,False
ORD200970,2024-09-07,C72664,Desk,1,627.15,241 Main St,TRK86694331,5,SAVE10,627.15,2024,9,Saturday,627.15,1,0.2,True,False,False,False,False,False,True,False,False,False,False,False,False,True,False
ORD200971,2024-05-27,C32650,Monitor,2,605.26,934 Main St,TRK66648743,4,WINTER15,1210.52,2024,5,Monday,605.26,1,0.5,True,False,False,False,False,True,False,False,False,False,False,False,False,False,True
ORD200972,2024-06-09,C66438,Laptop,1,90.27,816 Main St,TRK32035271,5,SAVE10,90.27,2024,6,Sunday,90.27,1,0.2,True,False,False,False,False,False,True,False,False,False,False,True,False,False,False
ORD200973,2025-06-09,C70010,Desk,5,230.77,141 Main St,TRK50594008,10,WINTER15,1153.85,2025,6,Monday,230.76999999999998,1,0.5,False,False,False,False,True,False,False,True,False,False,False,False,False,False,True
ORD200974,2023-09-27,C30722,Desk,5,266.78,274 Main St,TRK52088168,5,NoCoupon,1333.9,2023,9,Wednesday,266.78000000000003,0,1.0,False,False,False,True,False,True,False,False,False,False,True,False,False,False,False
ORD200975,2023-05-18,C70529,Desk,1,105.92,974 Main St,TRK82165408,6,SAVE10,105.92,2023,5,Thursday,105.92,1,0.16666666666666666,False,False,False,True,False,False,False,False,True,False,True,False,False,False,False
ORD200976,2024-04-04,C18984,Tablet,3,589.3,650 Main St,TRK49298239,6,WINTER15,1767.9,2024,4,Thursday,589.3000000000001,1,0.5,False,True,False,False,False,False,False,False,True,False,False,False,False,False,True
ORD200977,2023-01-28,C85841,Chair,4,649.47,608 Main St,TRK99820544,8,SAVE10,2597.88,2023,1,Saturday,649.47,1,0.5,True,False,False,False,False,False,False,True,False,False,False,False,True,False,False
ORD200978,2024-06-25,C41508,Printer,4,107.49,993 Main St,TRK61047536,5,NoCoupon,429.96,2024,6,Tuesday,107.49,0,0.8,True,False,False,False,False,False,True,False,False,False,False,False,True,False,False
ORD200979,2023-05-31,C75018,Monitor,3,669.06,299 Main St,TRK51794806,7,SAVE10,2007.18,2023,5,Wednesday,669.0600000000001,1,0.42857142857142855,True,False,False,False,False,False,True,False,False,False,False,True,False,False,False
ORD200980,2023-10-14,C84320,Chair,3,69.65,107 Main St,TRK81093218,7,WINTER15,208.95,2023,10,Saturday,69.64999999999999,1,0.42857142857142855,True,False,False,False,False,False,True,False,False,False,False,False,False,True,False
ORD200981,2023-11-26,C12609,Phone,4,136.83,490 Main St,TRK56379337,8,SAVE10,547.32,2023,11,Sunday,136.83,1,0.5,False,False,True,False,False,False,False,True,False,False,True,False,False,False,False
ORD200982,2024-09-06,C64935,Monitor,1,304.11,707 Main St,TRK42969065,2,SAVE10,304.11,2024,9,Friday,304.11,1,0.5,False,False,False,True,False,False,False,False,False,True,False,False,False,False,True
ORD200983,2024-11-24,C67528,Monitor,4,296.28,110 Main St,TRK60865210,5,SAVE10,1185.12,2024,11,Sunday,296.28,1,0.8,False,False,False,True,False,False,False,False,False,True,True,False,False,False,False
ORD200984,2025-02-28,C44176,Desk,1,77.64,706 Main St,TRK68704764,1,FREESHIP,77.64,2025,2,Friday,77.64,1,1.0,False,True,False,False,False,False,False,False,False,True,False,True,False,False,False
ORD200985,2024-07-20,C92788,Desk,1,243.71,948 Main St,TRK83835361,6,SAVE10,243.71,2024,7,Saturday,243.71,1,0.16666666666666666,False,False,False,True,False,False,True,False,False,False,False,False,True,False,False
ORD200986,2024-09-07,C69213,Laptop,4,644.96,533 Main St,TRK67837331,7,FREESHIP,2579.84,2024,9,Saturday,644.96,1,0.5714285714285714,False,True,False,False,False,False,False,True,False,False,True,False,False,False,False
ORD200987,2025-06-05,C67387,Phone,5,283.73,436 Main St,TRK54120003,8,FREESHIP,1418.65,2025,6,Thursday,283.73,1,0.625,False,False,False,True,False,False,False,True,False,False,False,False,False,True,False
ORD200988,2025-02-04,C90318,Desk,2,629.56,818 Main St,TRK52765043,5,WINTER15,1259.12,2025,2,Tuesday,629.56,1,0.4,False,False,False,True,False,True,False,False,False,False,False,False,False,True,False
ORD200989,2023-03-23,C49995,Laptop,4,246.11,559 Main St,TRK33212013,4,SAVE10,984.44,2023,3,Thursday,246.11,1,1.0,False,True,False,False,False,False,False,True,False,False,False,False,False,True,False
ORD200990,2023-11-19,C52313,Phone,2,418.26,913 Main St,TRK67368559,2,SAVE10,836.52,2023,11,Sunday,418.26,1,1.0,False,False,True,False,False,False,False,True,False,False,False,False,True,False,False
ORD200991,2024-05-09,C10211,Desk,5,127.18,598 Main St,TRK68938335,10,FREESHIP,635.9000000000001,2024,5,Thursday,127.18000000000002,1,0.5,False,False,True,False,False,True,False,False,False,False,False,False,True,False,False
ORD200992,2024-08-27,C97907,Printer,3,586.21,933 Main St,TRK89637569,4,WINTER15,1758.63,2024,8,Tuesday,586.21,1,0.75,False,False,False,True,False,False,False,True,False,False,False,False,False,False,True
ORD200993,2024-04-06,C61384,Monitor,3,267.45,576 Main St,TRK33323210,5,WINTER15,802.3499999999999,2024,4,Saturday,267.45,1,0.6,False,False,False,True,False,False,True,False,False,False,False,False,False,True,False
ORD200994,2024-06-27,C27613,Tablet,4,615.65,971 Main St,TRK63701318,9,WINTER15,2462.6,2024,6,Thursday,615.65,1,0.4444444444444444,False,False,True,False,False,False,True,False,False,False,False,False,True,False,False
ORD200995,2023-11-18,C99271,Monitor,2,113.29,959 Main St,TRK87832736,5,SAVE10,226.58,2023,11,Saturday,113.29,1,0.4,True,False,False,False,False,False,False,True,False,False,False,True,False,False,False
ORD200996,2024-04-28,C28648,Monitor,4,473.86,101 Main St,TRK92240846,7,SAVE10,1895.44,2024,4,Sunday,473.86,1,0.5714285714285714,False,False,True,False,False,False,True,False,False,False,False,True,False,False,False
ORD200997,2023-11-27,C26210,Laptop,3,444.75,805 Main St,TRK40616861,6,SAVE10,1334.25,2023,11,Monday,444.75,1,0.5,True,False,False,False,False,False,True,False,False,False,False,True,False,False,False
ORD200998,2023-05-19,C90350,Phone,2,183.67,783 Main St,TRK22824230,6,SAVE10,367.34,2023,5,Friday,183.67,1,0.3333333333333333,False,False,True,False,False,True,False,False,False,False,False,False,True,False,False
ORD200999,2023-12-24,C61957,Printer,1,483.38,652 Main St,TRK43983841,6,FREESHIP,483.38,2023,12,Sunday,483.38,1,0.16666666666666666,True,False,False,False,False,False,False,True,False,False,False,False,True,False,False
ORD201000,2023-06-21,C90132,Printer,5,260.93,582 Main St,TRK52664903,9,SAVE10,1304.65,2023,6,Wednesday,260.93,1,0.5555555555555556,False,False,False,False,True,False,True,False,False,False,True,False,False,False,False
ORD201001,2023-12-08,C31371,Printer,2,253.68,122 Main St,TRK19554327,6,NoCoupon,507.36,2023,12,Friday,253.68,0,0.3333333333333333,False,False,False,True,False,False,False,False,False,True,False,False,False,False,True
ORD201002,2025-06-19,C83911,Tablet,4,699.88,944 Main St,TRK33188106,5,WINTER15,2799.52,2025,6,Thursday,699.88,1,0.8,True,False,False,False,False,False,False,True,False,False,False,False,False,False,True
ORD201003,2023-01-11,C84700,Printer,5,319.97,582 Main St,TRK14706969,7,SAVE10,1599.85,2023,1,Wednesday,319.96999999999997,1,0.7142857142857143,True,False,False,False,False,False,False,False,False,True,False,False,True,False,False
ORD201004,2025-06-09,C87529,Chair,4,246.91,296 Main St,TRK15739505,8,SAVE10,987.64,2025,6,Monday,246.91,1,0.5,False,False,False,False,True,False,False,True,False,False,False,False,False,False,True
ORD201005,2023-03-02,C38065,Printer,3,392.85,426 Main St,TRK11448295,6,NoCoupon,1178.55,2023,3,Thursday,392.84999999999997,0,0.5,False,True,False,False,False,False,False,False,True,False,False,False,True,False,False
ORD201006,2024-05-27,C27435,Tablet,5,420.98,860 Main St,TRK91458233,7,SAVE10,2104.9,2024,5,Monday,420.98,1,0.7142857142857143,True,False,False,False,False,False,True,False,False,False,False,True,False,False,False
ORD201007,2024-03-20,C46651,Monitor,2,73.26,839 Main St,TRK60444502,4,WINTER15,146.52,2024,3,Wednesday,73.26,1,0.5,True,False,False,False,False,False,False,True,False,False,False,True,False,False,False
ORD201008,2023-01-13,C62557,Monitor,3,410.88,257 Main St,TRK12742366,8,FREESHIP,1232.64,2023,1,Friday,410.88000000000005,1,0.375,True,False,False,False,False,False,True,False,False,False,False,False,False,True,False
ORD201009,2023-09-02,C54494,Tablet,2,176.46,696 Main St,TRK95958645,2,FREESHIP,352.92,2023,9,Saturday,176.46,1,1.0,False,True,False,False,False,False,True,False,False,False,True,False,False,False,False
ORD201010,2023-03-31,C33729,Monitor,3,659.57,533 Main St,TRK35649833,6,SAVE10,1978.71,2023,3,Friday,659.57,1,0.5,False,True,False,False,False,True,False,False,False,False,True,False,False,False,False
ORD201011,2024-12-03,C47823,Phone,2,478.36,654 Main St,TRK22271097,3,NoCoupon,956.72,2024,12,Tuesday,478.36,0,0.6666666666666666,False,False,False,False,True,False,False,False,False,True,False,False,True,False,False
ORD201012,2024-12-03,C84570,Printer,4,30.05,301 Main St,TRK12551882,6,NoCoupon,120.2,2024,12,Tuesday,30.05,0,0.6666666666666666,False,False,False,False,True,False,False,False,True,False,False,True,False,False,False
ORD201013,2025-04-26,C91123,Laptop,4,300.56,842 Main St,TRK49568409,9,FREESHIP,1202.24,2025,4,Saturday,300.56,1,0.4444444444444444,True,False,False,False,False,True,False,False,False,False,False,True,False,False,False
ORD201014,2024-02-04,C92548,Tablet,5,226.45,160 Main St,TRK21682892,6,FREESHIP,1132.25,2024,2,Sunday,226.45,1,0.8333333333333334,False,False,True,False,False,False,False,False,True,False,True,False,False,False,False
ORD201015,2024-01-26,C97454,Printer,2,349.4,892 Main St,TRK73249329,2,SAVE10,698.8,2024,1,Friday,349.4,1,1.0,False,False,False,False,True,False,False,False,False,True,False,False,False,True,False
ORD201016,2023-12-29,C20257,Tablet,5,268.78,669 Main St,TRK62135578,7,WINTER15,1343.9,2023,12,Friday,268.78000000000003,1,0.7142857142857143,False,False,True,False,False,False,True,False,False,False,True,False,False,False,False
ORD201017,2024-08-25,C51694,Chair,2,680.85,953 Main St,TRK83122112,6,FREESHIP,1361.7,2024,8,Sunday,680.85,1,0.3333333333333333,False,False,False,True,False,False,True,False,False,False,False,False,False,False,True
ORD201018,2023-07-08,C77499,Laptop,3,182.48,209 Main St,TRK20703086,3,NoCoupon,547.4399999999999,2023,7,Saturday,182.48,0,1.0,True,False,False,False,False,False,True,False,False,False,False,False,False,True,False
ORD201019,2024-04-06,C28386,Desk,1,277.09,293 Main St,TRK32954229,2,SAVE10,277.09,2024,4,Saturday,277.09,1,0.5,True,False,False,False,False,False,False,False,True,False,False,False,False,False,True
ORD201020,2024-04-22,C50211,Tablet,2,26.5,312 Main St,TRK47787981,3,SAVE10,53.0,2024,4,Monday,26.5,1,0.6666666666666666,False,False,False,False,True,False,True,False,False,False,False,False,False,True,False
ORD201021,2023-10-23,C74519,Phone,3,315.27,309 Main St,TRK97351945,4,SAVE10,945.81,2023,10,Monday,315.27,1,0.75,False,True,False,False,False,True,False,False,False,False,True,False,False,False,False
ORD201022,2025-02-24,C19071,Tablet,3,450.98,396 Main St,TRK66537096,8,SAVE10,1352.94,2025,2,Monday,450.98,1,0.375,False,True,False,False,False,False,False,False,False,True,False,False,False,False,True
ORD201023,2024-09-23,C65251,Laptop,5,233.67,291 Main St,TRK32059025,10,NoCoupon,1168.35,2024,9,Monday,233.67,0,0.5,True,False,False,False,False,False,False,False,False,True,False,False,False,False,True
ORD201024,2024-01-29,C90612,Chair,3,367.75,731 Main St,TRK93022878,7,FREESHIP,1103.25,2024,1,Monday,367.75,1,0.42857142857142855,True,False,False,False,False,False,False,True,False,False,False,True,False,False,False
ORD201025,2025-05-17,C28406,Chair,1,23.53,174 Main St,TRK98841457,2,FREESHIP,23.53,2025,5,Saturday,23.53,1,0.5,False,False,False,True,False,False,True,False,False,False,False,False,False,True,False
ORD201026,2023-05-01,C55454,Monitor,1,677.48,807 Main St,TRK13281370,1,WINTER15,677.48,2023,5,Monday,677.48,1,1.0,False,False,False,False,True,False,True,False,False,False,False,True,False,False,False
ORD201027,2024-05-21,C93467,Laptop,4,554.83,983 Main St,TRK77377373,6,NoCoupon,2219.32,2024,5,Tuesday,554.83,0,0.6666666666666666,True,False,False,False,False,False,False,False,True,False,False,False,True,False,False
ORD201028,2023-02-17,C60042,Desk,4,440.31,610 Main St,TRK84651559,6,NoCoupon,1761.24,2023,2,Friday,440.31,0,0.6666666666666666,True,False,False,False,False,True,False,False,False,False,False,False,False,True,False
ORD201029,2025-03-01,C44733,Desk,1,87.06,851 Main St,TRK41500198,4,FREESHIP,87.06,2025,3,Saturday,87.06,1,0.25,False,True,False,False,False,False,False,False,False,True,True,False,False,False,False
ORD201030,2023-10-02,C61773,Phone,4,245.28,176 Main St,TRK12936357,6,WINTER15,981.12,2023,10,Monday,245.28,1,0.6666666666666666,False,True,False,False,False,False,True,False,False,False,True,False,False,False,False
ORD201031,2023-02-28,C59183,Phone,5,664.51,136 Main St,TRK18129706,8,SAVE10,3322.55,2023,2,Tuesday,664.51,1,0.625,False,False,True,False,False,False,False,True,False,False,True,False,False,False,False
ORD201032,2023-04-20,C26188,Chair,1,618.68,990 Main St,TRK61634201,6,WINTER15,618.68,2023,4,Thursday,618.68,1,0.16666666666666666,False,False,False,False,True,False,True,False,False,False,False,False,False,False,True
ORD201033,2024-12-24,C20338,Monitor,1,370.85,331 Main St,TRK30654048,2,FREESHIP,370.85,2024,12,Tuesday,370.85,1,0.5,False,False,False,True,False,False,True,False,False,False,False,False,False,False,True
ORD201034,2024-06-16,C84524,Printer,4,517.98,766 Main St,TRK76751888,8,FREESHIP,2071.92,2024,6,Sunday,517.98,1,0.5,True,False,False,False,False,True,False,False,False,False,False,True,False,False,False
ORD201035,2023-11-12,C70315,Laptop,4,506.11,911 Main St,TRK97732085,5,NoCoupon,2024.44,2023,11,Sunday,506.11,0,0.8,True,False,False,False,False,True,False,False,False,False,False,False,False,False,True
ORD201036,2024-05-31,C98278,Phone,3,413.83,552 Main St,TRK49684737,8,SAVE10,1241.49,2024,5,Friday,413.83,1,0.375,False,False,False,True,False,False,False,False,False,True,False,True,False,False,False
ORD201037,2023-12-13,C32347,Printer,1,249.81,408 Main St,TRK54073964,1,SAVE10,249.81,2023,12,Wednesday,249.81,1,1.0,True,False,False,False,False,False,False,True,False,False,False,False,True,False,False
ORD201038,2025-03-15,C77961,Tablet,3,362.53,422 Main St,TRK28969024,5,NoCoupon,1087.59,2025,3,Saturday,362.53,0,0.6,False,False,True,False,False,False,False,False,True,False,False,True,False,False,False
ORD201039,2025-06-28,C49137,Desk,2,299.23,177 Main St,TRK79362428,2,WINTER15,598.46,2025,6,Saturday,299.23,1,1.0,False,True,False,False,False,True,False,False,False,False,False,False,False,True,False
ORD201040,2023-11-15,C13169,Tablet,1,536.07,932 Main St,TRK66288666,5,FREESHIP,536.07,2023,11,Wednesday,536.07,1,0.2,False,False,True,False,False,False,True,False,False,False,False,False,True,False,False
ORD201041,2023-02-11,C21167,Monitor,4,558.9,948 Main St,TRK97737564,9,WINTER15,2235.6,2023,2,Saturday,558.9,1,0.4444444444444444,False,False,False,True,False,False,False,False,False,True,False,False,True,False,False
ORD201042,2024-12-09,C59724,Tablet,2,409.75,414 Main St,TRK67878272,2,WINTER15,819.5,2024,12,Monday,409.75,1,1.0,False,False,True,False,False,False,False,False,False,True,False,True,False,False,False
ORD201043,2025-01-11,C43965,Tablet,2,179.96,675 Main St,TRK94346739,5,NoCoupon,359.92,2025,1,Saturday,179.96,0,0.4,False,False,False,True,False,False,False,False,False,True,False,False,False,True,False
ORD201044,2025-06-22,C63018,Printer,1,38.49,215 Main St,TRK52335337,4,FREESHIP,38.49,2025,6,Sunday,38.49,1,0.25,False,True,False,False,False,False,True,False,False,False,False,False,False,False,True
ORD201045,2024-09-20,C11893,Laptop,5,316.4,671 Main St,TRK72012758,7,NoCoupon,1582.0,2024,9,Friday,316.4,0,0.7142857142857143,False,False,False,True,False,False,False,False,True,False,True,False,False,False,False
ORD201046,2024-10-07,C85421,Tablet,3,547.15,466 Main St,TRK16524006,4,WINTER15,1641.45,2024,10,Monday,547.15,1,0.75,False,False,False,False,True,False,False,False,False,True,False,False,False,True,False
ORD201047,2023-06-23,C81726,Chair,4,540.34,394 Main St,TRK69872994,6,WINTER15,2161.36,2023,6,Friday,540.34,1,0.6666666666666666,False,False,False,True,False,False,False,False,False,True,False,False,False,False,True
ORD201048,2024-09-09,C57601,Monitor,4,73.65,889 Main St,TRK21153699,9,NoCoupon,294.6,2024,9,Monday,73.65,0,0.4444444444444444,False,False,True,False,False,False,False,False,False,True,False,False,True,False,False
ORD201049,2024-07-18,C60575,Desk,5,391.86,587 Main St,TRK44468232,6,NoCoupon,1959.3,2024,7,Thursday,391.86,0,0.8333333333333334,False,True,False,False,False,False,False,False,False,True,False,False,False,True,False
ORD201050,2023-08-20,C70659,Laptop,5,69.7,722 Main St,TRK49663597,9,NoCoupon,348.5,2023,8,Sunday,69.7,0,0.5555555555555556,False,False,False,False,True,False,False,False,True,False,False,False,False,True,False
ORD201051,2025-03-05,C35043,Monitor,5,26.43,820 Main St,TRK65097450,5,FREESHIP,132.15,2025,3,Wednesday,26.43,1,1.0,False,False,False,True,False,False,False,False,False,True,False,True,False,False,False
ORD201052,2023-09-11,C12301,Tablet,1,531.74,493 Main St,TRK25145796,1,WINTER15,531.74,2023,9,Monday,531.74,1,1.0,False,False,False,False,True,False,False,False,False,True,False,False,True,False,False
ORD201053,2024-09-15,C32798,Phone,2,496.62,679 Main St,TRK37375451,2,SAVE10,993.24,2024,9,Sunday,496.62,1,1.0,False,False,False,False,True,False,False,True,False,False,False,False,False,True,False
ORD201054,2023-11-29,C42949,Printer,1,660.66,447 Main St,TRK46415143,3,WINTER15,660.66,2023,11,Wednesday,660.66,1,0.3333333333333333,False,False,True,False,False,False,True,False,False,False,False,False,False,True,False
ORD201055,2023-10-23,C10787,Monitor,4,274.82,932 Main St,TRK91512567,9,WINTER15,1099.28,2023,10,Monday,274.82,1,0.4444444444444444,False,False,True,False,False,False,True,False,False,False,True,False,False,False,False
ORD201056,2024-06-14,C26152,Phone,2,486.35,790 Main St,TRK49382455,6,SAVE10,972.7,2024,6,Friday,486.35,1,0.3333333333333333,False,False,False,False,True,False,False,True,False,False,False,False,False,False,True
ORD201057,2024-09-24,C46210,Laptop,3,428.88,535 Main St,TRK81611937,3,WINTER15,1286.64,2024,9,Tuesday,428.88000000000005,1,1.0,False,False,True,False,False,False,False,False,False,True,False,True,False,False,False
ORD201058,2023-09-08,C32943,Desk,2,412.14,127 Main St,TRK26949106,2,FREESHIP,824.28,2023,9,Friday,412.14,1,1.0,False,True,False,False,False,False,False,False,True,False,False,False,False,True,False
ORD201059,2024-09-22,C73629,Desk,1,265.64,601 Main St,TRK11492924,3,WINTER15,265.64,2024,9,Sunday,265.64,1,0.3333333333333333,False,True,False,False,False,False,False,False,True,False,False,False,False,True,False
ORD201060,2024-05-07,C38024,Tablet,2,273.43,824 Main St,TRK93370912,7,WINTER15,546.86,2024,5,Tuesday,273.43,1,0.2857142857142857,True,False,False,False,False,False,False,False,False,True,False,False,False,False,True
ORD201061,2025-01-29,C25445,Laptop,5,131.7,830 Main St,TRK12402431,8,FREESHIP,658.5,2025,1,Wednesday,131.7,1,0.625,True,False,False,False,False,False,False,False,False,True,False,False,True,False,False
ORD201062,2023-08-23,C13501,Chair,5,85.52,301 Main St,TRK65149372,5,NoCoupon,427.6,2023,8,Wednesday,85.52000000000001,0,1.0,False,False,False,True,False,True,False,False,False,False,False,True,False,False,False
ORD201063,2024-06-19,C42108,Desk,2,320.68,336 Main St,TRK58407918,5,FREESHIP,641.36,2024,6,Wednesday,320.68,1,0.4,False,True,False,False,False,False,False,False,False,True,False,False,False,False,True
ORD201064,2025-02-12,C32121,Laptop,4,198.81,654 Main St,TRK96074264,9,FREESHIP,795.24,2025,2,Wednesday,198.81,1,0.4444444444444444,True,False,False,False,False,False,False,False,True,False,False,False,False,False,True
ORD201065,2023-10-30,C47778,Printer,5,666.8,488 Main St,TRK79504329,7,SAVE10,3330.4075,2023,10,Monday,666.0815,1,0.7142857142857143,False,False,True,False,False,False,True,False,False,False,False,False,False,False,True
ORD201066,2023-12-20,C10791,Desk,1,355.09,674 Main St,TRK20321248,5,SAVE10,355.09,2023,12,Wednesday,355.09,1,0.2,False,False,True,False,False,True,False,False,False,False,False,False,False,True,False
ORD201067,2023-06-06,C78959,Phone,2,316.2,384 Main St,TRK37426359,2,NoCoupon,632.4,2023,6,Tuesday,316.2,0,1.0,False,False,False,False,True,False,False,False,True,False,False,False,False,True,False
ORD201068,2024-08-03,C29914,Laptop,1,133.39,469 Main St,TRK22073506,2,SAVE10,133.39,2024,8,Saturday,133.39,1,0.5,False,False,True,False,False,False,False,False,False,True,False,False,False,False,True
ORD201069,2023-02-25,C70506,Monitor,1,454.23,255 Main St,TRK12518384,3,NoCoupon,454.23,2023,2,Saturday,454.23,0,0.3333333333333333,False,False,False,True,False,False,False,False,True,False,False,True,False,False,False
ORD201070,2024-09-06,C46873,Desk,4,491.29,496 Main St,TRK10926575,6,NoCoupon,1965.16,2024,9,Friday,491.29,0,0.6666666666666666,False,False,True,False,False,False,False,True,False,False,True,False,False,False,False
ORD201071,2025-06-24,C94037,Phone,2,255.14,216 Main St,TRK47536985,2,NoCoupon,510.28,2025,6,Tuesday,255.14,0,1.0,True,False,False,False,False,False,False,False,False,True,False,False,True,False,False
ORD201072,2023-02-26,C88644,Monitor,1,392.61,977 Main St,TRK14900878,4,SAVE10,392.61,2023,2,Sunday,392.61,1,0.25,False,False,False,True,False,True,False,False,False,False,False,False,False,False,True
ORD201073,2024-10-11,C69471,Tablet,4,362.06,294 Main St,TRK11107152,4,NoCoupon,1448.24,2024,10,Friday,362.06,0,1.0,False,False,True,False,False,False,False,False,True,False,False,True,False,False,False
ORD201074,2024-05-10,C21437,Phone,1,222.73,120 Main St,TRK81624772,4,NoCoupon,222.73,2024,5,Friday,222.73,0,0.25,False,False,False,False,True,False,False,False,True,False,False,False,True,False,False
ORD201075,2024-08-31,C40949,Monitor,2,552.63,609 Main St,TRK43066749,7,WINTER15,1105.26,2024,8,Saturday,552.63,1,0.2857142857142857,False,False,True,False,False,False,True,False,False,False,False,False,False,True,False
ORD201076,2023-05-08,C99116,Laptop,4,686.61,176 Main St,TRK52711973,6,NoCoupon,2746.44,2023,5,Monday,686.61,0,0.6666666666666666,True,False,False,False,False,False,False,False,False,True,False,False,False,False,True
ORD201077,2025-03-07,C57861,Printer,3,305.16,115 Main St,TRK47775217,8,SAVE10,915.48,2025,3,Friday,305.16,1,0.375,False,True,False,False,False,True,False,False,False,False,False,False,False,False,True
ORD201078,2023-03-18,C62627,Desk,1,41.09,881 Main St,TRK90060232,4,WINTER15,41.09,2023,3,Saturday,41.09,1,0.25,False,False,False,False,True,False,False,False,True,False,True,False,False,False,False
ORD201079,2024-06-20,C89979,Phone,5,634.0,144 Main St,TRK99055909,8,NoCoupon,3170.0,2024,6,Thursday,634.0,0,0.625,False,False,False,True,False,False,True,False,False,False,True,False,False,False,False
ORD201080,2023-01-20,C70613,Laptop,5,464.74,438 Main St,TRK33140293,7,NoCoupon,2323.7,2023,1,Friday,464.73999999999995,0,0.7142857142857143,False,False,False,True,False,False,True,False,False,False,False,False,False,False,True
ORD201081,2023-04-21,C55636,Monitor,4,425.6,494 Main St,TRK85897054,5,FREESHIP,1702.4,2023,4,Friday,425.6,1,0.8,False,True,False,False,False,False,False,True,False,False,False,False,True,False,False
ORD201082,2023-10-06,C96595,Chair,3,573.22,177 Main St,TRK59779174,5,SAVE10,1719.66,2023,10,Friday,573.22,1,0.6,False,False,True,False,False,False,False,True,False,False,True,False,False,False,False
ORD201083,2024-07-09,C68508,Chair,1,123.28,895 Main St,TRK98960285,3,SAVE10,123.28,2024,7,Tuesday,123.28,1,0.3333333333333333,False,True,False,False,False,False,True,False,False,False,True,False,False,False,False
ORD201084,2023-01-08,C45175,Phone,1,70.82,128 Main St,TRK41792296,1,WINTER15,70.82,2023,1,Sunday,70.82,1,1.0,False,False,False,True,False,False,False,True,False,False,False,False,False,True,False
ORD201085,2023-05-21,C28049,Printer,2,646.69,404 Main St,TRK91426444,7,WINTER15,1293.38,2023,5,Sunday,646.69,1,0.2857142857142857,False,False,True,False,False,False,False,False,False,True,False,False,False,True,False
ORD201086,2023-12-23,C46967,Tablet,2,513.42,401 Main St,TRK91439791,5,WINTER15,1026.84,2023,12,Saturday,513.42,1,0.4,False,False,False,False,True,False,False,True,False,False,False,False,False,True,False
ORD201087,2025-03-23,C84134,Laptop,4,693.07,530 Main St,TRK48659380,8,SAVE10,2772.28,2025,3,Sunday,693.07,1,0.5,False,False,False,False,True,False,False,False,False,True,False,False,False,True,False
ORD201088,2023-11-30,C49831,Desk,3,491.43,213 Main St,TRK21232601,6,WINTER15,1474.29,2023,11,Thursday,491.43,1,0.5,False,False,False,True,False,False,False,False,False,True,False,False,False,True,False
ORD201089,2025-03-15,C13324,Tablet,2,599.74,440 Main St,TRK66967997,2,NoCoupon,1199.48,2025,3,Saturday,599.74,0,1.0,False,False,False,True,False,False,False,False,False,True,False,False,False,True,False
ORD201090,2023-02-25,C61225,Monitor,2,650.25,996 Main St,TRK37022954,6,NoCoupon,1300.5,2023,2,Saturday,650.25,0,0.3333333333333333,False,False,False,True,False,False,False,False,True,False,False,False,False,True,False
ORD201091,2024-10-08,C16400,Laptop,3,209.48,123 Main St,TRK57771859,4,NoCoupon,628.4399999999999,2024,10,Tuesday,209.48,0,0.75,False,False,True,False,False,False,False,True,False,False,True,False,False,False,False
ORD201092,2023-08-21,C38642,Laptop,5,209.2,930 Main St,TRK47744396,6,WINTER15,1046.0,2023,8,Monday,209.2,1,0.8333333333333334,False,False,True,False,False,False,True,False,False,False,True,False,False,False,False
ORD201093,2023-06-09,C86773,Phone,4,197.36,557 Main St,TRK22612240,9,FREESHIP,789.44,2023,6,Friday,197.36,1,0.4444444444444444,False,False,False,True,False,False,False,False,True,False,False,False,False,True,False
ORD201094,2023-06-28,C66093,Printer,4,648.91,615 Main St,TRK54950785,6,SAVE10,2595.64,2023,6,Wednesday,648.91,1,0.6666666666666666,False,True,False,False,False,False,False,False,False,True,False,False,False,True,False
ORD201095,2024-04-23,C33051,Phone,2,441.54,397 Main St,TRK92929755,2,SAVE10,883.08,2024,4,Tuesday,441.54,1,1.0,False,False,False,False,True,False,True,False,False,False,True,False,False,False,False
ORD201096,2025-05-03,C18169,Tablet,2,464.92,782 Main St,TRK49482923,2,NoCoupon,929.84,2025,5,Saturday,464.92,0,1.0,False,False,True,False,False,False,False,False,True,False,False,True,False,False,False
ORD201097,2024-12-26,C81370,Monitor,5,506.45,344 Main St,TRK99682998,7,WINTER15,2532.25,2024,12,Thursday,506.45,1,0.7142857142857143,False,False,False,True,False,False,False,False,False,True,False,False,True,False,False
ORD201098,2023-06-17,C91103,Monitor,4,255.86,155 Main St,TRK91653000,7,NoCoupon,1023.44,2023,6,Saturday,255.86,0,0.5714285714285714,False,True,False,False,False,False,True,False,False,False,True,False,False,False,False
ORD201099,2024-09-19,C21953,Laptop,2,125.23,272 Main St,TRK60774796,3,FREESHIP,250.46,2024,9,Thursday,125.23,1,0.6666666666666666,True,False,False,False,False,True,False,False,False,False,True,False,False,False,False
ORD201100,2023-08-17,C15146,Laptop,5,38.11,428 Main St,TRK79790530,6,WINTER15,190.55,2023,8,Thursday,38.11,1,0.8333333333333334,False,False,True,False,False,True,False,False,False,False,False,False,False,True,False
ORD201101,2025-06-08,C43546,Monitor,3,161.97,904 Main St,TRK85871121,4,SAVE10,485.91,2025,6,Sunday,161.97,1,0.75,True,False,False,False,False,False,False,True,False,False,True,False,False,False,False
ORD201102,2024-06-03,C98474,Chair,4,347.17,997 Main St,TRK86192984,8,NoCoupon,1388.68,2024,6,Monday,347.17,0,0.5,False,False,True,False,False,False,False,False,False,True,False,False,False,True,False
ORD201103,2023-04-24,C90292,Laptop,4,276.32,129 Main St,TRK26270357,5,NoCoupon,1105.28,2023,4,Monday,276.32,0,0.8,False,False,False,False,True,False,True,False,False,False,False,False,True,False,False
ORD201104,2024-07-25,C17075,Tablet,4,314.76,850 Main St,TRK63547510,8,NoCoupon,1259.04,2024,7,Thursday,314.76,0,0.5,False,False,False,False,True,False,False,False,False,True,False,False,False,True,False
ORD201105,2024-01-08,C12487,Tablet,3,475.69,884 Main St,TRK23324770,3,FREESHIP,1427.07,2024,1,Monday,475.69,1,1.0,False,False,False,True,False,True,False,False,False,False,False,False,True,False,False
ORD201106,2023-03-12,C34555,Chair,1,372.8,903 Main St,TRK72859458,6,SAVE10,372.8,2023,3,Sunday,372.8,1,0.16666666666666666,True,False,False,False,False,True,False,False,False,False,False,True,False,False,False
ORD201107,2025-06-30,C25110,Tablet,2,63.21,282 Main St,TRK80963328,4,SAVE10,126.42,2025,6,Monday,63.21,1,0.5,False,False,False,False,True,True,False,False,False,False,False,False,True,False,False
ORD201108,2023-03-20,C35136,Laptop,1,634.94,462 Main St,TRK49753703,5,WINTER15,634.94,2023,3,Monday,634.94,1,0.2,False,False,False,False,True,True,False,False,False,False,False,False,False,True,False
ORD201109,2024-04-08,C62277,Printer,4,77.47,474 Main St,TRK32026174,7,SAVE10,309.88,2024,4,Monday,77.47,1,0.5714285714285714,False,False,False,True,False,False,False,False,True,False,False,False,False,True,False
ORD201110,2024-02-25,C12472,Chair,3,84.31,912 Main St,TRK36103184,3,SAVE10,252.93,2024,2,Sunday,84.31,1,1.0,False,True,False,False,False,False,False,False,False,True,True,False,False,False,False
ORD201111,2023-05-06,C24047,Monitor,4,234.45,362 Main St,TRK91338580,9,FREESHIP,937.8,2023,5,Saturday,234.45,1,0.4444444444444444,False,False,False,False,True,True,False,False,False,False,False,False,False,True,False
ORD201112,2023-10-13,C76929,Desk,1,356.81,563 Main St,TRK80694400,1,WINTER15,356.81,2023,10,Friday,356.81,1,1.0,False,False,False,False,True,False,True,False,False,False,False,False,False,True,False
ORD201113,2023-03-19,C52914,Desk,4,209.99,168 Main St,TRK80819053,8,NoCoupon,839.96,2023,3,Sunday,209.99,0,0.5,True,False,False,False,False,False,True,False,False,False,False,False,True,False,False
ORD201114,2023-03-16,C55164,Tablet,3,659.88,609 Main St,TRK79610967,3,NoCoupon,1979.64,2023,3,Thursday,659.88,0,1.0,False,False,False,True,False,True,False,False,False,False,False,False,True,False,False
ORD201115,2025-06-20,C70426,Laptop,2,336.32,562 Main St,TRK89687816,3,NoCoupon,672.64,2025,6,Friday,336.32,0,0.6666666666666666,False,False,False,False,True,False,False,False,True,False,False,False,True,False,False
ORD201116,2023-10-14,C69149,Printer,2,531.49,562 Main St,TRK61265132,7,WINTER15,1062.98,2023,10,Saturday,531.49,1,0.2857142857142857,False,True,False,False,False,False,True,False,False,False,False,True,False,False,False
ORD201117,2024-05-20,C78684,Chair,3,588.44,858 Main St,TRK95779073,8,WINTER15,1765.32,2024,5,Monday,588.4399999999999,1,0.375,False,False,False,True,False,False,False,False,False,True,False,False,True,False,False
ORD201118,2024-05-24,C58168,Phone,3,251.48,359 Main St,TRK99102265,4,NoCoupon,754.4399999999999,2024,5,Friday,251.48,0,0.75,False,True,False,False,False,False,False,False,True,False,True,False,False,False,False
ORD201119,2024-11-24,C99024,Laptop,1,684.65,250 Main St,TRK24675988,1,FREESHIP,684.65,2024,11,Sunday,684.65,1,1.0,False,True,False,False,False,False,True,False,False,False,True,False,False,False,False
ORD201120,2025-05-10,C22919,Tablet,1,195.86,267 Main St,TRK82416295,3,NoCoupon,195.86,2025,5,Saturday,195.86,0,0.3333333333333333,False,False,False,False,True,False,False,True,False,False,False,True,False,False,False
ORD201121,2023-05-28,C98354,Phone,3,50.34,393 Main St,TRK43070888,3,FREESHIP,151.02,2023,5,Sunday,50.34,1,1.0,False,False,False,True,False,False,False,False,True,False,False,False,False,True,False
ORD201122,2023-06-07,C38840,Monitor,5,678.19,766 Main St,TRK32496970,8,NoCoupon,3330.4075,2023,6,Wednesday,666.0815,0,0.625,False,False,False,False,True,False,False,False,True,False,False,True,False,False,False
ORD201123,2023-04-14,C68936,Tablet,3,554.25,843 Main St,TRK73163634,6,WINTER15,1662.75,2023,4,Friday,554.25,1,0.5,False,False,True,False,False,False,False,False,False,True,False,False,False,False,True
ORD201124,2023-05-09,C33744,Chair,4,576.87,888 Main St,TRK40245983,5,NoCoupon,2307.48,2023,5,Tuesday,576.87,0,0.8,False,False,False,True,False,False,False,False,True,False,False,False,False,True,False
ORD201125,2023-10-16,C23555,Desk,4,408.36,156 Main St,TRK67210247,4,FREESHIP,1633.44,2023,10,Monday,408.36,1,1.0,False,False,False,True,False,True,False,False,False,False,False,False,False,False,True
ORD201126,2024-07-22,C34337,Phone,5,190.11,325 Main St,TRK36195559,7,SAVE10,950.5500000000001,2024,7,Monday,190.11,1,0.7142857142857143,True,False,False,False,False,False,True,False,False,False,False,False,True,False,False
ORD201127,2025-03-15,C69396,Printer,3,602.75,920 Main St,TRK33155049,6,SAVE10,1808.25,2025,3,Saturday,602.75,1,0.5,False,True,False,False,False,False,False,False,False,True,True,False,False,False,False
ORD201128,2023-08-17,C49198,Monitor,3,646.79,447 Main St,TRK10883354,5,WINTER15,1940.37,2023,8,Thursday,646.79,1,0.6,True,False,False,False,False,True,False,False,False,False,False,False,True,False,False
ORD201129,2023-06-11,C43911,Chair,4,418.71,239 Main St,TRK37495481,8,FREESHIP,1674.84,2023,6,Sunday,418.71,1,0.5,True,False,False,False,False,False,False,True,False,False,False,False,False,True,False
ORD201130,2025-02-16,C24347,Laptop,2,323.45,533 Main St,TRK27233265,5,FREESHIP,646.9,2025,2,Sunday,323.45,1,0.4,False,True,False,False,False,False,False,False,True,False,False,False,False,True,False
ORD201131,2024-07-18,C21043,Phone,1,694.5,195 Main St,TRK41691086,3,WINTER15,694.5,2024,7,Thursday,694.5,1,0.3333333333333333,False,True,False,False,False,False,False,True,False,False,False,True,False,False,False
ORD201132,2024-12-02,C58858,Chair,2,337.32,948 Main St,TRK30406357,4,SAVE10,674.64,2024,12,Monday,337.32,1,0.5,False,True,False,False,False,True,False,False,False,False,True,False,False,False,False
ORD201133,2024-04-09,C20670,Printer,2,467.91,432 Main St,TRK76731303,5,WINTER15,935.82,2024,4,Tuesday,467.91,1,0.4,False,False,False,True,False,False,False,False,True,False,False,True,False,False,False
ORD201134,2024-06-08,C90993,Desk,4,38.28,950 Main St,TRK53964711,4,WINTER15,153.12,2024,6,Saturday,38.28,1,1.0,False,False,True,False,False,True,False,False,False,False,False,True,False,False,False
ORD201135,2023-12-28,C11473,Printer,2,73.41,562 Main St,TRK97793275,2,SAVE10,146.82,2023,12,Thursday,73.41,1,1.0,False,False,False,False,True,False,False,False,False,True,False,False,True,False,False
ORD201136,2023-09-24,C71899,Tablet,3,668.33,799 Main St,TRK34856025,4,WINTER15,2004.99,2023,9,Sunday,668.33,1,0.75,False,False,False,True,False,False,False,True,False,False,False,True,False,False,False
ORD201137,2024-07-29,C48577,Printer,4,410.21,841 Main St,TRK59911645,5,WINTER15,1640.84,2024,7,Monday,410.21,1,0.8,True,False,False,False,False,False,False,True,False,False,False,False,False,True,False
ORD201138,2023-12-18,C13100,Desk,4,294.41,188 Main St,TRK55565668,4,NoCoupon,1177.64,2023,12,Monday,294.41,0,1.0,False,False,True,False,False,False,False,True,False,False,False,False,False,True,False
ORD201139,2025-03-01,C70659,Chair,3,501.82,568 Main St,TRK28290825,4,FREESHIP,1505.46,2025,3,Saturday,501.82,1,0.75,False,False,False,True,False,True,False,False,False,False,True,False,False,False,False
ORD201140,2024-06-24,C49838,Printer,2,552.83,904 Main St,TRK38297718,3,NoCoupon,1105.66,2024,6,Monday,552.83,0,0.6666666666666666,False,True,False,False,False,True,False,False,False,False,False,False,False,False,True
ORD201141,2025-02-16,C11998,Chair,3,498.66,382 Main St,TRK26707221,6,NoCoupon,1495.98,2025,2,Sunday,498.66,0,0.5,True,False,False,False,False,True,False,False,False,False,True,False,False,False,False
ORD201142,2024-08-23,C23405,Phone,4,695.1,484 Main St,TRK83678708,8,NoCoupon,2780.4,2024,8,Friday,695.1,0,0.5,False,False,True,False,False,False,False,False,True,False,True,False,False,False,False
ORD201143,2023-04-03,C41132,Chair,1,381.61,114 Main St,TRK51040137,5,NoCoupon,381.61,2023,4,Monday,381.61,0,0.2,False,False,True,False,False,False,False,True,False,False,True,False,False,False,False
ORD201144,2023-02-16,C88463,Desk,5,507.94,292 Main St,TRK88749996,9,NoCoupon,2539.7,2023,2,Thursday,507.93999999999994,0,0.5555555555555556,False,False,False,False,True,True,False,False,False,False,False,True,False,False,False
ORD201145,2025-05-12,C28152,Desk,3,571.53,821 Main St,TRK59642814,6,FREESHIP,1714.59,2025,5,Monday,571.53,1,0.5,False,False,True,False,False,False,True,False,False,False,False,True,False,False,False
ORD201146,2024-10-03,C36383,Monitor,5,421.44,286 Main St,TRK93336357,5,SAVE10,2107.2,2024,10,Thursday,421.43999999999994,1,1.0,True,False,False,False,False,False,False,True,False,False,False,False,False,True,False
ORD201147,2025-01-02,C19759,Chair,2,588.3,234 Main St,TRK22515454,2,FREESHIP,1176.6,2025,1,Thursday,588.3,1,1.0,False,False,False,False,True,False,False,True,False,False,True,False,False,False,False
ORD201148,2024-06-25,C54886,Phone,1,355.15,442 Main St,TRK66241930,2,SAVE10,355.15,2024,6,Tuesday,355.15,1,0.5,True,False,False,False,False,False,False,False,True,False,True,False,False,False,False
ORD201149,2024-07-25,C27305,Chair,2,695.29,957 Main St,TRK28789916,6,FREESHIP,1390.58,2024,7,Thursday,695.29,1,0.3333333333333333,False,True,False,False,False,False,False,True,False,False,False,False,False,True,False
ORD201150,2023-02-20,C17921,Desk,4,302.65,119 Main St,TRK79291524,8,SAVE10,1210.6,2023,2,Monday,302.65,1,0.5,False,True,False,False,False,True,False,False,False,False,False,False,False,False,True
ORD201151,2023-01-29,C94381,Chair,2,608.04,962 Main St,TRK69804304,4,NoCoupon,1216.08,2023,1,Sunday,608.04,0,0.5,True,False,False,False,False,True,False,False,False,False,False,False,True,False,False
ORD201152,2023-11-09,C25162,Tablet,2,344.18,533 Main St,TRK42183078,7,NoCoupon,688.36,2023,11,Thursday,344.18,0,0.2857142857142857,False,True,False,False,False,False,False,False,False,True,False,False,False,False,True
ORD201153,2024-12-16,C98317,Monitor,4,696.71,276 Main St,TRK37172138,4,NoCoupon,2786.84,2024,12,Monday,696.71,0,1.0,False,False,True,False,False,False,False,False,False,True,False,False,False,True,False
ORD201154,2025-06-11,C53631,Monitor,3,198.63,593 Main St,TRK67589167,8,SAVE10,595.89,2025,6,Wednesday,198.63,1,0.375,True,False,False,False,False,False,False,True,False,False,False,False,False,True,False
ORD201155,2023-08-13,C41478,Printer,4,534.57,667 Main St,TRK62068126,6,FREESHIP,2138.28,2023,8,Sunday,534.57,1,0.6666666666666666,False,True,False,False,False,False,True,False,False,False,False,True,False,False,False
ORD201156,2023-07-19,C20512,Laptop,4,690.78,980 Main St,TRK98234737,9,NoCoupon,2763.12,2023,7,Wednesday,690.78,0,0.4444444444444444,False,True,False,False,False,False,False,False,False,True,False,False,False,False,True
ORD201157,2024-05-29,C25841,Monitor,3,301.55,242 Main St,TRK21451375,5,FREESHIP,904.6500000000001,2024,5,Wednesday,301.55,1,0.6,False,False,True,False,False,False,True,False,False,False,False,False,True,False,False
ORD201158,2023-04-20,C82781,Monitor,4,27.42,661 Main St,TRK20605418,4,SAVE10,109.68,2023,4,Thursday,27.42,1,1.0,False,False,True,False,False,False,False,True,False,False,False,False,False,False,True
ORD201159,2024-02-23,C66112,Desk,4,466.7,874 Main St,TRK60955607,8,NoCoupon,1866.8,2024,2,Friday,466.7,0,0.5,False,False,True,False,False,False,False,False,True,False,False,False,False,True,False
ORD201160,2024-09-04,C40466,Desk,1,541.64,449 Main St,TRK70255168,5,SAVE10,541.64,2024,9,Wednesday,541.64,1,0.2,False,False,True,False,False,False,False,False,False,True,True,False,False,False,False
ORD201161,2023-10-16,C32570,Phone,1,11.39,826 Main St,TRK35969968,6,WINTER15,11.39,2023,10,Monday,11.39,1,0.16666666666666666,True,False,False,False,False,True,False,False,False,False,True,False,False,False,False
ORD201162,2025-03-11,C29405,Phone,2,224.37,251 Main St,TRK33125798,3,WINTER15,448.74,2025,3,Tuesday,224.37,1,0.6666666666666666,False,False,True,False,False,False,True,False,False,False,False,False,False,False,True
ORD201163,2024-06-11,C30643,Laptop,3,306.29,966 Main St,TRK19477485,7,WINTER15,918.8700000000001,2024,6,Tuesday,306.29,1,0.42857142857142855,False,True,False,False,False,False,False,False,True,False,False,False,False,True,False
ORD201164,2024-01-08,C65890,Tablet,5,315.57,340 Main St,TRK64530489,6,WINTER15,1577.85,2024,1,Monday,315.57,1,0.8333333333333334,False,False,True,False,False,False,True,False,False,False,True,False,False,False,False
ORD201165,2023-07-14,C36992,Chair,3,223.79,617 Main St,TRK63460217,3,NoCoupon,671.37,2023,7,Friday,223.79,0,1.0,False,False,True,False,False,False,False,True,False,False,False,False,True,False,False
ORD201166,2023-07-31,C95568,Chair,3,324.47,971 Main St,TRK37075292,4,WINTER15,973.4100000000001,2023,7,Monday,324.47,1,0.75,True,False,False,False,False,False,True,False,False,False,True,False,False,False,False
ORD201167,2023-10-17,C17966,Printer,2,92.87,360 Main St,TRK31169396,5,FREESHIP,185.74,2023,10,Tuesday,92.87,1,0.4,False,True,False,False,False,False,False,True,False,False,False,True,False,False,False
ORD201168,2023-04-08,C89559,Laptop,2,331.42,297 Main St,TRK82838108,6,WINTER15,662.84,2023,4,Saturday,331.42,1,0.3333333333333333,False,True,False,False,False,False,True,False,False,False,False,False,True,False,False
ORD201169,2024-12-23,C15849,Chair,1,525.43,643 Main St,TRK26794546,2,SAVE10,525.43,2024,12,Monday,525.43,1,0.5,True,False,False,False,False,True,False,False,False,False,False,False,False,True,False
ORD201170,2023-08-03,C94257,Printer,2,697.19,762 Main St,TRK40220743,7,FREESHIP,1394.38,2023,8,Thursday,697.19,1,0.2857142857142857,True,False,False,False,False,False,False,False,True,False,True,False,False,False,False
ORD201171,2023-08-28,C39911,Phone,4,518.4,699 Main St,TRK80431998,7,SAVE10,2073.6,2023,8,Monday,518.4,1,0.5714285714285714,False,True,False,False,False,False,True,False,False,False,False,True,False,False,False
ORD201172,2025-02-04,C28828,Desk,3,131.96,745 Main St,TRK32550359,8,NoCoupon,395.88,2025,2,Tuesday,131.96,0,0.375,False,True,False,False,False,False,False,True,False,False,False,False,False,True,False
ORD201173,2024-10-04,C82921,Monitor,1,208.36,703 Main St,TRK31079911,4,FREESHIP,208.36,2024,10,Friday,208.36,1,0.25,False,False,False,False,True,False,False,False,False,True,True,False,False,False,False
ORD201174,2023-11-27,C50159,Printer,3,222.34,105 Main St,TRK53737452,5,WINTER15,667.02,2023,11,Monday,222.34,1,0.6,False,True,False,False,False,False,False,False,True,False,True,False,False,False,False
ORD201175,2024-09-10,C62512,Printer,3,91.74,368 Main St,TRK24139954,8,FREESHIP,275.22,2024,9,Tuesday,91.74000000000001,1,0.375,False,False,True,False,False,False,False,False,True,False,False,False,False,False,True
ORD201176,2023-08-13,C39260,Tablet,2,213.83,374 Main St,TRK55587314,2,WINTER15,427.66,2023,8,Sunday,213.83,1,1.0,False,False,True,False,False,True,False,False,False,False,True,False,False,False,False
ORD201177,2023-04-27,C23917,Printer,1,127.55,433 Main St,TRK44434536,3,SAVE10,127.55,2023,4,Thursday,127.55,1,0.3333333333333333,True,False,False,False,False,False,False,False,False,True,False,False,False,False,True
ORD201178,2024-09-08,C65107,Monitor,1,70.24,456 Main St,TRK10261578,4,FREESHIP,70.24,2024,9,Sunday,70.24,1,0.25,False,True,False,False,False,True,False,False,False,False,False,False,True,False,False
ORD201179,2023-01-08,C84630,Laptop,5,518.55,907 Main St,TRK48054997,6,WINTER15,2592.75,2023,1,Sunday,518.55,1,0.8333333333333334,False,True,False,False,False,True,False,False,False,False,False,False,False,True,False
ORD201180,2023-10-31,C42235,Chair,4,298.36,722 Main St,TRK49379882,8,FREESHIP,1193.44,2023,10,Tuesday,298.36,1,0.5,False,False,True,False,False,False,False,True,False,False,False,False,True,False,False
ORD201181,2023-07-27,C70246,Desk,3,158.74,293 Main St,TRK45708320,7,FREESHIP,476.22,2023,7,Thursday,158.74,1,0.42857142857142855,False,False,False,False,True,False,False,True,False,False,False,False,False,True,False
ORD201182,2025-06-14,C18473,Chair,2,420.29,700 Main St,TRK97834202,3,SAVE10,840.58,2025,6,Saturday,420.29,1,0.6666666666666666,False,False,False,True,False,False,False,False,True,False,False,False,True,False,False
ORD201183,2023-04-05,C12607,Desk,1,281.52,460 Main St,TRK83653396,6,WINTER15,281.52,2023,4,Wednesday,281.52,1,0.16666666666666666,False,False,False,True,False,False,False,False,False,True,False,False,False,False,True
ORD201184,2023-09-27,C10222,Laptop,1,204.08,979 Main St,TRK86297895,4,NoCoupon,204.08,2023,9,Wednesday,204.08,0,0.25,False,False,False,True,False,False,False,False,True,False,False,False,True,False,False
ORD201185,2024-07-08,C77344,Chair,1,343.31,777 Main St,TRK20605055,6,SAVE10,343.31,2024,7,Monday,343.31,1,0.16666666666666666,False,False,False,True,False,False,False,False,True,False,False,False,True,False,False
ORD201186,2023-11-18,C65497,Monitor,1,163.32,676 Main St,TRK83702761,6,WINTER15,163.32,2023,11,Saturday,163.32,1,0.16666666666666666,True,False,False,False,False,False,False,False,False,True,False,True,False,False,False
ORD201187,2024-03-13,C26340,Desk,2,184.6,562 Main St,TRK59962703,7,WINTER15,369.2,2024,3,Wednesday,184.6,1,0.2857142857142857,False,False,False,True,False,False,True,False,False,False,True,False,False,False,False
ORD201188,2023-10-07,C75619,Printer,2,371.29,924 Main St,TRK23086941,5,WINTER15,742.58,2023,10,Saturday,371.29,1,0.4,False,False,False,True,False,False,False,False,False,True,False,True,False,False,False
ORD201189,2024-08-17,C96136,Tablet,5,389.22,149 Main St,TRK60856682,7,NoCoupon,1946.1,2024,8,Saturday,389.21999999999997,0,0.7142857142857143,True,False,False,False,False,True,False,False,False,False,False,False,False,False,True
ORD201190,2025-06-08,C46886,Desk,3,616.39,754 Main St,TRK82791646,6,FREESHIP,1849.17,2025,6,Sunday,616.39,1,0.5,False,True,False,False,False,False,False,False,False,True,False,False,False,True,False
ORD201191,2025-02-10,C44148,Desk,4,376.43,809 Main St,TRK67872709,5,WINTER15,1505.72,2025,2,Monday,376.43,1,0.8,False,False,False,True,False,False,False,True,False,False,False,False,False,True,False
ORD201192,2024-02-28,C72007,Chair,3,432.85,999 Main St,TRK16240916,4,NoCoupon,1298.55,2024,2,Wednesday,432.84999999999997,0,0.75,False,False,False,False,True,False,False,True,False,False,False,False,False,True,False
ORD201193,2025-06-16,C45104,Tablet,1,687.89,348 Main St,TRK38559816,1,FREESHIP,687.89,2025,6,Monday,687.89,1,1.0,True,False,False,False,False,False,False,False,True,False,True,False,False,False,False
ORD201194,2023-11-19,C29885,Printer,3,189.44,725 Main St,TRK62067865,4,FREESHIP,568.3199999999999,2023,11,Sunday,189.43999999999997,1,0.75,True,False,False,False,False,False,False,True,False,False,True,False,False,False,False
ORD201195,2024-06-20,C21126,Desk,1,107.04,392 Main St,TRK38009181,6,FREESHIP,107.04,2024,6,Thursday,107.04,1,0.16666666666666666,False,True,False,False,False,True,False,False,False,False,False,False,True,False,False
ORD201196,2024-03-04,C20095,Monitor,2,662.53,778 Main St,TRK69207593,5,NoCoupon,1325.06,2024,3,Monday,662.53,0,0.4,False,False,False,False,True,True,False,False,False,False,False,True,False,False,False
ORD201197,2023-07-13,C79674,Tablet,2,436.84,275 Main St,TRK88039356,2,FREESHIP,873.68,2023,7,Thursday,436.84,1,1.0,False,False,False,False,True,False,True,False,False,False,False,False,False,True,False
ORD201198,2024-08-22,C64753,Chair,4,262.52,509 Main St,TRK71683331,4,WINTER15,1050.08,2024,8,Thursday,262.52,1,1.0,False,False,True,False,False,True,False,False,False,False,False,False,False,True,False
ORD201199,2023-06-11,C57502,Tablet,4,560.58,201 Main St,TRK51116746,6,SAVE10,2242.32,2023,6,Sunday,560.58,1,0.6666666666666666,False,False,False,True,False,False,False,False,True,False,False,False,False,False,True
