CustomerID,Recency,Quantity,UnitPrice,TotalPrice,ItemsInCart,CouponUsed,OrderCompleted,Product_Chair,Product_Desk,Product_Laptop,Product_Monitor,Product_Phone,Product_Printer,Product_Tablet,PaymentMethod_Cash,PaymentMethod_Credit Card,PaymentMethod_Debit Card,PaymentMethod_Gift Card,PaymentMethod_Online,OrderStatus_Cancelled,OrderStatus_Delivered,OrderStatus_Pending,OrderStatus_Returned,OrderStatus_Shipped,ReferralSource_Email,ReferralSource_Facebook,ReferralSource_Google,ReferralSource_Instagram,ReferralSource_Referral,Cluster
C72649,909,5,570.62,2853.1,7,1,0,False,False,False,True,False,False,False,False,False,True,False,False,False,False,False,False,True,False,False,False,True,False,8
C75739,312,2,151.35,302.7,3,1,0,False,False,False,False,True,False,False,False,False,False,False,True,False,False,False,False,True,False,False,False,False,True,3
C81728,490,5,550.68,2753.4,8,1,0,False,False,False,False,False,False,True,False,True,False,False,False,True,False,False,False,False,True,False,False,False,False,2
C33540,625,1,273.19,273.19,5,1,0,True,False,False,False,False,False,False,False,False,True,False,False,False,False,False,True,False,False,True,False,False,False,1
C81840,54,4,626.01,2504.04,8,1,1,False,False,False,False,False,True,False,False,False,False,False,True,False,True,False,False,False,True,False,False,False,False,7
C37249,617,2,245.86,491.72,4,1,0,False,False,False,False,True,False,False,False,True,False,False,False,False,False,False,False,True,False,False,False,True,False,3
C83492,14,1,664.42,664.42,6,1,0,False,False,True,False,False,False,False,False,False,False,True,False,False,False,False,True,False,False,True,False,False,False,0
C41460,781,5,149.55,747.75,9,1,0,False,False,False,True,False,False,False,True,False,False,False,False,False,False,False,False,True,False,True,False,False,False,8
C26817,90,2,134.28,268.56,2,0,0,False,False,False,False,True,False,False,False,False,False,True,False,True,False,False,False,False,True,False,False,False,False,3
C31946,588,4,509.38,2037.52,6,1,0,False,True,False,False,False,False,False,False,True,False,False,False,False,False,False,False,True,False,False,True,False,False,6
C43443,550,5,625.97,3129.85,9,1,0,False,False,False,False,False,False,True,False,True,False,False,False,False,False,False,True,False,False,False,False,True,False,2
C93861,500,3,49.14,147.42,7,1,0,False,False,False,True,False,False,False,False,False,False,False,True,False,False,False,True,False,True,False,False,False,False,8
C38785,259,2,180.5,361.0,6,1,0,False,False,False,True,False,False,False,False,False,True,False,False,False,False,True,False,False,False,False,False,False,True,8
C88348,671,3,201.49,604.47,4,1,0,False,False,True,False,False,False,False,False,True,False,False,False,False,False,False,True,False,False,True,False,False,False,0
C98474,827,2,393.33,786.66,3,1,0,False,False,False,False,False,False,True,False,False,True,False,False,False,False,True,False,False,False,False,False,True,False,2
C39416,715,1,473.96,473.96,3,0,1,False,False,False,False,False,True,False,True,False,False,False,False,False,True,False,False,False,False,False,True,False,False,5
C28976,889,2,533.81,1067.62,3,1,0,False,False,False,False,False,True,False,False,True,False,False,False,False,False,True,False,False,True,False,False,False,False,4
C60672,486,1,423.4,423.4,3,0,0,False,False,False,False,False,False,True,False,False,True,False,False,False,False,False,False,True,False,False,False,False,True,2
C84329,97,1,431.44,431.44,3,1,0,False,True,False,False,False,False,False,False,False,False,True,False,False,False,True,False,False,False,True,False,False,False,6
C14552,890,5,224.0,1120.0,9,1,0,False,False,False,True,False,False,False,True,False,False,False,False,False,False,False,True,False,False,False,True,False,False,8
C54829,785,5,62.51,312.55,9,1,0,True,False,False,False,False,False,False,True,False,False,False,False,False,False,True,False,False,False,False,False,True,False,1
C99023,226,4,342.95,1371.8,6,0,1,False,False,False,True,False,False,False,True,False,False,False,False,False,True,False,False,False,False,False,True,False,False,7
C34416,884,2,49.62,99.24,2,1,0,False,False,False,True,False,False,False,False,False,False,False,True,False,False,True,False,False,False,False,True,False,False,8
C42372,83,4,273.25,1093.0,5,1,0,False,False,False,False,True,False,False,False,False,True,False,False,True,False,False,False,False,False,False,False,False,True,3
C17470,244,2,230.95,461.9,3,1,1,False,False,True,False,False,False,False,False,False,False,False,True,False,True,False,False,False,False,False,False,False,True,5
C42577,342,1,399.98,399.98,3,1,1,False,False,False,True,False,False,False,False,False,True,False,False,False,True,False,False,False,True,False,False,False,False,5
C21944,482,5,59.55,297.75,6,0,1,False,False,True,False,False,False,False,False,False,False,False,True,False,True,False,False,False,False,False,False,False,True,5
C97593,495,1,472.74,472.74,6,1,0,False,False,False,False,False,True,False,False,False,False,False,True,False,False,False,False,True,False,False,True,False,False,4
C59823,588,4,160.07,640.28,5,0,0,False,False,False,False,True,False,False,False,False,False,False,True,False,False,True,False,False,True,False,False,False,False,3
C33260,284,3,423.53,1270.59,6,1,1,False,True,False,False,False,False,False,False,True,False,False,False,False,True,False,False,False,False,False,False,False,True,7
C44267,101,2,426.7,853.4,5,1,0,False,False,False,True,False,False,False,False,False,False,False,True,False,False,True,False,False,False,False,False,False,True,8
C26445,732,3,500.08,1500.24,6,0,0,True,False,False,False,False,False,False,False,False,True,False,False,False,False,False,True,False,False,True,False,False,False,1
C12388,792,5,536.72,2683.6,10,0,1,False,False,False,False,False,False,True,True,False,False,False,False,False,True,False,False,False,True,False,False,False,False,7
C52184,757,1,162.77,162.77,4,1,0,True,False,False,False,False,False,False,False,False,False,False,True,True,False,False,False,False,False,True,False,False,False,1
C67195,906,4,576.52,2306.08,5,1,0,True,False,False,False,False,False,False,False,True,False,False,False,False,False,True,False,False,False,True,False,False,False,1
C50304,206,2,465.15,930.3,2,1,0,False,False,False,True,False,False,False,False,False,False,False,True,False,False,False,False,True,False,True,False,False,False,8
C59337,54,2,534.43,1068.86,5,0,0,False,False,True,False,False,False,False,False,False,True,False,False,False,False,True,False,False,False,True,False,False,False,0
C10054,260,2,76.74,153.48,7,1,0,False,False,True,False,False,False,False,True,False,False,False,False,False,False,False,True,False,False,False,False,True,False,0
C15924,194,1,245.89,245.89,3,1,1,False,False,True,False,False,False,False,False,False,True,False,False,False,True,False,False,False,False,False,True,False,False,5
C96664,124,3,256.46,769.3799999999999,4,1,1,False,False,False,False,False,True,False,False,True,False,False,False,False,True,False,False,False,False,False,False,False,True,5
C84766,681,2,344.02,688.04,4,1,1,False,True,False,False,False,False,False,False,False,False,False,True,False,True,False,False,False,False,False,False,True,False,5
C20212,574,3,611.45,1834.35,4,1,0,False,False,False,True,False,False,False,False,False,False,True,False,False,False,True,False,False,False,False,False,True,False,8
C28712,421,2,151.66,303.32,6,0,0,False,False,False,False,False,True,False,True,False,False,False,False,True,False,False,False,False,False,False,False,True,False,4
C60572,565,3,499.21,1497.63,8,0,0,True,False,False,False,False,False,False,False,False,False,False,True,True,False,False,False,False,False,False,False,True,False,1
C73225,71,2,550.18,1100.36,3,1,0,False,False,False,False,True,False,False,False,False,False,True,False,False,False,False,True,False,False,False,False,False,True,3
C17388,507,1,317.25,317.25,1,1,0,True,False,False,False,False,False,False,False,False,True,False,False,False,False,False,True,False,False,True,False,False,False,1
C43212,370,4,550.14,2200.56,4,1,0,False,False,False,True,False,False,False,False,False,True,False,False,False,False,True,False,False,False,False,False,True,False,8
C38134,713,2,209.94,419.88,3,1,0,False,True,False,False,False,False,False,False,True,False,False,False,False,False,False,True,False,True,False,False,False,False,6
C12408,675,2,80.77,161.54,4,0,0,False,False,False,True,False,False,False,False,False,True,False,False,False,False,False,False,True,False,False,True,False,False,8
C11985,633,1,30.44,30.44,1,1,0,False,False,False,False,False,True,False,False,True,False,False,False,False,False,False,False,True,True,False,False,False,False,4
C96494,701,1,179.22,179.22,6,1,0,False,False,False,False,False,False,True,False,False,False,False,True,True,False,False,False,False,False,False,False,True,False,2
C36778,183,1,388.33,388.33,2,1,0,False,False,False,False,False,False,True,True,False,False,False,False,False,False,False,True,False,False,True,False,False,False,2
C30513,296,1,586.44,586.44,5,1,0,False,False,False,False,False,False,True,False,False,False,False,True,False,False,False,True,False,False,True,False,False,False,2
C67551,409,4,488.78,1955.12,5,1,0,False,False,False,False,True,False,False,False,False,False,False,True,False,False,False,True,False,False,False,True,False,False,3
C48120,96,1,280.25,280.25,5,1,0,True,False,False,False,False,False,False,False,False,False,False,True,False,False,True,False,False,True,False,False,False,False,1
C95984,7,3,344.4,1033.2,3,0,0,False,False,False,False,False,True,False,False,False,False,False,True,True,False,False,False,False,False,True,False,False,False,4
C54298,772,3,479.21,1437.63,5,1,0,False,False,False,False,False,False,True,True,False,False,False,False,True,False,False,False,False,False,False,False,False,True,2
C88036,891,5,314.27,1571.35,6,1,0,False,False,False,False,False,True,False,True,False,False,False,False,False,False,False,True,False,False,False,False,True,False,4
C60190,898,4,474.69,1898.76,6,1,0,False,False,False,False,True,False,False,False,False,False,True,False,True,False,False,False,False,False,False,True,False,False,3
C97603,293,4,593.27,2373.08,5,0,0,True,False,False,False,False,False,False,False,False,False,False,True,False,False,False,False,True,False,True,False,False,False,1
C39256,314,1,417.1,417.1,3,1,0,False,True,False,False,False,False,False,False,False,True,False,False,False,False,False,True,False,False,False,False,False,True,6
C61618,464,4,122.2,488.8,7,1,1,False,True,False,False,False,False,False,True,False,False,False,False,False,True,False,False,False,False,True,False,False,False,7
C36497,679,2,43.15,86.3,3,1,0,False,True,False,False,False,False,False,False,False,True,False,False,False,False,True,False,False,True,False,False,False,False,6
C96695,149,1,564.86,564.86,6,1,0,True,False,False,False,False,False,False,False,False,True,False,False,False,False,False,False,True,False,False,False,False,True,1
C49720,6,3,130.61,391.83,4,1,0,False,False,False,False,False,True,False,False,False,True,False,False,True,False,False,False,False,False,True,False,False,False,4
C97735,549,5,81.7,408.5,6,0,1,False,False,False,True,False,False,False,False,True,False,False,False,False,True,False,False,False,False,False,False,True,False,7
C18104,228,5,127.18,635.9000000000001,9,1,0,True,False,False,False,False,False,False,True,False,False,False,False,True,False,False,False,False,False,False,False,False,True,1
C25587,204,4,12.1,48.4,8,0,0,False,False,False,False,False,True,False,False,False,True,False,False,True,False,False,False,False,False,False,True,False,False,4
C41598,568,3,490.92,1472.76,5,1,0,True,False,False,False,False,False,False,False,True,False,False,False,False,False,True,False,False,True,False,False,False,False,1
C43338,782,3,478.65,1435.95,4,0,0,False,False,False,True,False,False,False,False,False,False,False,True,False,False,False,False,True,False,False,False,False,True,8
C25123,767,1,629.21,629.21,2,1,0,False,True,False,False,False,False,False,False,False,False,True,False,False,False,True,False,False,False,False,False,True,False,6
C37454,21,3,434.45,1303.35,4,0,0,False,False,False,True,False,False,False,False,True,False,False,False,False,False,True,False,False,False,False,False,False,True,8
C19451,191,4,589.44,2357.76,5,0,0,False,False,False,False,False,False,True,False,False,False,True,False,False,False,False,True,False,False,True,False,False,False,2
C17269,790,4,433.45,1733.8,4,0,0,False,False,False,True,False,False,False,False,False,False,True,False,True,False,False,False,False,False,True,False,False,False,8
C25382,738,5,90.87,454.35,5,0,0,False,False,False,False,True,False,False,True,False,False,False,False,False,False,True,False,False,False,False,False,True,False,3
C80651,644,3,398.17,1194.51,5,1,1,False,False,False,False,False,False,True,False,False,True,False,False,False,True,False,False,False,True,False,False,False,False,7
C58638,457,4,382.88,1531.52,6,1,0,False,False,True,False,False,False,False,True,False,False,False,False,True,False,False,False,False,True,False,False,False,False,0
C50121,403,1,583.18,583.18,5,0,0,False,False,False,False,True,False,False,False,True,False,False,False,False,False,False,True,False,False,False,True,False,False,3
C32029,329,4,175.36,701.44,4,1,1,False,False,False,False,False,True,False,False,False,True,False,False,False,True,False,False,False,False,False,False,True,False,5
C76700,113,2,311.91,623.82,2,0,0,False,False,False,False,False,False,True,False,False,False,False,True,False,False,False,False,True,False,True,False,False,False,2
C29041,735,3,589.56,1768.68,6,0,0,False,False,False,False,True,False,False,False,False,False,False,True,False,False,False,True,False,False,True,False,False,False,3
C29314,754,2,394.3,788.6,6,1,0,False,False,False,True,False,False,False,True,False,False,False,False,False,False,False,False,True,True,False,False,False,False,8
C65799,543,4,565.2,2260.8,9,1,0,False,False,False,False,False,False,True,False,False,True,False,False,False,False,False,False,True,False,False,True,False,False,2
C15681,679,4,540.41,2161.64,6,0,0,False,False,True,False,False,False,False,False,True,False,False,False,True,False,False,False,False,False,False,False,False,True,0
C64160,673,2,165.49,330.98,4,1,0,False,False,False,True,False,False,False,False,False,False,False,True,False,False,False,False,True,False,False,False,True,False,8
C14553,295,3,146.73,440.1899999999999,8,1,1,False,False,False,False,False,False,True,True,False,False,False,False,False,True,False,False,False,True,False,False,False,False,7
C88205,377,5,643.03,3215.15,5,1,0,False,False,False,False,False,True,False,False,False,False,False,True,True,False,False,False,False,False,False,False,False,True,4
C91245,264,3,225.11,675.33,4,1,0,False,False,False,False,False,False,True,True,False,False,False,False,False,False,False,False,True,False,True,False,False,False,2
C75439,26,3,114.81,344.43,7,0,0,False,True,False,False,False,False,False,False,False,False,True,False,True,False,False,False,False,False,False,True,False,False,6
C17181,126,5,455.33,2276.65,8,1,0,False,False,False,False,False,True,False,False,True,False,False,False,True,False,False,False,False,False,False,True,False,False,4
C36540,652,4,182.08,728.32,4,1,1,True,False,False,False,False,False,False,False,False,False,True,False,False,True,False,False,False,True,False,False,False,False,7
C98216,839,5,492.75,2463.75,6,1,0,False,False,True,False,False,False,False,True,False,False,False,False,False,False,False,False,True,False,False,False,False,True,0
C29568,386,4,48.61,194.44,7,1,0,False,False,False,False,False,True,False,False,False,False,False,True,False,False,False,False,True,False,True,False,False,False,4
C97262,899,4,431.01,1724.04,7,0,0,False,True,False,False,False,False,False,False,True,False,False,False,False,False,False,True,False,False,False,False,False,True,6
C79821,871,1,531.18,531.18,6,1,0,True,False,False,False,False,False,False,False,False,False,True,False,False,False,False,True,False,False,False,False,True,False,1
C76761,830,4,117.51,470.04,7,0,0,False,False,False,False,False,True,False,False,False,True,False,False,False,False,False,True,False,False,False,False,False,True,4
C93007,395,2,232.83,465.66,7,0,1,False,False,False,False,True,False,False,False,False,False,True,False,False,True,False,False,False,False,False,False,True,False,5
C15624,161,5,619.52,3097.6,9,0,0,False,False,False,False,False,False,True,False,False,True,False,False,False,False,True,False,False,True,False,False,False,False,2
C70921,899,2,228.54,457.08,3,0,0,False,False,False,False,False,True,False,False,False,True,False,False,False,False,True,False,False,True,False,False,False,False,4
C30477,80,1,201.58,201.58,2,1,0,False,False,False,False,False,True,False,False,False,True,False,False,True,False,False,False,False,True,False,False,False,False,4
C74866,865,3,664.79,1994.37,6,0,1,False,False,False,False,True,False,False,False,False,False,False,True,False,True,False,False,False,False,True,False,False,False,7
C15283,584,1,381.02,381.02,6,0,0,False,False,False,False,False,True,False,True,False,False,False,False,False,False,False,False,True,False,False,True,False,False,4
C18037,846,2,70.34,140.68,3,1,0,False,False,True,False,False,False,False,False,False,False,True,False,True,False,False,False,False,True,False,False,False,False,0
C62656,157,4,218.43,873.72,9,1,0,False,False,False,False,True,False,False,False,True,False,False,False,True,False,False,False,False,True,False,False,False,False,3
C65744,336,1,582.04,582.04,1,1,1,False,False,False,False,True,False,False,False,False,False,True,False,False,True,False,False,False,True,False,False,False,False,5
C72290,250,3,185.4,556.2,7,0,0,False,False,False,False,False,True,False,False,False,False,True,False,True,False,False,False,False,False,True,False,False,False,4
C73514,662,3,465.05,1395.15,3,1,0,False,True,False,False,False,False,False,False,True,False,False,False,True,False,False,False,False,True,False,False,False,False,6
C16775,827,5,670.75,3353.75,8,1,0,False,False,False,False,False,True,False,False,False,False,True,False,False,False,False,False,True,False,False,False,True,False,4
C33099,185,5,48.38,241.9,9,1,1,False,False,True,False,False,False,False,False,False,False,True,False,False,True,False,False,False,True,False,False,False,False,7
C51157,653,3,592.87,1778.61,3,1,0,False,True,False,False,False,False,False,False,False,False,True,False,False,False,False,False,True,False,False,False,False,True,6
C74562,436,1,220.77,220.77,5,1,0,False,False,False,False,False,False,True,False,False,False,True,False,False,False,True,False,False,False,False,False,True,False,2
C95271,55,3,309.22,927.6600000000001,7,1,0,False,True,False,False,False,False,False,False,False,False,False,True,True,False,False,False,False,False,False,True,False,False,6
C81366,912,1,410.6,410.6,2,1,0,False,False,False,True,False,False,False,False,False,False,False,True,True,False,False,False,False,False,False,False,False,True,8
C65905,531,5,190.08,950.4000000000001,9,1,0,False,False,True,False,False,False,False,True,False,False,False,False,False,False,False,False,True,False,False,False,True,False,0
C77272,155,5,498.48,2492.4,8,1,0,False,False,False,True,False,False,False,False,False,False,False,True,False,False,True,False,False,False,False,True,False,False,8
C32580,582,5,374.99,1874.95,9,1,0,False,False,False,False,True,False,False,False,False,False,False,True,False,False,False,False,True,False,True,False,False,False,3
C47761,835,4,291.35,1165.4,6,1,0,False,False,False,False,False,True,False,False,True,False,False,False,True,False,False,False,False,False,True,False,False,False,4
C49187,846,1,535.5,535.5,5,1,0,False,False,False,False,False,False,True,False,False,False,True,False,True,False,False,False,False,False,False,False,False,True,2
C27898,631,5,502.71,2513.55,7,1,0,False,False,False,False,False,True,False,False,False,False,True,False,False,False,False,False,True,False,False,True,False,False,4
C14683,20,2,534.67,1069.34,7,1,0,False,True,False,False,False,False,False,False,False,True,False,False,False,False,False,False,True,False,False,False,False,True,6
C58108,812,4,629.34,2517.36,4,1,0,False,False,False,False,False,False,True,True,False,False,False,False,True,False,False,False,False,False,False,False,True,False,2
C89822,579,1,410.78,410.78,1,1,0,False,True,False,False,False,False,False,True,False,False,False,False,True,False,False,False,False,False,False,False,True,False,6
C96787,442,2,533.02,1066.04,2,0,0,False,False,True,False,False,False,False,False,False,False,True,False,False,False,False,False,True,False,True,False,False,False,0
C86064,726,3,278.04,834.1200000000001,5,0,1,False,True,False,False,False,False,False,False,False,False,False,True,False,True,False,False,False,False,False,False,True,False,5
C97148,338,4,283.79,1135.16,8,0,0,False,False,False,False,False,True,False,False,False,False,False,True,False,False,True,False,False,False,False,True,False,False,4
C91099,237,2,512.65,1025.3,5,1,0,False,False,False,False,True,False,False,False,True,False,False,False,False,False,False,False,True,True,False,False,False,False,3
C55606,59,4,275.5,1102.0,8,1,0,False,True,False,False,False,False,False,False,False,False,True,False,False,False,False,False,True,False,False,True,False,False,6
C71486,691,3,469.32,1407.96,3,0,0,False,True,False,False,False,False,False,False,False,True,False,False,False,False,False,False,True,False,False,True,False,False,6
C86408,865,4,21.07,84.28,4,1,1,False,False,False,False,False,False,True,False,False,False,True,False,False,True,False,False,False,False,False,True,False,False,5
C52751,613,4,263.93,1055.72,4,1,0,False,False,True,False,False,False,False,False,False,True,False,False,False,False,False,False,True,False,True,False,False,False,0
C29059,160,3,501.3,1503.9,3,1,0,False,True,False,False,False,False,False,False,False,False,False,True,True,False,False,False,False,False,True,False,False,False,6
C72862,905,1,84.8,84.8,5,0,0,False,False,False,False,False,False,True,False,False,False,True,False,False,False,True,False,False,False,False,False,True,False,2
C96257,826,4,450.75,1803.0,6,1,0,False,False,False,False,False,False,True,False,True,False,False,False,False,False,False,False,True,True,False,False,False,False,2
C87432,11,4,302.05,1208.2,6,1,0,True,False,False,False,False,False,False,False,False,True,False,False,True,False,False,False,False,False,False,True,False,False,1
C16253,8,2,199.7,399.4,4,0,0,False,False,True,False,False,False,False,True,False,False,False,False,False,False,True,False,False,True,False,False,False,False,0
C79909,697,2,68.81,137.62,5,1,0,False,False,False,False,False,True,False,False,False,False,True,False,False,False,False,False,True,False,False,False,False,True,4
C73370,430,1,44.35,44.35,1,1,0,False,False,True,False,False,False,False,False,False,False,True,False,True,False,False,False,False,False,False,False,True,False,0
C50682,217,2,250.98,501.96,5,0,1,False,False,False,True,False,False,False,False,True,False,False,False,False,True,False,False,False,False,False,True,False,False,5
C21905,558,1,298.06,298.06,3,1,0,False,False,False,False,False,False,True,False,False,True,False,False,False,False,True,False,False,False,False,True,False,False,2
C61440,813,1,583.9,583.9,1,0,0,False,False,False,False,True,False,False,True,False,False,False,False,False,False,False,True,False,True,False,False,False,False,3
C33110,31,3,528.14,1584.42,3,1,1,True,False,False,False,False,False,False,False,False,False,False,True,False,True,False,False,False,True,False,False,False,False,5
C80004,591,3,684.14,2052.42,3,1,0,False,False,False,False,False,True,False,True,False,False,False,False,True,False,False,False,False,False,False,False,True,False,4
C86374,664,5,272.77,1363.85,7,1,0,False,True,False,False,False,False,False,True,False,False,False,False,False,False,True,False,False,True,False,False,False,False,6
C66521,383,4,400.07,1600.28,5,0,0,True,False,False,False,False,False,False,False,False,False,False,True,False,False,False,False,True,False,False,False,False,True,1
C63365,697,5,219.78,1098.9,8,0,0,False,True,False,False,False,False,False,False,True,False,False,False,False,False,True,False,False,False,True,False,False,False,6
C85929,486,3,146.91,440.73,6,1,1,False,False,False,False,False,True,False,False,True,False,False,False,False,True,False,False,False,False,False,True,False,False,5
C84645,62,2,411.49,822.98,4,0,0,False,False,False,False,False,False,True,False,True,False,False,False,False,False,False,True,False,False,False,False,True,False,2
C46316,56,2,465.18,930.36,2,1,0,False,False,True,False,False,False,False,False,True,False,False,False,True,False,False,False,False,False,False,True,False,False,0
C35100,198,2,319.91,639.82,3,1,0,False,False,False,False,True,False,False,False,True,False,False,False,True,False,False,False,False,False,False,True,False,False,3
C39671,552,1,217.56,217.56,3,0,1,False,False,True,False,False,False,False,False,False,True,False,False,False,True,False,False,False,False,True,False,False,False,5
C25503,566,2,105.57,211.14,5,1,0,False,False,False,False,True,False,False,False,False,True,False,False,False,False,False,True,False,False,False,True,False,False,3
C32960,578,5,444.76,2223.8,7,0,0,False,False,False,False,False,True,False,False,False,True,False,False,False,False,False,True,False,True,False,False,False,False,4
C77736,180,2,399.04,798.08,3,1,0,True,False,False,False,False,False,False,True,False,False,False,False,True,False,False,False,False,False,False,False,False,True,1
C71570,195,4,534.48,2137.92,9,1,0,True,False,False,False,False,False,False,False,False,False,False,True,False,False,False,True,False,False,False,False,True,False,1
C73587,712,4,408.21,1632.84,9,0,0,False,False,False,False,True,False,False,False,True,False,False,False,False,False,True,False,False,False,False,False,True,False,3
C62740,855,1,424.4,424.4,6,1,0,False,False,False,False,True,False,False,False,False,False,False,True,False,False,False,False,True,False,False,False,False,True,3
C58808,235,2,269.83,539.66,4,1,1,True,False,False,False,False,False,False,False,False,False,False,True,False,True,False,False,False,True,False,False,False,False,5
C50422,130,2,564.58,1129.16,4,1,0,False,False,False,True,False,False,False,False,False,False,False,True,False,False,False,True,False,False,True,False,False,False,8
C23334,411,1,331.06,331.06,5,1,0,False,False,False,False,False,False,True,False,True,False,False,False,False,False,True,False,False,False,False,False,True,False,2
C48965,609,1,299.35,299.35,5,1,0,False,False,False,False,False,True,False,False,True,False,False,False,True,False,False,False,False,True,False,False,False,False,4
C38669,865,4,101.32,405.28,7,0,0,False,False,False,True,False,False,False,True,False,False,False,False,False,False,True,False,False,False,False,False,False,True,8
C35091,459,1,211.14,211.14,1,1,0,False,False,False,True,False,False,False,False,True,False,False,False,True,False,False,False,False,False,True,False,False,False,8
C82313,705,3,65.86,197.58,8,1,0,True,False,False,False,False,False,False,False,False,False,False,True,False,False,True,False,False,False,False,True,False,False,1
C99589,7,1,641.39,641.39,1,0,0,False,False,False,False,False,False,True,False,False,False,False,True,True,False,False,False,False,False,False,False,False,True,2
C70566,551,5,536.58,2682.9,5,1,0,False,True,False,False,False,False,False,False,False,False,True,False,False,False,True,False,False,False,False,True,False,False,6
C60355,290,2,500.29,1000.58,7,1,0,False,False,False,True,False,False,False,False,False,False,False,True,False,False,False,True,False,False,False,True,False,False,8
C28889,119,3,86.29,258.87,6,1,1,True,False,False,False,False,False,False,True,False,False,False,False,False,True,False,False,False,False,False,False,True,False,5
C88304,766,2,384.14,768.28,2,1,0,True,False,False,False,False,False,False,False,False,False,False,True,False,False,False,True,False,True,False,False,False,False,1
C49517,178,1,594.96,594.96,6,0,0,False,False,False,False,False,True,False,True,False,False,False,False,False,False,False,True,False,False,True,False,False,False,4
C35785,450,1,427.82,427.82,2,1,1,False,False,False,False,False,True,False,False,False,False,False,True,False,True,False,False,False,True,False,False,False,False,5
C80223,88,4,662.94,2651.76,8,1,0,False,True,False,False,False,False,False,True,False,False,False,False,True,False,False,False,False,False,False,False,True,False,6
C20448,686,2,148.22,296.44,7,1,1,False,False,False,False,False,False,True,False,True,False,False,False,False,True,False,False,False,False,False,False,True,False,5
C34134,86,1,254.12,254.12,1,1,1,False,False,False,False,False,True,False,False,False,False,False,True,False,True,False,False,False,True,False,False,False,False,5
C95901,464,3,664.46,1993.38,4,1,1,False,False,False,False,True,False,False,False,False,False,False,True,False,True,False,False,False,False,False,True,False,False,5
C51145,441,4,600.81,2403.24,9,1,1,False,False,False,False,False,True,False,False,False,True,False,False,False,True,False,False,False,True,False,False,False,False,7
C78170,143,5,68.34,341.7,6,1,0,True,False,False,False,False,False,False,False,False,True,False,False,False,False,True,False,False,False,False,False,False,True,1
C80151,3,4,430.83,1723.32,8,1,0,False,False,False,False,False,False,True,False,False,False,True,False,False,False,True,False,False,False,False,False,False,True,2
C55632,696,5,431.69,2158.45,10,0,0,True,False,False,False,False,False,False,False,True,False,False,False,False,False,True,False,False,False,True,False,False,False,1
C53070,446,4,512.06,2048.24,5,1,1,True,False,False,False,False,False,False,False,False,False,False,True,False,True,False,False,False,False,False,True,False,False,7
C27401,219,3,539.91,1619.73,8,0,1,False,False,True,False,False,False,False,False,True,False,False,False,False,True,False,False,False,True,False,False,False,False,7
C87216,836,5,316.07,1580.35,10,0,0,False,False,False,False,False,False,True,True,False,False,False,False,False,False,False,True,False,False,False,True,False,False,2
C38966,304,5,404.39,2021.95,10,0,0,False,False,False,False,False,True,False,False,False,False,False,True,False,False,False,False,True,False,False,False,False,True,4
C16612,104,1,600.54,600.54,4,1,0,False,True,False,False,False,False,False,False,False,True,False,False,False,False,True,False,False,False,False,True,False,False,6
C39246,439,5,186.28,931.4,8,1,1,False,False,False,True,False,False,False,False,False,True,False,False,False,True,False,False,False,True,False,False,False,False,7
C65180,453,4,214.54,858.16,7,0,0,False,False,False,False,False,False,True,False,False,False,True,False,True,False,False,False,False,False,False,False,False,True,2
C46877,149,1,210.7,210.7,2,1,0,False,False,True,False,False,False,False,False,False,False,False,True,False,False,False,False,True,False,False,False,False,True,0
C30334,572,2,133.55,267.1,7,1,0,False,False,False,False,True,False,False,True,False,False,False,False,False,False,True,False,False,False,True,False,False,False,3
C21227,874,1,590.87,590.87,6,1,0,True,False,False,False,False,False,False,False,False,False,True,False,False,False,False,True,False,False,False,False,False,True,1
C97715,108,2,363.91,727.82,2,1,0,True,False,False,False,False,False,False,False,False,False,True,False,False,False,False,False,True,False,False,False,False,True,1
C48939,727,5,429.45,2147.25,5,1,0,False,False,False,False,False,True,False,False,False,False,True,False,True,False,False,False,False,True,False,False,False,False,4
C35483,304,3,223.7,671.0999999999999,3,1,0,False,False,False,False,False,True,False,True,False,False,False,False,False,False,False,True,False,True,False,False,False,False,4
C51494,115,2,488.87,977.74,4,1,0,False,False,True,False,False,False,False,False,False,False,False,True,True,False,False,False,False,False,False,True,False,False,0
C58410,690,1,645.46,645.46,5,1,0,False,True,False,False,False,False,False,False,False,False,True,False,True,False,False,False,False,False,False,True,False,False,6
C11644,711,1,46.66,46.66,6,0,0,False,False,False,False,False,True,False,True,False,False,False,False,True,False,False,False,False,False,False,True,False,False,4
C53501,388,1,249.57,249.57,3,1,0,False,False,False,True,False,False,False,True,False,False,False,False,False,False,False,False,True,False,False,True,False,False,8
C63619,435,3,619.21,1857.63,6,0,0,True,False,False,False,False,False,False,False,False,True,False,False,True,False,False,False,False,True,False,False,False,False,1
C40882,158,4,217.13,868.52,8,1,1,False,True,False,False,False,False,False,True,False,False,False,False,False,True,False,False,False,True,False,False,False,False,7
C80135,674,5,221.51,1107.55,5,1,0,False,False,True,False,False,False,False,True,False,False,False,False,False,False,False,True,False,False,False,False,False,True,0
C37594,385,4,340.3,1361.2,8,1,0,False,False,True,False,False,False,False,True,False,False,False,False,True,False,False,False,False,False,False,False,False,True,0
C87524,159,1,625.0,625.0,5,1,0,False,False,False,False,True,False,False,False,False,False,False,True,False,False,False,True,False,False,False,True,False,False,3
C97681,24,5,433.26,2166.3,9,1,1,False,False,False,False,False,False,True,False,True,False,False,False,False,True,False,False,False,False,False,True,False,False,7
C10126,744,2,674.9,1349.8,4,1,0,False,False,False,True,False,False,False,False,False,False,False,True,False,False,False,False,True,False,True,False,False,False,8
C36938,145,3,253.98,761.9399999999999,3,1,0,False,False,False,True,False,False,False,False,True,False,False,False,True,False,False,False,False,True,False,False,False,False,8
C99173,161,3,356.84,1070.52,5,1,0,False,False,False,False,False,True,False,False,False,False,False,True,False,False,False,False,True,False,False,False,True,False,4
C99775,665,4,413.71,1654.84,9,1,0,False,False,True,False,False,False,False,False,False,False,True,False,True,False,False,False,False,False,True,False,False,False,0
C19266,850,3,147.39,442.17,3,0,0,False,True,False,False,False,False,False,False,False,True,False,False,False,False,False,True,False,True,False,False,False,False,6
C31072,441,4,229.1,916.4,8,1,0,False,False,True,False,False,False,False,False,False,False,True,False,False,False,False,True,False,True,False,False,False,False,0
C54595,105,1,121.96,121.96,3,0,1,False,False,False,False,True,False,False,False,False,True,False,False,False,True,False,False,False,False,False,True,False,False,5
C87777,266,2,408.32,816.64,3,1,0,False,True,False,False,False,False,False,False,False,False,False,True,False,False,False,False,True,False,True,False,False,False,6
C35854,672,5,187.97,939.85,9,1,0,False,False,False,False,False,False,True,True,False,False,False,False,False,False,False,True,False,False,False,True,False,False,2
C93821,208,3,358.48,1075.44,7,1,1,True,False,False,False,False,False,False,False,False,False,True,False,False,True,False,False,False,False,True,False,False,False,7
C54390,179,3,193.58,580.74,7,1,0,False,False,False,False,False,True,False,False,False,False,True,False,False,False,True,False,False,True,False,False,False,False,4
C53215,742,1,265.38,265.38,6,1,0,False,False,False,True,False,False,False,False,True,False,False,False,True,False,False,False,False,True,False,False,False,False,8
C71122,803,1,634.4,634.4,6,1,0,False,False,True,False,False,False,False,True,False,False,False,False,True,False,False,False,False,True,False,False,False,False,0
C29483,314,4,305.72,1222.88,5,0,1,False,True,False,False,False,False,False,False,False,False,False,True,False,True,False,False,False,False,True,False,False,False,7
C26767,691,1,303.6,303.6,5,1,0,False,False,False,False,False,True,False,True,False,False,False,False,False,False,False,False,True,False,True,False,False,False,4
C70492,77,4,496.0,1984.0,8,1,0,False,False,False,True,False,False,False,False,False,False,False,True,True,False,False,False,False,False,False,True,False,False,8
C61549,407,4,321.51,1286.04,9,0,0,False,True,False,False,False,False,False,True,False,False,False,False,False,False,False,True,False,False,False,True,False,False,6
C11665,795,3,112.46,337.38,6,1,0,False,False,False,False,False,False,True,False,False,False,True,False,False,False,False,False,True,False,False,False,True,False,2
C48946,60,5,61.97,309.85,6,1,1,False,False,True,False,False,False,False,True,False,False,False,False,False,True,False,False,False,True,False,False,False,False,7
C79506,714,2,373.17,746.34,6,1,0,False,False,True,False,False,False,False,False,True,False,False,False,False,False,True,False,False,False,False,False,False,True,0
C93473,494,5,639.37,3196.85,6,1,0,False,False,False,False,False,False,True,False,False,True,False,False,False,False,True,False,False,False,False,True,False,False,2
C43124,789,4,693.36,2773.44,8,0,0,True,False,False,False,False,False,False,False,False,False,False,True,False,False,False,False,True,False,False,False,True,False,1
C22783,293,4,692.91,2771.64,9,1,0,False,False,False,False,True,False,False,False,True,False,False,False,False,False,True,False,False,False,False,False,True,False,3
C18567,647,4,91.46,365.84,9,1,0,False,False,False,False,False,True,False,True,False,False,False,False,True,False,False,False,False,False,False,False,False,True,4
C99879,475,3,273.96,821.8799999999999,8,1,0,False,False,False,False,True,False,False,False,False,True,False,False,False,False,False,True,False,False,False,True,False,False,3
C31501,4,3,588.05,1764.15,8,0,1,False,True,False,False,False,False,False,False,False,False,True,False,False,True,False,False,False,False,False,False,True,False,7
C93220,607,2,365.17,730.34,4,1,0,False,False,False,True,False,False,False,False,False,False,False,True,True,False,False,False,False,False,True,False,False,False,8
C57867,776,4,385.92,1543.68,8,0,0,True,False,False,False,False,False,False,False,True,False,False,False,True,False,False,False,False,False,False,False,True,False,1
C62622,95,1,562.61,562.61,3,1,1,False,False,False,False,False,False,True,False,True,False,False,False,False,True,False,False,False,False,True,False,False,False,5
C94595,563,4,61.91,247.64,6,1,1,False,True,False,False,False,False,False,False,False,False,True,False,False,True,False,False,False,True,False,False,False,False,7
C30955,604,4,41.9,167.6,9,1,0,False,False,False,False,True,False,False,False,False,False,True,False,False,False,True,False,False,False,False,False,True,False,3
C20731,774,4,444.44,1777.76,8,1,0,False,False,False,False,False,True,False,False,False,True,False,False,True,False,False,False,False,False,False,True,False,False,4
C30168,311,3,311.33,933.99,3,1,0,False,False,False,False,True,False,False,True,False,False,False,False,True,False,False,False,False,False,False,False,True,False,3
C79842,217,4,236.41,945.64,7,1,0,False,False,False,False,False,True,False,False,False,True,False,False,False,False,True,False,False,False,False,True,False,False,4
C32854,862,1,65.45,65.45,2,1,0,False,True,False,False,False,False,False,True,False,False,False,False,False,False,True,False,False,False,False,True,False,False,6
C14847,912,1,318.81,318.81,3,1,0,False,False,False,True,False,False,False,False,False,True,False,False,False,False,True,False,False,True,False,False,False,False,8
C88645,474,3,583.72,1751.16,5,1,0,False,False,False,True,False,False,False,False,True,False,False,False,False,False,False,False,True,False,True,False,False,False,8
C66149,200,4,384.32,1537.28,6,1,0,False,True,False,False,False,False,False,False,True,False,False,False,False,False,True,False,False,False,False,True,False,False,6
C20256,202,3,538.74,1616.22,6,1,0,False,False,False,False,False,False,True,False,False,False,False,True,False,False,False,False,True,True,False,False,False,False,2
C14983,720,1,17.24,17.24,2,1,0,False,False,False,False,False,False,True,False,False,False,False,True,False,False,True,False,False,False,False,False,True,False,2
C20817,777,5,615.67,3078.35,6,1,0,True,False,False,False,False,False,False,False,False,False,False,True,False,False,True,False,False,True,False,False,False,False,1
C94921,784,2,219.1,438.2,4,1,0,False,False,False,False,False,True,False,False,False,False,False,True,False,False,True,False,False,False,False,False,False,True,4
C54725,53,2,144.66,289.32,7,1,0,True,False,False,False,False,False,False,False,False,False,False,True,True,False,False,False,False,False,False,True,False,False,1
C98096,866,2,317.77,635.54,4,1,0,False,True,False,False,False,False,False,False,False,True,False,False,True,False,False,False,False,False,True,False,False,False,6
C12667,72,1,223.3,223.3,1,0,0,False,False,True,False,False,False,False,False,False,False,False,True,False,False,False,True,False,False,True,False,False,False,0
C55354,305,2,342.11,684.22,2,1,0,False,True,False,False,False,False,False,False,False,False,True,False,False,False,False,False,True,False,False,False,True,False,6
C14600,712,2,220.9,441.8,4,0,0,False,False,False,False,False,True,False,False,False,False,True,False,False,False,False,False,True,True,False,False,False,False,4
C97187,730,1,670.54,670.54,6,1,0,False,False,True,False,False,False,False,True,False,False,False,False,False,False,False,False,True,False,False,False,False,True,0
C39106,510,1,546.19,546.19,5,1,0,False,False,False,False,False,True,False,True,False,False,False,False,False,False,True,False,False,False,False,False,False,True,4
C93379,818,3,42.95,128.85,8,1,0,False,True,False,False,False,False,False,False,False,False,True,False,False,False,False,True,False,True,False,False,False,False,6
C93175,47,4,14.69,58.76,9,0,0,False,False,False,True,False,False,False,True,False,False,False,False,True,False,False,False,False,True,False,False,False,False,8
C19648,284,4,668.36,2673.44,5,1,0,False,False,False,False,True,False,False,False,False,False,True,False,True,False,False,False,False,False,True,False,False,False,3
C14891,465,4,413.74,1654.96,7,1,0,True,False,False,False,False,False,False,False,False,False,True,False,False,False,False,True,False,False,False,False,True,False,1
C10866,553,3,263.19,789.5699999999999,5,0,1,False,False,False,True,False,False,False,False,False,False,False,True,False,True,False,False,False,False,False,False,True,False,5
C47283,414,1,263.96,263.96,2,1,0,False,False,False,True,False,False,False,False,False,False,True,False,False,False,False,True,False,False,False,True,False,False,8
C94323,1,5,75.81,379.05,10,1,0,True,False,False,False,False,False,False,False,False,False,True,False,False,False,False,True,False,False,False,False,True,False,1
C89732,434,1,406.22,406.22,5,1,0,False,False,False,False,True,False,False,False,True,False,False,False,True,False,False,False,False,False,False,False,False,True,3
C87764,491,2,103.41,206.82,2,1,0,False,False,False,False,False,False,True,False,False,False,False,True,False,False,False,False,True,False,False,False,False,True,2
C20977,751,4,435.12,1740.48,9,1,1,True,False,False,False,False,False,False,False,True,False,False,False,False,True,False,False,False,False,False,False,True,False,7
C12245,776,2,407.79,815.58,3,0,0,False,False,False,True,False,False,False,False,False,True,False,False,False,False,False,False,True,False,False,True,False,False,8
C68976,34,5,173.65,868.25,9,1,1,False,False,False,False,True,False,False,False,False,False,True,False,False,True,False,False,False,True,False,False,False,False,7
C69476,903,4,249.07,996.28,5,1,0,False,False,False,False,True,False,False,False,True,False,False,False,False,False,False,True,False,False,False,False,False,True,3
C71040,829,4,434.85,1739.4,4,1,0,False,False,False,False,True,False,False,False,True,False,False,False,False,False,True,False,False,False,False,True,False,False,3
C71035,332,1,436.77,436.77,5,1,0,False,False,False,False,False,False,True,True,False,False,False,False,False,False,False,True,False,False,False,True,False,False,2
C20752,557,1,572.13,572.13,4,1,0,False,False,False,False,False,True,False,False,False,True,False,False,True,False,False,False,False,False,False,True,False,False,4
C38840,388,4,583.07,2332.28,6,1,0,True,False,False,False,False,False,False,False,True,False,False,False,True,False,False,False,False,False,False,False,False,True,1
C84480,75,5,468.51,2342.55,9,0,1,True,False,False,False,False,False,False,False,False,True,False,False,False,True,False,False,False,False,True,False,False,False,7
C37032,690,2,423.88,847.76,7,1,1,False,False,False,False,True,False,False,False,False,True,False,False,False,True,False,False,False,False,False,False,False,True,5
C48942,584,4,663.67,2654.68,7,1,0,False,False,False,False,False,False,True,False,True,False,False,False,False,False,True,False,False,False,False,True,False,False,2
C13540,758,4,309.91,1239.64,5,1,0,False,False,False,False,False,True,False,False,False,True,False,False,False,False,False,False,True,False,False,True,False,False,4
C59572,826,1,542.07,542.07,6,1,0,False,False,False,True,False,False,False,True,False,False,False,False,False,False,False,False,True,False,False,False,False,True,8
C29758,651,2,399.32,798.64,6,1,0,True,False,False,False,False,False,False,False,False,False,False,True,False,False,True,False,False,False,False,False,True,False,1
C11849,247,2,238.25,476.5,7,1,0,False,False,False,False,False,False,True,False,False,False,False,True,True,False,False,False,False,True,False,False,False,False,2
C50967,878,2,182.4,364.8,5,1,0,False,False,False,False,True,False,False,False,False,False,True,False,True,False,False,False,False,False,False,False,False,True,3
C80735,605,2,65.07,130.14,4,1,0,True,False,False,False,False,False,False,False,True,False,False,False,True,False,False,False,False,False,False,True,False,False,1
C99050,94,2,600.57,1201.14,3,1,0,False,False,False,False,False,True,False,False,False,True,False,False,False,False,False,True,False,False,False,False,True,False,4
C11210,295,5,90.92,454.6,9,1,1,True,False,False,False,False,False,False,False,True,False,False,False,False,True,False,False,False,False,True,False,False,False,7
C46015,225,5,362.46,1812.3,6,1,1,False,False,True,False,False,False,False,True,False,False,False,False,False,True,False,False,False,False,False,False,True,False,7
C69167,620,3,55.01,165.03,7,1,0,True,False,False,False,False,False,False,False,False,False,False,True,False,False,True,False,False,True,False,False,False,False,1
C55388,827,3,404.62,1213.86,6,1,1,False,False,False,False,False,False,True,False,False,False,True,False,False,True,False,False,False,False,False,False,True,False,7
C87181,705,4,654.79,2619.16,9,0,0,False,True,False,False,False,False,False,True,False,False,False,False,False,False,True,False,False,False,False,False,False,True,6
C30411,70,4,637.79,2551.16,9,1,0,False,False,False,False,False,True,False,False,False,False,True,False,True,False,False,False,False,False,False,True,False,False,4
C39638,123,4,540.33,2161.32,6,0,0,False,False,True,False,False,False,False,True,False,False,False,False,False,False,False,False,True,False,False,True,False,False,0
C27203,866,5,208.17,1040.85,6,1,0,False,False,True,False,False,False,False,False,True,False,False,False,False,False,False,True,False,False,True,False,False,False,0
C67583,21,1,338.31,338.31,3,0,1,False,False,False,False,True,False,False,False,False,False,False,True,False,True,False,False,False,False,False,True,False,False,5
C70554,85,3,139.45,418.35,8,1,0,False,False,False,True,False,False,False,False,False,False,True,False,False,False,False,True,False,False,False,True,False,False,8
C70437,585,4,655.18,2620.72,5,0,0,True,False,False,False,False,False,False,False,False,False,False,True,False,False,False,False,True,False,True,False,False,False,1
C97643,842,4,512.75,2051.0,8,1,0,False,False,True,False,False,False,False,False,False,True,False,False,False,False,False,True,False,False,False,True,False,False,0
C17136,706,4,160.49,641.96,8,1,0,True,False,False,False,False,False,False,False,True,False,False,False,False,False,False,False,True,False,False,False,False,True,1
C24901,788,3,99.9,299.7,8,1,1,True,False,False,False,False,False,False,True,False,False,False,False,False,True,False,False,False,False,True,False,False,False,7
C61521,415,2,345.01,690.02,6,1,1,False,False,False,False,True,False,False,False,True,False,False,False,False,True,False,False,False,False,False,True,False,False,5
C39639,167,1,65.95,65.95,5,0,1,False,False,False,True,False,False,False,False,True,False,False,False,False,True,False,False,False,False,True,False,False,False,5
C33220,866,4,463.04,1852.16,9,0,0,False,False,False,False,False,False,True,False,False,False,True,False,False,False,False,True,False,False,False,False,True,False,2
C65414,91,2,297.71,595.42,7,1,0,False,False,False,False,True,False,False,False,False,False,False,True,False,False,False,False,True,False,False,False,False,True,3
C49009,888,5,107.48,537.4,9,1,0,False,False,False,False,False,True,False,False,False,True,False,False,True,False,False,False,False,True,False,False,False,False,4
C48453,377,5,638.8,3194.0,10,1,0,False,True,False,False,False,False,False,False,False,True,False,False,True,False,False,False,False,False,False,False,False,True,6
C68078,860,2,493.88,987.76,7,1,0,False,True,False,False,False,False,False,False,True,False,False,False,False,False,False,True,False,False,False,False,True,False,6
C19402,560,4,301.17,1204.68,6,0,0,False,False,False,False,False,True,False,False,False,False,False,True,True,False,False,False,False,True,False,False,False,False,4
C30711,528,1,278.66,278.66,2,1,0,False,False,False,True,False,False,False,False,False,False,True,False,True,False,False,False,False,False,False,False,True,False,8
C39000,302,1,287.46,287.46,3,1,0,False,False,False,False,True,False,False,False,False,True,False,False,False,False,False,True,False,False,True,False,False,False,3
C31105,782,1,583.99,583.99,2,1,0,True,False,False,False,False,False,False,True,False,False,False,False,True,False,False,False,False,True,False,False,False,False,1
C29432,777,3,468.74,1406.22,4,1,0,True,False,False,False,False,False,False,True,False,False,False,False,False,False,True,False,False,False,False,False,True,False,1
C48531,206,1,30.54,30.54,1,0,0,False,False,False,False,False,False,True,False,False,True,False,False,False,False,False,True,False,False,False,True,False,False,2
C86762,256,5,408.73,2043.65,10,1,1,False,False,False,True,False,False,False,False,False,False,True,False,False,True,False,False,False,False,False,False,True,False,7
C63822,584,4,126.89,507.56,9,1,0,False,False,True,False,False,False,False,True,False,False,False,False,False,False,True,False,False,False,False,False,True,False,0
C70495,389,2,57.07,114.14,3,1,0,False,False,False,False,False,True,False,False,False,True,False,False,False,False,False,True,False,False,False,False,True,False,4
C92407,731,3,557.41,1672.23,4,0,1,False,False,True,False,False,False,False,False,False,False,False,True,False,True,False,False,False,True,False,False,False,False,7
C75888,568,3,448.9,1346.7,7,1,0,False,False,False,False,False,True,False,False,False,True,False,False,False,False,False,True,False,False,False,False,True,False,4
C63153,637,4,549.76,2199.04,4,1,1,True,False,False,False,False,False,False,False,False,True,False,False,False,True,False,False,False,False,True,False,False,False,7
C85863,493,3,132.48,397.4399999999999,4,0,0,False,False,False,False,False,True,False,False,False,False,False,True,False,False,False,False,True,False,False,False,False,True,4
C71698,45,5,489.37,2446.85,8,0,0,False,True,False,False,False,False,False,False,False,False,False,True,False,False,False,True,False,False,False,False,True,False,6
C35397,38,5,66.31,331.55,7,1,0,False,False,False,False,False,True,False,False,False,False,True,False,False,False,True,False,False,False,False,False,False,True,4
C67687,723,2,434.3,868.6,7,1,1,True,False,False,False,False,False,False,True,False,False,False,False,False,True,False,False,False,False,False,False,True,False,7
C29931,636,4,153.09,612.36,4,1,1,False,True,False,False,False,False,False,False,False,False,False,True,False,True,False,False,False,False,False,False,False,True,5
C59139,50,5,91.67,458.35,9,1,0,False,False,False,False,False,False,True,False,False,False,False,True,True,False,False,False,False,True,False,False,False,False,2
C66078,638,4,275.28,1101.12,9,1,0,False,True,False,False,False,False,False,False,False,False,True,False,False,False,False,False,True,False,True,False,False,False,6
C88370,813,2,139.95,279.9,5,0,0,False,False,False,True,False,False,False,False,False,False,False,True,False,False,False,True,False,False,False,False,True,False,8
C93375,339,3,148.72,446.16,7,1,0,True,False,False,False,False,False,False,False,False,True,False,False,True,False,False,False,False,False,False,True,False,False,1
C53049,577,2,563.06,1126.12,6,0,0,False,False,True,False,False,False,False,True,False,False,False,False,False,False,False,True,False,False,False,False,True,False,0
C55590,194,1,625.51,625.51,1,1,0,False,False,False,False,False,True,False,False,True,False,False,False,False,False,False,False,True,False,True,False,False,False,4
C47086,692,4,152.29,609.16,6,1,0,False,False,False,False,True,False,False,False,False,True,False,False,True,False,False,False,False,False,False,True,False,False,3
C48646,382,5,231.82,1159.1,6,1,1,False,False,False,False,True,False,False,False,False,True,False,False,False,True,False,False,False,False,True,False,False,False,7
C29416,156,1,150.17,150.17,1,1,0,False,False,True,False,False,False,False,False,False,True,False,False,False,False,False,True,False,False,False,False,False,True,0
C13525,383,3,70.93,212.79,5,0,0,False,False,False,False,False,False,True,False,False,True,False,False,False,False,False,True,False,False,False,False,False,True,2
C53545,733,3,361.39,1084.17,8,0,0,False,True,False,False,False,False,False,False,True,False,False,False,False,False,False,False,True,False,False,False,False,True,6
C65986,365,5,670.48,3352.4,5,1,0,False,False,True,False,False,False,False,False,False,False,True,False,False,False,False,True,False,False,True,False,False,False,0
C17302,707,1,359.99,359.99,5,1,0,False,False,False,False,True,False,False,False,False,False,True,False,True,False,False,False,False,True,False,False,False,False,3
C18404,854,5,674.04,3370.2,7,1,0,False,False,False,False,False,False,True,False,False,False,False,True,True,False,False,False,False,False,False,True,False,False,2
C88371,188,4,283.16,1132.64,6,0,0,True,False,False,False,False,False,False,False,True,False,False,False,False,False,False,False,True,False,False,True,False,False,1
C38068,394,5,260.53,1302.65,5,1,0,False,True,False,False,False,False,False,False,False,False,True,False,False,False,True,False,False,False,False,False,True,False,6
C78724,808,3,422.13,1266.39,7,1,1,False,False,False,False,False,True,False,False,False,False,False,True,False,True,False,False,False,False,True,False,False,False,7
C26163,363,5,125.02,625.1,9,1,0,False,True,False,False,False,False,False,False,False,True,False,False,False,False,True,False,False,False,False,True,False,False,6
C87124,441,1,198.51,198.51,5,1,0,False,False,False,False,True,False,False,False,True,False,False,False,False,False,False,True,False,False,False,False,True,False,3
C90348,462,4,224.75,899.0,7,1,1,True,False,False,False,False,False,False,False,False,False,False,True,False,True,False,False,False,False,True,False,False,False,7
C58721,120,3,205.86,617.58,4,0,0,False,False,False,False,False,False,True,False,False,False,True,False,False,False,False,False,True,True,False,False,False,False,2
C88174,550,1,18.2,18.2,4,1,0,False,False,True,False,False,False,False,False,False,True,False,False,False,False,True,False,False,False,False,False,True,False,0
C77763,764,3,502.77,1508.31,8,1,0,False,False,False,False,False,False,True,False,False,True,False,False,False,False,False,True,False,True,False,False,False,False,2
C53627,601,5,305.49,1527.45,10,0,0,False,False,False,False,True,False,False,False,False,True,False,False,False,False,False,False,True,False,False,False,False,True,3
C84563,447,2,236.33,472.66,3,1,0,False,False,False,False,False,True,False,False,False,False,False,True,False,False,True,False,False,False,False,False,True,False,4
C76207,800,5,521.25,2606.25,8,0,0,False,False,True,False,False,False,False,True,False,False,False,False,True,False,False,False,False,True,False,False,False,False,0
C94671,281,1,167.15,167.15,5,1,0,False,False,False,False,False,False,True,False,False,False,True,False,False,False,False,False,True,True,False,False,False,False,2
C69994,7,5,466.42,2332.1,5,0,0,False,False,False,True,False,False,False,False,False,False,True,False,False,False,False,True,False,False,False,False,False,True,8
C64638,856,1,527.57,527.57,3,1,0,False,False,False,False,False,True,False,False,False,True,False,False,False,False,True,False,False,False,True,False,False,False,4
C95623,117,3,623.34,1870.02,3,1,0,False,False,False,False,False,False,True,False,False,False,False,True,True,False,False,False,False,False,False,False,True,False,2
C24751,572,5,501.26,2506.3,10,1,0,False,False,False,False,False,False,True,False,False,False,True,False,False,False,False,False,True,False,False,False,False,True,2
C31764,207,1,655.09,655.09,6,0,0,False,False,False,False,False,False,True,True,False,False,False,False,False,False,True,False,False,False,False,False,False,True,2
C83556,514,4,264.79,1059.16,5,1,0,False,False,False,False,False,True,False,False,True,False,False,False,False,False,True,False,False,False,False,True,False,False,4
C24369,475,3,359.73,1079.19,7,1,0,False,False,True,False,False,False,False,False,False,True,False,False,False,False,False,True,False,True,False,False,False,False,0
C39648,579,1,465.33,465.33,2,1,1,True,False,False,False,False,False,False,False,False,False,True,False,False,True,False,False,False,False,False,True,False,False,5
C13296,759,2,54.41,108.82,6,0,0,True,False,False,False,False,False,False,False,False,False,False,True,False,False,False,False,True,False,False,False,True,False,1
C94248,136,1,64.66,64.66,4,0,1,False,False,True,False,False,False,False,False,False,True,False,False,False,True,False,False,False,False,False,False,True,False,5
C26637,670,5,173.96,869.8000000000001,8,1,0,True,False,False,False,False,False,False,False,False,True,False,False,False,False,True,False,False,False,False,False,True,False,1
C16012,95,1,630.82,630.82,5,1,1,False,False,False,False,False,False,True,False,False,False,False,True,False,True,False,False,False,False,False,True,False,False,5
C31772,721,1,693.41,693.41,4,0,0,False,False,False,False,True,False,False,False,False,True,False,False,False,False,False,False,True,False,False,False,True,False,3
C18353,28,3,433.33,1299.99,4,1,0,False,False,False,False,False,False,True,False,True,False,False,False,True,False,False,False,False,False,False,False,False,True,2
C26966,787,5,374.58,1872.9,10,1,0,False,False,False,False,False,True,False,False,False,False,True,False,True,False,False,False,False,False,False,False,True,False,4
C74982,724,5,408.56,2042.8,8,1,1,False,False,True,False,False,False,False,False,False,True,False,False,False,True,False,False,False,False,False,False,True,False,7
C70633,450,2,183.67,367.34,3,1,0,False,False,False,False,False,False,True,False,False,False,False,True,True,False,False,False,False,False,False,True,False,False,2
C95643,753,4,606.57,2426.28,5,1,1,False,True,False,False,False,False,False,False,False,True,False,False,False,True,False,False,False,False,False,False,False,True,7
C53810,390,4,589.57,2358.28,8,0,0,False,False,False,False,True,False,False,True,False,False,False,False,False,False,True,False,False,False,False,False,True,False,3
C53464,367,5,659.85,3299.25,9,1,1,False,False,False,False,False,True,False,False,True,False,False,False,False,True,False,False,False,False,True,False,False,False,7
C53697,735,4,206.84,827.36,5,1,0,False,False,False,True,False,False,False,True,False,False,False,False,True,False,False,False,False,False,False,False,True,False,8
C31668,403,5,113.87,569.35,6,1,0,False,False,True,False,False,False,False,False,True,False,False,False,False,False,True,False,False,True,False,False,False,False,0
C85282,585,5,628.74,3143.7,9,1,0,False,False,False,False,True,False,False,True,False,False,False,False,True,False,False,False,False,False,True,False,False,False,3
C56796,137,1,678.38,678.38,4,1,0,False,False,False,False,True,False,False,False,True,False,False,False,True,False,False,False,False,False,False,False,False,True,3
C95213,872,3,602.24,1806.72,8,0,0,False,False,False,False,False,True,False,False,False,True,False,False,False,False,True,False,False,False,False,False,False,True,4
C13108,432,5,658.77,3293.85,10,1,0,False,False,True,False,False,False,False,False,False,False,True,False,False,False,True,False,False,False,False,False,True,False,0
C85322,792,3,271.02,813.06,6,0,0,False,False,False,True,False,False,False,False,True,False,False,False,True,False,False,False,False,False,False,True,False,False,8
C43545,191,5,375.25,1876.25,9,1,0,False,False,False,True,False,False,False,False,False,False,True,False,False,False,True,False,False,True,False,False,False,False,8
C80649,59,1,312.11,312.11,4,1,0,False,False,False,False,True,False,False,False,False,False,False,True,True,False,False,False,False,False,True,False,False,False,3
C59752,908,5,307.76,1538.8,9,1,0,False,False,False,False,True,False,False,False,False,False,True,False,False,False,True,False,False,False,False,True,False,False,3
C53645,137,3,483.53,1450.59,4,0,0,True,False,False,False,False,False,False,True,False,False,False,False,False,False,False,True,False,False,False,False,False,True,1
C60178,911,3,341.15,1023.45,4,1,0,False,False,True,False,False,False,False,True,False,False,False,False,False,False,True,False,False,False,False,False,True,False,0
C20286,288,1,571.9,571.9,1,1,0,False,False,False,True,False,False,False,False,False,False,True,False,False,False,True,False,False,False,False,False,True,False,8
C87547,166,4,95.03,380.12,8,1,0,False,False,False,True,False,False,False,False,False,False,False,True,False,False,False,False,True,False,True,False,False,False,8
C64549,677,5,201.22,1006.1,6,1,0,False,False,False,True,False,False,False,False,False,True,False,False,False,False,True,False,False,False,True,False,False,False,8
C24884,344,1,260.26,260.26,5,1,0,False,False,False,True,False,False,False,False,False,False,False,True,False,False,True,False,False,False,False,False,True,False,8
C62666,516,5,64.5,322.5,8,1,0,True,False,False,False,False,False,False,False,True,False,False,False,False,False,True,False,False,False,False,False,True,False,1
C47284,283,3,297.67,893.01,6,0,0,False,False,False,False,True,False,False,False,False,False,False,True,False,False,False,False,True,False,False,True,False,False,3
C35355,437,4,331.9,1327.6,5,1,0,False,False,False,False,False,True,False,True,False,False,False,False,False,False,True,False,False,False,False,False,True,False,4
C29467,755,1,191.76,191.76,1,1,0,True,False,False,False,False,False,False,False,True,False,False,False,False,False,False,True,False,False,False,False,True,False,1
C26718,152,4,263.09,1052.36,8,1,0,False,False,False,False,False,True,False,False,False,True,False,False,False,False,False,False,True,False,False,True,False,False,4
C18944,893,4,393.8,1575.2,7,1,0,True,False,False,False,False,False,False,False,True,False,False,False,False,False,True,False,False,True,False,False,False,False,1
C35628,219,3,553.57,1660.71,4,1,0,True,False,False,False,False,False,False,False,True,False,False,False,False,False,False,True,False,False,True,False,False,False,1
C56851,609,5,191.63,958.15,6,1,1,True,False,False,False,False,False,False,False,False,False,True,False,False,True,False,False,False,False,True,False,False,False,7
C12421,795,1,93.02,93.02,4,0,0,False,False,False,False,False,False,True,False,False,False,False,True,False,False,False,True,False,True,False,False,False,False,2
C25316,369,2,39.53,79.06,3,1,0,False,False,False,False,False,True,False,False,True,False,False,False,False,False,False,False,True,False,False,True,False,False,4
C22657,551,3,633.97,1901.91,7,1,0,False,False,False,False,False,True,False,True,False,False,False,False,False,False,True,False,False,False,True,False,False,False,4
C29703,562,4,697.5,2790.0,7,1,0,False,True,False,False,False,False,False,True,False,False,False,False,False,False,False,False,True,False,False,False,False,True,6
C55996,718,5,508.69,2543.45,10,1,1,False,False,False,False,False,True,False,True,False,False,False,False,False,True,False,False,False,False,False,True,False,False,7
C60037,166,2,527.46,1054.92,3,1,0,False,False,True,False,False,False,False,False,False,True,False,False,True,False,False,False,False,False,False,False,False,True,0
C95100,489,1,627.2,627.2,1,1,1,False,False,False,False,True,False,False,False,False,False,False,True,False,True,False,False,False,True,False,False,False,False,5
C39906,352,1,75.01,75.01,3,0,0,False,False,False,False,False,True,False,False,True,False,False,False,False,False,False,True,False,False,False,True,False,False,4
C70148,727,5,529.55,2647.75,10,0,0,False,True,False,False,False,False,False,False,False,False,True,False,False,False,False,False,True,False,True,False,False,False,6
C30010,67,3,127.41,382.23,7,1,1,False,False,False,False,True,False,False,False,False,False,True,False,False,True,False,False,False,False,False,False,False,True,5
C99217,578,5,287.13,1435.65,10,1,0,False,False,False,False,False,False,True,False,False,False,False,True,False,False,False,False,True,True,False,False,False,False,2
C30184,642,1,427.06,427.06,1,1,0,False,False,False,True,False,False,False,False,False,False,False,True,True,False,False,False,False,False,False,False,False,True,8
C50275,300,5,53.93,269.65,7,1,0,False,False,False,False,True,False,False,False,False,False,True,False,False,False,False,False,True,False,False,False,True,False,3
C64641,541,5,423.93,2119.65,5,1,0,False,False,False,False,False,False,True,False,False,True,False,False,False,False,False,True,False,False,True,False,False,False,2
C56266,276,4,160.22,640.88,9,1,0,False,True,False,False,False,False,False,False,False,True,False,False,False,False,False,True,False,False,False,False,True,False,6
C98635,83,1,538.68,538.68,6,0,0,False,False,False,False,False,True,False,False,False,True,False,False,False,False,False,True,False,False,False,False,False,True,4
C83026,814,5,337.38,1686.9,5,0,0,False,False,False,False,False,True,False,False,False,False,True,False,False,False,False,False,True,False,False,False,False,True,4
C28893,233,1,620.21,620.21,1,1,0,False,False,False,False,False,False,True,False,False,False,False,True,False,False,False,True,False,False,False,False,False,True,2
C45482,845,2,99.1,198.2,6,0,1,False,False,False,True,False,False,False,True,False,False,False,False,False,True,False,False,False,False,False,False,True,False,5
C97774,156,4,451.97,1807.88,7,1,0,False,False,False,True,False,False,False,False,False,False,False,True,True,False,False,False,False,True,False,False,False,False,8
C11657,569,4,66.1,264.4,9,1,0,False,False,False,False,False,False,True,True,False,False,False,False,False,False,False,True,False,False,False,True,False,False,2
C85993,688,4,547.32,2189.28,8,1,0,False,False,False,False,False,False,True,True,False,False,False,False,False,False,False,True,False,False,False,False,True,False,2
C11906,181,3,412.53,1237.59,6,1,0,False,False,False,False,False,True,False,False,False,False,False,True,False,False,True,False,False,False,False,True,False,False,4
C45187,734,5,84.13,420.65,9,1,1,False,True,False,False,False,False,False,False,False,False,False,True,False,True,False,False,False,False,False,True,False,False,7
C37375,530,2,518.23,1036.46,5,0,0,False,False,False,False,False,False,True,False,False,True,False,False,False,False,False,False,True,True,False,False,False,False,2
C66567,377,2,39.51,79.02,5,0,0,False,True,False,False,False,False,False,False,False,False,False,True,False,False,False,False,True,False,True,False,False,False,6
C42451,81,5,133.01,665.05,10,0,0,False,False,False,False,False,False,True,False,True,False,False,False,False,False,False,True,False,False,True,False,False,False,2
C13923,632,1,118.8,118.8,6,1,1,False,False,False,False,False,False,True,False,False,False,False,True,False,True,False,False,False,True,False,False,False,False,5
C11829,58,2,139.57,279.14,4,1,1,False,True,False,False,False,False,False,True,False,False,False,False,False,True,False,False,False,False,True,False,False,False,5
C62169,86,1,184.15,184.15,5,1,0,True,False,False,False,False,False,False,False,False,False,True,False,False,False,False,False,True,False,True,False,False,False,1
C20881,714,2,644.05,1288.1,5,1,0,False,False,True,False,False,False,False,False,False,False,True,False,True,False,False,False,False,False,False,False,False,True,0
C44492,616,5,55.41,277.05,5,0,0,False,False,True,False,False,False,False,False,False,False,False,True,True,False,False,False,False,False,False,True,False,False,0
C74169,902,1,310.93,310.93,3,0,0,False,False,False,False,False,True,False,False,False,False,False,True,True,False,False,False,False,False,True,False,False,False,4
C70999,440,2,216.66,433.32,6,1,0,False,False,False,False,False,False,True,False,False,True,False,False,False,False,True,False,False,False,False,False,True,False,2
C11921,214,1,452.7,452.7,5,1,0,False,False,False,False,True,False,False,False,False,True,False,False,False,False,False,False,True,False,False,False,True,False,3
C50683,625,2,288.21,576.42,5,0,0,True,False,False,False,False,False,False,False,False,True,False,False,True,False,False,False,False,True,False,False,False,False,1
C76140,757,4,206.6,826.4,6,1,0,False,False,False,False,True,False,False,False,False,False,True,False,False,False,False,True,False,False,False,False,False,True,3
C94311,346,4,685.2,2740.8,6,1,0,False,False,False,False,False,True,False,False,False,False,True,False,True,False,False,False,False,False,False,True,False,False,4
C49491,811,5,22.94,114.7,10,0,0,True,False,False,False,False,False,False,True,False,False,False,False,False,False,True,False,False,True,False,False,False,False,1
C40648,845,2,301.88,603.76,5,1,0,False,False,True,False,False,False,False,False,False,False,True,False,False,False,False,True,False,True,False,False,False,False,0
C40967,107,5,57.45,287.25,10,0,0,False,False,False,True,False,False,False,True,False,False,False,False,True,False,False,False,False,False,True,False,False,False,8
C25406,195,1,161.24,161.24,3,1,0,False,True,False,False,False,False,False,False,True,False,False,False,False,False,True,False,False,False,False,False,True,False,6
C77085,217,4,262.58,1050.32,8,1,0,True,False,False,False,False,False,False,False,False,False,False,True,True,False,False,False,False,True,False,False,False,False,1
C38126,194,4,515.19,2060.76,9,1,0,False,False,False,False,False,True,False,False,True,False,False,False,False,False,True,False,False,False,True,False,False,False,4
C87448,755,1,450.07,450.07,6,1,0,False,False,False,False,True,False,False,False,False,False,True,False,False,False,False,False,True,False,False,True,False,False,3
C62312,268,1,52.54,52.54,6,1,0,False,False,False,False,False,True,False,False,False,True,False,False,True,False,False,False,False,False,True,False,False,False,4
C58443,666,2,424.32,848.64,6,0,0,False,False,False,False,False,False,True,False,True,False,False,False,False,False,False,True,False,False,False,False,False,True,2
C36613,675,3,631.64,1894.92,3,1,0,False,False,False,True,False,False,False,False,True,False,False,False,False,False,False,True,False,False,True,False,False,False,8
C73893,618,5,327.68,1638.4,6,0,0,False,False,False,False,False,True,False,False,True,False,False,False,False,False,False,True,False,False,True,False,False,False,4
C48601,766,1,414.47,414.47,3,1,0,False,False,False,False,False,True,False,False,False,True,False,False,False,False,False,True,False,False,False,False,True,False,4
C14568,871,4,221.33,885.32,5,0,0,False,False,True,False,False,False,False,False,False,False,False,True,False,False,True,False,False,False,False,True,False,False,0
C63378,439,1,512.39,512.39,2,1,1,False,False,False,False,True,False,False,False,False,False,False,True,False,True,False,False,False,False,False,False,True,False,5
C77800,179,3,459.34,1378.02,3,1,0,False,False,False,False,False,False,True,False,False,False,True,False,False,False,True,False,False,False,False,False,True,False,2
C91155,296,1,146.32,146.32,4,1,0,False,False,False,False,False,False,True,False,False,False,False,True,False,False,False,False,True,False,True,False,False,False,2
C60215,238,4,83.6,334.4,4,1,0,False,True,False,False,False,False,False,False,False,True,False,False,False,False,True,False,False,False,True,False,False,False,6
C52915,566,2,328.54,657.08,6,1,0,False,False,False,False,False,True,False,False,False,False,True,False,False,False,False,True,False,True,False,False,False,False,4
C72588,421,5,314.94,1574.7,8,1,0,True,False,False,False,False,False,False,True,False,False,False,False,False,False,True,False,False,False,False,False,True,False,1
C61668,413,2,69.64,139.28,6,0,0,True,False,False,False,False,False,False,True,False,False,False,False,False,False,False,True,False,False,True,False,False,False,1
C79508,388,1,135.17,135.17,6,1,0,False,False,False,False,False,True,False,False,False,False,False,True,False,False,False,False,True,False,False,False,True,False,4
C94569,465,1,487.21,487.21,3,1,1,False,False,False,False,True,False,False,True,False,False,False,False,False,True,False,False,False,False,False,False,False,True,5
C89592,622,5,509.58,2547.9,6,1,1,False,False,True,False,False,False,False,False,False,False,False,True,False,True,False,False,False,False,False,False,True,False,7
C48207,450,2,416.81,833.62,2,0,0,False,False,False,False,False,True,False,True,False,False,False,False,False,False,False,True,False,False,True,False,False,False,4
C16776,666,2,160.0,320.0,4,1,0,False,False,True,False,False,False,False,True,False,False,False,False,False,False,True,False,False,False,False,False,True,False,0
C91518,309,3,253.05,759.1500000000001,3,0,0,False,False,False,False,False,False,True,False,False,False,False,True,False,False,True,False,False,False,False,False,True,False,2
C36408,533,5,615.1,3075.5,10,1,0,False,False,False,True,False,False,False,False,False,False,True,False,False,False,False,True,False,False,False,False,True,False,8
C14837,822,1,183.18,183.18,6,1,0,False,False,False,True,False,False,False,False,False,True,False,False,True,False,False,False,False,True,False,False,False,False,8
C36467,709,1,75.78,75.78,5,1,0,False,False,False,False,False,True,False,True,False,False,False,False,False,False,True,False,False,False,False,True,False,False,4
C15017,60,1,675.57,675.57,1,1,0,False,False,False,False,False,False,True,True,False,False,False,False,False,False,False,False,True,False,True,False,False,False,2
C54759,216,1,109.29,109.29,5,1,0,False,False,True,False,False,False,False,False,False,True,False,False,True,False,False,False,False,False,False,True,False,False,0
C58341,462,1,639.83,639.83,2,1,0,False,False,False,False,True,False,False,False,False,True,False,False,False,False,True,False,False,False,False,False,False,True,3
C94479,736,5,62.81,314.05,9,1,0,False,True,False,False,False,False,False,False,True,False,False,False,False,False,False,False,True,False,True,False,False,False,6
C50236,37,4,615.83,2463.32,4,1,0,False,True,False,False,False,False,False,False,False,False,False,True,False,False,False,True,False,False,False,False,True,False,6
C31412,364,4,510.58,2042.32,7,1,0,False,False,False,True,False,False,False,False,True,False,False,False,False,False,False,True,False,True,False,False,False,False,8
C90142,342,1,334.39,334.39,2,0,0,False,True,False,False,False,False,False,False,True,False,False,False,False,False,False,True,False,False,False,False,True,False,6
C83548,268,1,144.25,144.25,2,1,0,False,False,True,False,False,False,False,True,False,False,False,False,False,False,False,True,False,False,False,False,False,True,0
C29697,388,1,401.82,401.82,5,1,0,False,False,False,False,False,False,True,False,True,False,False,False,False,False,False,False,True,False,False,True,False,False,2
C22991,92,1,252.68,252.68,1,0,0,False,False,False,False,True,False,False,False,False,False,False,True,True,False,False,False,False,False,False,False,False,True,3
C25276,767,5,662.78,3313.9,9,1,0,False,False,True,False,False,False,False,False,False,True,False,False,False,False,False,False,True,False,False,False,True,False,0
C39176,840,4,434.42,1737.68,6,1,0,False,False,False,False,False,False,True,False,False,False,False,True,True,False,False,False,False,False,False,True,False,False,2
C58773,491,5,513.49,2567.45,8,0,0,False,False,False,False,False,True,False,False,False,False,True,False,True,False,False,False,False,False,False,True,False,False,4
C37412,714,1,432.47,432.47,4,1,1,False,False,False,False,True,False,False,True,False,False,False,False,False,True,False,False,False,False,False,False,False,True,5
C36492,305,1,45.94,45.94,2,1,0,False,True,False,False,False,False,False,True,False,False,False,False,True,False,False,False,False,True,False,False,False,False,6
C90110,10,1,418.36,418.36,5,1,1,False,False,False,False,True,False,False,False,True,False,False,False,False,True,False,False,False,True,False,False,False,False,5
C13877,583,5,676.98,3384.9,5,0,0,True,False,False,False,False,False,False,True,False,False,False,False,True,False,False,False,False,False,True,False,False,False,1
C25149,641,4,263.62,1054.48,5,1,0,False,False,False,False,False,False,True,True,False,False,False,False,False,False,False,False,True,True,False,False,False,False,2
C52717,73,5,551.27,2756.35,7,1,0,False,True,False,False,False,False,False,False,False,False,False,True,True,False,False,False,False,False,False,False,False,True,6
C60029,907,3,508.12,1524.36,8,1,0,True,False,False,False,False,False,False,False,True,False,False,False,True,False,False,False,False,False,False,False,False,True,1
C28552,126,2,14.93,29.86,4,0,0,True,False,False,False,False,False,False,False,False,False,False,True,False,False,False,False,True,False,True,False,False,False,1
C72293,594,3,229.34,688.02,6,1,0,False,False,False,False,False,True,False,False,True,False,False,False,False,False,False,False,True,False,False,False,False,True,4
C29844,73,2,438.62,877.24,3,1,0,False,False,False,False,False,False,True,True,False,False,False,False,True,False,False,False,False,False,True,False,False,False,2
C77872,533,2,513.59,1027.18,4,1,0,False,False,False,False,True,False,False,False,False,False,False,True,False,False,False,True,False,False,False,False,False,True,3
C56564,118,2,253.74,507.48,5,1,0,False,False,False,False,True,False,False,False,False,False,False,True,False,False,False,False,True,False,False,True,False,False,3
C16758,242,3,62.77,188.31,6,1,0,False,False,False,False,False,False,True,False,False,False,True,False,False,False,False,False,True,False,False,False,False,True,2
C87011,864,4,25.29,101.16,8,0,0,False,False,False,True,False,False,False,False,True,False,False,False,False,False,True,False,False,False,False,True,False,False,8
C21147,746,1,335.1,335.1,6,1,0,True,False,False,False,False,False,False,False,False,True,False,False,False,False,True,False,False,False,False,False,False,True,1
C94568,800,4,484.85,1939.4,5,1,1,False,False,True,False,False,False,False,False,False,True,False,False,False,True,False,False,False,False,False,False,False,True,7
C35852,121,3,381.41,1144.23,6,0,0,False,False,False,True,False,False,False,False,False,False,False,True,False,False,True,False,False,False,False,False,True,False,8
C66462,895,5,347.92,1739.6,6,1,0,False,False,False,False,True,False,False,True,False,False,False,False,False,False,True,False,False,False,False,True,False,False,3
C29092,398,4,15.01,60.04,6,0,0,True,False,False,False,False,False,False,True,False,False,False,False,True,False,False,False,False,False,True,False,False,False,1
C46651,700,3,404.79,1214.37,6,1,0,True,False,False,False,False,False,False,True,False,False,False,False,False,False,False,False,True,False,False,False,True,False,1
C88981,879,4,611.26,2445.04,5,1,0,False,False,False,False,False,True,False,True,False,False,False,False,False,False,False,False,True,False,False,False,False,True,4
C40136,845,3,346.52,1039.56,3,1,0,False,False,False,False,False,True,False,False,True,False,False,False,False,False,True,False,False,False,False,True,False,False,4
C81573,208,1,36.65,36.65,1,1,0,True,False,False,False,False,False,False,False,False,False,False,True,True,False,False,False,False,True,False,False,False,False,1
C11940,665,3,149.34,448.02,7,1,0,False,False,False,False,False,False,True,False,False,False,True,False,True,False,False,False,False,True,False,False,False,False,2
C50097,344,5,467.81,2339.05,10,0,0,True,False,False,False,False,False,False,False,False,False,False,True,True,False,False,False,False,False,True,False,False,False,1
C98168,908,5,420.7,2103.5,5,1,0,False,False,False,False,True,False,False,True,False,False,False,False,False,False,True,False,False,False,True,False,False,False,3
C39074,615,5,606.52,3032.6,6,1,0,False,False,True,False,False,False,False,False,False,True,False,False,False,False,False,False,True,False,False,False,True,False,0
C84908,154,1,420.26,420.26,4,1,0,False,False,False,False,True,False,False,False,True,False,False,False,False,False,True,False,False,False,True,False,False,False,3
C64516,713,3,505.79,1517.37,3,1,0,False,False,True,False,False,False,False,False,False,True,False,False,False,False,True,False,False,False,False,False,False,True,0
C63827,26,4,493.73,1974.92,6,1,0,False,False,False,False,True,False,False,False,False,True,False,False,False,False,True,False,False,False,True,False,False,False,3
C93618,109,3,201.21,603.63,3,1,0,False,False,False,False,False,True,False,False,False,False,False,True,True,False,False,False,False,False,False,True,False,False,4
C93948,250,3,112.29,336.87,6,0,0,False,False,False,False,False,True,False,False,False,False,True,False,False,False,False,False,True,False,False,True,False,False,4
C73961,720,4,132.56,530.24,8,1,0,False,False,False,False,False,False,True,True,False,False,False,False,False,False,False,True,False,False,False,False,True,False,2
C18138,817,3,539.46,1618.38,4,1,0,False,False,False,False,False,True,False,False,True,False,False,False,False,False,False,False,True,False,True,False,False,False,4
C79475,450,5,508.59,2542.95,8,1,0,False,False,True,False,False,False,False,True,False,False,False,False,False,False,False,True,False,False,True,False,False,False,0
C88546,513,4,203.46,813.84,7,1,0,False,True,False,False,False,False,False,False,True,False,False,False,False,False,True,False,False,False,False,False,False,True,6
C69332,773,3,565.25,1695.75,7,1,0,False,False,False,True,False,False,False,False,False,True,False,False,False,False,False,True,False,True,False,False,False,False,8
C64554,670,3,136.84,410.52,4,1,0,False,False,False,False,False,False,True,False,False,False,False,True,False,False,True,False,False,False,True,False,False,False,2
C11676,20,2,464.5,929.0,2,1,0,False,False,False,True,False,False,False,False,False,False,False,True,True,False,False,False,False,False,False,False,True,False,8
C36014,751,2,434.97,869.94,7,0,0,False,False,False,False,False,True,False,False,False,False,False,True,False,False,False,False,True,True,False,False,False,False,4
C23279,707,2,43.67,87.34,4,1,0,False,False,False,True,False,False,False,True,False,False,False,False,False,False,False,True,False,False,False,False,True,False,8
C86481,727,1,171.59,171.59,5,1,0,False,False,False,False,True,False,False,False,True,False,False,False,False,False,True,False,False,True,False,False,False,False,3
C39550,48,1,558.27,558.27,1,0,1,False,False,False,False,True,False,False,False,False,False,False,True,False,True,False,False,False,False,False,False,False,True,5
C68937,867,2,425.03,850.06,2,1,0,False,False,True,False,False,False,False,True,False,False,False,False,False,False,False,True,False,False,False,True,False,False,0
C72533,197,1,376.76,376.76,5,1,1,False,False,False,False,False,True,False,False,False,True,False,False,False,True,False,False,False,True,False,False,False,False,5
C11415,473,5,575.24,2876.2,7,1,1,False,False,False,True,False,False,False,True,False,False,False,False,False,True,False,False,False,True,False,False,False,False,7
C14114,277,3,568.02,1704.06,3,1,0,False,True,False,False,False,False,False,False,False,False,False,True,False,False,True,False,False,False,False,False,True,False,6
C64128,142,3,94.88,284.64,8,0,0,False,False,False,False,False,False,True,False,False,False,True,False,False,False,False,False,True,False,False,False,False,True,2
C15629,807,3,304.15,912.4499999999999,3,1,0,False,False,False,False,False,True,False,False,False,False,True,False,False,False,False,False,True,False,False,False,True,False,4
C67561,840,3,553.52,1660.56,4,1,0,False,False,False,False,True,False,False,False,False,False,True,False,False,False,False,False,True,False,True,False,False,False,3
C47022,450,3,166.99,500.97,8,0,0,False,False,False,True,False,False,False,True,False,False,False,False,False,False,False,True,False,False,True,False,False,False,8
C55205,448,4,198.35,793.4,7,1,0,False,False,False,False,False,False,True,True,False,False,False,False,True,False,False,False,False,False,False,True,False,False,2
C30686,18,4,403.58,1614.32,9,1,0,False,False,False,False,False,True,False,False,False,False,False,True,False,False,True,False,False,False,False,False,False,True,4
C71797,52,4,464.29,1857.16,5,1,0,False,False,True,False,False,False,False,False,False,True,False,False,False,False,False,True,False,True,False,False,False,False,0
C66332,844,3,635.98,1907.94,5,0,0,False,False,False,True,False,False,False,True,False,False,False,False,False,False,False,True,False,False,False,False,False,True,8
C82318,492,1,528.06,528.06,2,0,0,False,False,False,False,True,False,False,False,True,False,False,False,False,False,False,False,True,False,True,False,False,False,3
C66254,437,1,515.32,515.32,1,1,0,True,False,False,False,False,False,False,False,False,False,True,False,True,False,False,False,False,True,False,False,False,False,1
C65083,133,4,657.79,2631.16,6,1,0,False,True,False,False,False,False,False,False,True,False,False,False,False,False,False,True,False,False,False,True,False,False,6
C44778,615,1,153.0,153.0,4,0,0,False,False,False,False,True,False,False,False,True,False,False,False,False,False,False,True,False,False,False,False,False,True,3
C54499,576,1,668.48,668.48,1,1,0,False,False,False,True,False,False,False,False,False,True,False,False,False,False,False,False,True,True,False,False,False,False,8
C91201,488,2,46.5,93.0,7,1,0,False,True,False,False,False,False,False,True,False,False,False,False,False,False,False,True,False,False,False,True,False,False,6
C27202,316,5,653.47,3267.35,10,1,0,True,False,False,False,False,False,False,False,True,False,False,False,True,False,False,False,False,False,False,False,False,True,1
C32011,125,1,628.89,628.89,2,1,0,True,False,False,False,False,False,False,False,True,False,False,False,False,False,False,True,False,False,False,False,False,True,1
C21181,450,2,675.1,1350.2,4,1,0,False,False,False,False,False,False,True,True,False,False,False,False,False,False,True,False,False,False,False,True,False,False,2
C98450,348,4,89.41,357.64,9,0,0,True,False,False,False,False,False,False,False,False,False,False,True,False,False,True,False,False,False,False,True,False,False,1
C64502,364,5,320.01,1600.05,6,0,1,False,True,False,False,False,False,False,False,False,False,True,False,False,True,False,False,False,False,False,False,False,True,7
C47365,59,2,41.0,82.0,7,0,1,False,False,True,False,False,False,False,False,False,False,False,True,False,True,False,False,False,True,False,False,False,False,5
C66349,849,1,565.85,565.85,1,1,0,False,True,False,False,False,False,False,False,False,False,True,False,False,False,False,True,False,False,True,False,False,False,6
C73289,390,3,648.59,1945.77,4,1,0,True,False,False,False,False,False,False,False,False,True,False,False,True,False,False,False,False,True,False,False,False,False,1
C48649,342,3,68.12,204.36,3,1,0,False,False,False,True,False,False,False,False,False,False,False,True,True,False,False,False,False,True,False,False,False,False,8
C18724,387,1,616.1,616.1,6,0,0,True,False,False,False,False,False,False,True,False,False,False,False,False,False,False,True,False,True,False,False,False,False,1
C68553,100,3,247.47,742.41,4,1,1,False,False,False,False,False,False,True,False,False,False,False,True,False,True,False,False,False,False,True,False,False,False,5
C61280,403,3,490.74,1472.22,3,1,0,False,False,False,False,True,False,False,True,False,False,False,False,False,False,False,False,True,True,False,False,False,False,3
C53277,133,3,531.72,1595.16,7,1,1,False,True,False,False,False,False,False,False,False,False,True,False,False,True,False,False,False,False,False,True,False,False,7
C87281,519,5,648.65,3243.25,7,0,0,False,False,True,False,False,False,False,False,False,False,False,True,False,False,True,False,False,False,False,False,False,True,0
C69009,694,5,456.06,2280.3,10,0,0,False,False,False,False,False,True,False,True,False,False,False,False,False,False,True,False,False,False,False,False,True,False,4
C49726,595,1,17.98,17.98,6,1,0,False,False,False,False,False,False,True,True,False,False,False,False,True,False,False,False,False,True,False,False,False,False,2
C37531,479,5,269.86,1349.3,6,1,0,False,True,False,False,False,False,False,True,False,False,False,False,False,False,False,False,True,False,True,False,False,False,6
C48713,478,5,31.96,159.8,5,1,0,False,False,False,False,False,True,False,False,True,False,False,False,False,False,False,True,False,False,False,False,False,True,4
C74138,560,2,98.47,196.94,3,0,0,False,False,False,True,False,False,False,True,False,False,False,False,False,False,False,True,False,False,False,False,True,False,8
C82399,487,1,158.68,158.68,6,1,0,False,False,False,True,False,False,False,False,True,False,False,False,False,False,False,True,False,False,False,False,True,False,8
C40427,681,1,613.98,613.98,4,1,1,False,False,False,False,True,False,False,False,False,False,False,True,False,True,False,False,False,False,True,False,False,False,5
C17103,543,3,426.12,1278.36,5,1,1,False,False,False,False,False,True,False,False,False,False,False,True,False,True,False,False,False,False,False,False,True,False,5
C34266,126,4,629.88,2519.52,8,1,0,False,False,False,True,False,False,False,False,False,True,False,False,True,False,False,False,False,False,False,False,True,False,8
C97485,611,4,228.91,915.64,4,1,0,False,False,True,False,False,False,False,True,False,False,False,False,False,False,False,False,True,False,False,True,False,False,0
C23947,775,1,120.98,120.98,6,1,1,False,False,True,False,False,False,False,False,False,True,False,False,False,True,False,False,False,True,False,False,False,False,5
C21665,640,4,425.18,1700.72,8,1,0,True,False,False,False,False,False,False,False,False,False,False,True,False,False,False,True,False,False,True,False,False,False,1
C82550,678,2,333.83,667.66,4,1,0,False,False,False,False,True,False,False,False,False,False,True,False,True,False,False,False,False,False,False,False,False,True,3
C61943,32,2,492.9,985.8,5,1,0,False,False,True,False,False,False,False,True,False,False,False,False,False,False,False,True,False,False,False,False,True,False,0
C88933,906,1,92.04,92.04,2,0,0,False,False,False,False,False,False,True,True,False,False,False,False,False,False,False,False,True,False,True,False,False,False,2
C30923,885,1,654.27,654.27,2,1,0,False,False,True,False,False,False,False,False,False,False,True,False,False,False,True,False,False,False,True,False,False,False,0
C56969,733,1,56.2,56.2,1,1,0,False,False,False,False,False,False,True,False,False,True,False,False,False,False,True,False,False,False,True,False,False,False,2
C76766,350,4,628.12,2512.48,6,1,1,False,False,False,False,True,False,False,False,False,False,False,True,False,True,False,False,False,False,False,False,True,False,7
C22981,442,3,157.4,472.2,7,1,0,False,True,False,False,False,False,False,False,False,True,False,False,True,False,False,False,False,True,False,False,False,False,6
C33634,882,4,588.85,2355.4,7,0,0,False,False,False,True,False,False,False,False,False,False,True,False,False,False,True,False,False,True,False,False,False,False,8
C96822,882,2,494.78,989.56,2,0,0,False,False,False,False,False,True,False,False,False,False,False,True,False,False,False,False,True,False,False,True,False,False,4
C76675,634,3,663.93,1991.79,6,1,0,False,False,True,False,False,False,False,False,False,False,True,False,False,False,False,True,False,True,False,False,False,False,0
C12039,567,1,132.68,132.68,1,1,0,False,False,True,False,False,False,False,False,False,True,False,False,False,False,False,True,False,False,False,False,False,True,0
C93309,84,5,364.28,1821.4,5,1,0,False,True,False,False,False,False,False,False,True,False,False,False,True,False,False,False,False,False,False,True,False,False,6
C62042,779,5,307.98,1539.9,10,0,0,False,False,False,False,False,False,True,False,False,False,False,True,False,False,True,False,False,False,True,False,False,False,2
C83223,439,4,162.71,650.84,7,1,0,False,False,False,False,True,False,False,True,False,False,False,False,True,False,False,False,False,True,False,False,False,False,3
C92575,274,5,492.94,2464.7,10,1,0,True,False,False,False,False,False,False,True,False,False,False,False,False,False,False,False,True,True,False,False,False,False,1
C29072,844,2,343.99,687.98,4,0,1,False,False,True,False,False,False,False,False,False,False,False,True,False,True,False,False,False,False,False,True,False,False,5
C25783,101,5,250.68,1253.4,8,1,0,False,True,False,False,False,False,False,True,False,False,False,False,False,False,False,False,True,False,False,False,True,False,6
C63727,186,2,362.14,724.28,2,1,0,False,True,False,False,False,False,False,False,False,True,False,False,False,False,True,False,False,False,False,False,True,False,6
C42365,220,1,214.08,214.08,2,1,0,False,False,False,False,False,False,True,False,False,False,True,False,False,False,False,True,False,False,False,True,False,False,2
C27438,598,1,70.32,70.32,4,1,0,False,False,False,False,False,True,False,True,False,False,False,False,False,False,False,True,False,False,True,False,False,False,4
C13205,888,5,421.42,2107.1,7,0,0,True,False,False,False,False,False,False,False,False,True,False,False,True,False,False,False,False,False,False,False,True,False,1
C29685,524,5,384.69,1923.45,6,1,0,True,False,False,False,False,False,False,False,True,False,False,False,False,False,True,False,False,True,False,False,False,False,1
C74005,755,5,448.15,2240.75,7,1,0,True,False,False,False,False,False,False,False,False,False,True,False,False,False,False,True,False,False,False,True,False,False,1
C14457,398,5,79.08,395.4,8,0,0,False,False,True,False,False,False,False,True,False,False,False,False,False,False,True,False,False,False,True,False,False,False,0
C77046,891,4,185.41,741.64,9,1,0,False,False,False,False,False,False,True,False,False,False,False,True,False,False,False,True,False,False,False,True,False,False,2
C50415,264,5,566.07,2830.35,6,1,1,False,False,False,True,False,False,False,False,True,False,False,False,False,True,False,False,False,False,False,False,True,False,7
C73999,758,2,187.88,375.76,4,1,0,False,False,False,False,False,False,True,False,False,False,False,True,False,False,False,False,True,False,True,False,False,False,2
C71076,595,2,255.99,511.98,4,1,1,False,False,False,True,False,False,False,False,True,False,False,False,False,True,False,False,False,False,False,False,True,False,5
C44674,232,1,627.34,627.34,1,0,1,False,False,True,False,False,False,False,False,False,False,False,True,False,True,False,False,False,False,False,False,False,True,5
C15228,498,3,474.14,1422.42,8,1,0,False,False,False,False,False,False,True,False,False,False,True,False,False,False,False,False,True,False,False,True,False,False,2
C27072,16,3,154.37,463.11,4,0,1,True,False,False,False,False,False,False,False,False,False,True,False,False,True,False,False,False,False,False,False,True,False,5
C15257,102,4,145.05,580.2,6,1,1,True,False,False,False,False,False,False,False,False,False,False,True,False,True,False,False,False,False,False,True,False,False,5
C91486,681,4,67.08,268.32,8,1,0,False,False,False,False,False,False,True,True,False,False,False,False,False,False,False,True,False,False,False,True,False,False,2
C17389,233,1,522.08,522.08,5,1,0,False,False,False,True,False,False,False,False,False,False,True,False,False,False,False,True,False,False,False,False,False,True,8
C18820,750,5,514.6,2573.0,10,1,1,False,False,False,True,False,False,False,False,False,False,True,False,False,True,False,False,False,False,False,False,True,False,7
C61849,203,4,577.82,2311.28,9,0,1,False,False,False,True,False,False,False,False,True,False,False,False,False,True,False,False,False,False,False,True,False,False,7
C84041,141,2,500.8,1001.6,3,1,1,False,False,True,False,False,False,False,True,False,False,False,False,False,True,False,False,False,False,False,False,False,True,5
C55757,660,2,461.13,922.26,4,0,0,False,False,False,False,False,True,False,False,False,False,True,False,False,False,False,True,False,True,False,False,False,False,4
C18187,225,1,605.28,605.28,3,1,0,False,False,True,False,False,False,False,False,False,False,True,False,False,False,False,False,True,False,False,False,False,True,0
C42306,434,3,204.27,612.8100000000001,4,0,0,False,False,False,False,True,False,False,False,False,False,False,True,False,False,False,True,False,False,False,True,False,False,3
C51024,699,1,489.8,489.8,4,1,0,False,False,False,True,False,False,False,False,False,False,True,False,False,False,False,False,True,False,True,False,False,False,8
C40140,496,5,72.64,363.2,7,0,0,False,False,False,False,True,False,False,False,True,False,False,False,True,False,False,False,False,True,False,False,False,False,3
C72596,172,2,385.16,770.32,7,1,0,False,False,False,False,False,True,False,False,False,False,False,True,False,False,True,False,False,True,False,False,False,False,4
C91805,750,3,606.41,1819.23,7,1,0,False,True,False,False,False,False,False,False,False,True,False,False,False,False,False,True,False,False,True,False,False,False,6
C40538,218,2,211.82,423.64,4,1,0,False,True,False,False,False,False,False,False,False,False,True,False,True,False,False,False,False,True,False,False,False,False,6
C60329,431,5,495.35,2476.75,5,0,0,False,True,False,False,False,False,False,False,True,False,False,False,False,False,True,False,False,False,True,False,False,False,6
C28740,732,3,556.99,1670.97,4,1,0,True,False,False,False,False,False,False,False,False,False,False,True,True,False,False,False,False,False,True,False,False,False,1
C87051,767,1,72.31,72.31,1,1,0,False,False,False,False,False,True,False,False,False,False,True,False,True,False,False,False,False,False,True,False,False,False,4
C12479,638,5,24.82,124.1,10,0,0,False,False,False,True,False,False,False,False,True,False,False,False,False,False,False,False,True,False,False,False,False,True,8
C35852,483,4,26.04,104.16,5,1,0,False,False,False,False,False,False,True,False,False,False,False,True,False,False,True,False,False,False,False,False,True,False,2
C26223,270,1,657.07,657.07,4,1,0,False,False,False,False,False,False,True,True,False,False,False,False,False,False,True,False,False,False,False,True,False,False,2
C99214,9,3,32.62,97.85999999999999,6,0,1,True,False,False,False,False,False,False,False,False,True,False,False,False,True,False,False,False,False,True,False,False,False,7
C49605,417,2,228.91,457.82,4,1,0,False,False,False,True,False,False,False,False,False,True,False,False,False,False,False,False,True,False,False,False,False,True,8
C85018,237,3,274.75,824.25,3,1,0,False,False,True,False,False,False,False,True,False,False,False,False,True,False,False,False,False,False,False,True,False,False,0
C96434,31,4,634.05,2536.2,6,1,0,False,False,False,False,False,True,False,True,False,False,False,False,False,False,False,False,True,False,False,True,False,False,4
C32956,342,5,543.16,2715.8,6,1,0,False,False,True,False,False,False,False,False,False,False,False,True,True,False,False,False,False,False,False,False,True,False,0
C41137,155,3,449.13,1347.39,5,1,0,True,False,False,False,False,False,False,True,False,False,False,False,False,False,False,True,False,False,False,False,False,True,1
C60361,380,5,389.62,1948.1,7,1,0,False,True,False,False,False,False,False,True,False,False,False,False,False,False,False,True,False,False,True,False,False,False,6
C36688,802,1,305.17,305.17,3,1,0,False,True,False,False,False,False,False,False,False,False,True,False,False,False,False,True,False,False,False,False,False,True,6
C51811,760,3,445.12,1335.36,8,0,0,True,False,False,False,False,False,False,False,False,False,True,False,True,False,False,False,False,False,False,True,False,False,1
C62405,194,2,230.36,460.72,4,1,0,False,False,True,False,False,False,False,False,False,False,False,True,False,False,False,True,False,True,False,False,False,False,0
C77363,480,1,96.81,96.81,3,0,0,False,False,False,False,True,False,False,False,False,False,True,False,True,False,False,False,False,False,False,False,False,True,3
C97218,116,5,460.14,2300.7,10,1,0,False,False,False,True,False,False,False,False,True,False,False,False,False,False,False,True,False,False,True,False,False,False,8
C43919,257,3,601.6,1804.8,7,1,0,False,False,False,False,False,False,True,False,True,False,False,False,True,False,False,False,False,False,True,False,False,False,2
C57093,509,3,184.47,553.41,4,0,0,False,False,False,False,False,False,True,False,False,False,False,True,True,False,False,False,False,False,False,False,False,True,2
C50565,301,1,411.34,411.34,5,0,0,False,False,False,False,False,False,True,False,False,True,False,False,False,False,False,True,False,False,False,False,True,False,2
C38845,350,1,532.89,532.89,2,0,0,False,False,True,False,False,False,False,False,False,False,True,False,False,False,True,False,False,False,False,False,False,True,0
C84834,461,3,136.34,409.02,8,1,0,False,False,False,False,False,False,True,False,False,True,False,False,False,False,False,True,False,False,False,False,False,True,2
C37455,618,5,476.01,2380.05,7,1,1,False,False,False,False,True,False,False,False,True,False,False,False,False,True,False,False,False,False,False,True,False,False,7
C27078,241,5,236.38,1181.9,7,0,0,False,True,False,False,False,False,False,False,True,False,False,False,False,False,False,True,False,False,True,False,False,False,6
C91941,746,3,396.0,1188.0,4,1,0,False,False,False,False,False,True,False,False,False,False,True,False,True,False,False,False,False,False,False,False,True,False,4
C25967,532,5,341.96,1709.8,6,0,1,False,False,False,False,False,False,True,False,False,True,False,False,False,True,False,False,False,True,False,False,False,False,7
C22123,646,1,672.89,672.89,1,1,0,False,False,False,False,False,False,True,False,True,False,False,False,False,False,True,False,False,True,False,False,False,False,2
C45671,487,2,657.48,1314.96,5,1,0,False,False,False,False,False,False,True,False,False,False,False,True,False,False,False,False,True,False,False,False,False,True,2
C53334,695,3,498.68,1496.04,4,1,0,True,False,False,False,False,False,False,False,False,False,False,True,False,False,False,True,False,True,False,False,False,False,1
C18717,828,5,558.63,2793.15,8,1,0,False,False,False,False,False,True,False,True,False,False,False,False,False,False,True,False,False,False,False,False,False,True,4
C50137,725,3,19.73,59.19,3,0,0,False,False,False,False,True,False,False,False,False,False,False,True,False,False,True,False,False,False,False,False,False,True,3
C51481,739,5,248.84,1244.2,10,0,0,False,False,False,True,False,False,False,False,False,True,False,False,True,False,False,False,False,False,False,False,True,False,8
C99128,304,3,46.11,138.33,5,1,0,True,False,False,False,False,False,False,False,False,False,True,False,False,False,False,True,False,False,False,False,False,True,1
C67260,791,5,678.16,3390.8,7,1,1,False,False,True,False,False,False,False,False,False,False,True,False,False,True,False,False,False,False,True,False,False,False,7
C79533,447,5,601.72,3008.6,5,1,0,False,False,True,False,False,False,False,False,False,False,True,False,True,False,False,False,False,False,False,False,True,False,0
C66906,432,2,259.32,518.64,2,1,1,False,False,False,False,False,True,False,False,False,False,True,False,False,True,False,False,False,False,False,False,False,True,5
C12818,566,3,63.68,191.04,6,0,0,True,False,False,False,False,False,False,True,False,False,False,False,False,False,False,True,False,False,True,False,False,False,1
C60384,635,4,371.07,1484.28,7,1,0,False,False,True,False,False,False,False,True,False,False,False,False,True,False,False,False,False,False,True,False,False,False,0
C92294,275,4,306.35,1225.4,7,1,0,True,False,False,False,False,False,False,False,False,False,True,False,False,False,False,False,True,False,False,False,False,True,1
C66840,625,4,578.27,2313.08,9,1,1,False,False,False,False,False,False,True,False,False,False,False,True,False,True,False,False,False,True,False,False,False,False,7
C22534,893,1,529.19,529.19,5,0,0,True,False,False,False,False,False,False,True,False,False,False,False,True,False,False,False,False,False,False,False,False,True,1
C46509,490,2,587.49,1174.98,6,1,0,True,False,False,False,False,False,False,False,False,False,True,False,False,False,False,True,False,False,False,False,False,True,1
C71680,366,4,567.57,2270.28,9,1,0,False,False,False,False,False,True,False,False,False,True,False,False,False,False,True,False,False,False,False,True,False,False,4
C15063,428,5,85.22,426.1,7,1,0,True,False,False,False,False,False,False,False,True,False,False,False,True,False,False,False,False,True,False,False,False,False,1
C77122,309,1,438.37,438.37,4,1,0,False,False,True,False,False,False,False,True,False,False,False,False,True,False,False,False,False,False,False,False,False,True,0
C86524,594,2,366.23,732.46,2,1,0,True,False,False,False,False,False,False,True,False,False,False,False,False,False,False,False,True,True,False,False,False,False,1
C82990,911,2,150.05,300.1,4,1,0,False,False,True,False,False,False,False,False,True,False,False,False,True,False,False,False,False,False,True,False,False,False,0
C98761,613,4,498.51,1994.04,4,1,0,True,False,False,False,False,False,False,False,False,True,False,False,False,False,False,False,True,False,False,True,False,False,1
C54409,68,3,339.39,1018.17,7,1,0,False,True,False,False,False,False,False,True,False,False,False,False,False,False,False,True,False,False,False,True,False,False,6
C89674,164,2,575.83,1151.66,3,1,1,False,False,False,True,False,False,False,False,False,False,False,True,False,True,False,False,False,False,False,False,False,True,5
C45899,556,2,642.98,1285.96,7,1,0,False,False,False,True,False,False,False,False,False,True,False,False,False,False,False,True,False,True,False,False,False,False,8
C74499,775,2,372.23,744.46,7,1,1,False,True,False,False,False,False,False,False,False,False,True,False,False,True,False,False,False,True,False,False,False,False,7
C81192,231,3,646.34,1939.02,5,0,0,True,False,False,False,False,False,False,False,False,True,False,False,False,False,True,False,False,False,False,True,False,False,1
C71473,391,5,341.84,1709.2,8,1,0,True,False,False,False,False,False,False,False,False,False,False,True,False,False,False,False,True,False,False,False,True,False,1
C59338,492,3,690.3,2070.9,6,1,0,False,False,False,False,False,True,False,False,True,False,False,False,False,False,False,False,True,False,False,True,False,False,4
C62661,750,3,382.37,1147.11,8,0,0,False,False,False,False,False,False,True,False,False,True,False,False,False,False,False,True,False,False,False,False,True,False,2
C22101,840,2,132.6,265.2,4,1,0,True,False,False,False,False,False,False,False,False,True,False,False,True,False,False,False,False,True,False,False,False,False,1
C51404,530,2,189.06,378.12,7,1,0,False,False,False,True,False,False,False,False,False,False,True,False,False,False,False,False,True,False,True,False,False,False,8
C19384,555,4,87.79,351.16,6,1,0,False,False,False,False,False,False,True,True,False,False,False,False,True,False,False,False,False,False,False,False,True,False,2
C86864,74,2,46.36,92.72,4,1,0,False,False,False,False,False,True,False,False,False,False,True,False,False,False,False,True,False,False,False,True,False,False,4
C24301,248,2,642.04,1284.08,4,1,1,False,False,False,False,True,False,False,False,False,False,True,False,False,True,False,False,False,True,False,False,False,False,5
C43842,255,2,651.57,1303.14,7,1,0,True,False,False,False,False,False,False,False,False,True,False,False,False,False,False,False,True,False,True,False,False,False,1
C63657,123,3,424.89,1274.67,6,1,0,False,False,False,False,False,False,True,False,False,True,False,False,True,False,False,False,False,False,False,True,False,False,2
C98332,885,3,438.89,1316.67,3,0,0,False,False,True,False,False,False,False,True,False,False,False,False,False,False,False,True,False,False,True,False,False,False,0
C59774,442,1,72.6,72.6,6,1,0,False,False,False,True,False,False,False,False,False,True,False,False,True,False,False,False,False,False,False,False,True,False,8
C14847,194,4,194.75,779.0,5,0,0,False,False,True,False,False,False,False,True,False,False,False,False,False,False,False,False,True,False,True,False,False,False,0
C83653,791,4,231.26,925.04,6,1,0,False,False,False,False,False,False,True,False,False,False,False,True,False,False,False,False,True,False,False,True,False,False,2
C35711,304,4,327.12,1308.48,4,0,0,False,False,False,True,False,False,False,False,True,False,False,False,True,False,False,False,False,True,False,False,False,False,8
C10477,790,1,466.42,466.42,5,1,0,False,False,True,False,False,False,False,False,False,False,True,False,False,False,True,False,False,True,False,False,False,False,0
C61257,361,2,253.67,507.34,3,1,0,False,False,False,True,False,False,False,True,False,False,False,False,False,False,False,True,False,False,True,False,False,False,8
C60547,877,1,257.0,257.0,5,0,0,False,True,False,False,False,False,False,False,False,True,False,False,True,False,False,False,False,False,False,False,False,True,6
C14576,439,4,539.2,2156.8,8,1,0,False,True,False,False,False,False,False,False,True,False,False,False,False,False,True,False,False,False,False,True,False,False,6
C49282,747,5,50.74,253.7,7,1,0,True,False,False,False,False,False,False,False,False,False,True,False,True,False,False,False,False,False,False,True,False,False,1
C14017,784,2,624.16,1248.32,2,1,0,False,False,False,False,True,False,False,False,False,True,False,False,False,False,False,False,True,False,False,False,True,False,3
C46504,861,2,372.92,745.84,7,1,1,False,False,False,False,False,False,True,False,True,False,False,False,False,True,False,False,False,True,False,False,False,False,7
C56928,539,4,358.75,1435.0,9,1,1,False,False,True,False,False,False,False,False,False,False,True,False,False,True,False,False,False,False,True,False,False,False,7
C97749,329,3,342.02,1026.06,5,0,0,False,True,False,False,False,False,False,False,False,True,False,False,False,False,True,False,False,True,False,False,False,False,6
C90431,8,2,422.34,844.68,4,1,0,False,False,True,False,False,False,False,False,True,False,False,False,True,False,False,False,False,False,False,False,True,False,0
C56722,89,5,22.07,110.35,7,1,0,False,False,False,False,False,False,True,False,False,False,False,True,True,False,False,False,False,False,False,False,True,False,2
C40863,219,3,163.13,489.39,5,1,0,True,False,False,False,False,False,False,False,False,False,True,False,False,False,False,False,True,False,True,False,False,False,1
C40798,880,3,360.66,1081.98,5,1,0,False,False,False,False,False,False,True,False,False,False,False,True,False,False,False,True,False,False,False,False,True,False,2
C16702,674,3,463.39,1390.17,3,0,0,False,False,False,True,False,False,False,False,True,False,False,False,False,False,False,True,False,False,True,False,False,False,8
C38262,518,1,155.27,155.27,6,0,0,False,False,False,False,False,False,True,False,False,True,False,False,False,False,False,False,True,True,False,False,False,False,2
C50274,709,3,509.42,1528.26,5,1,0,False,False,False,True,False,False,False,False,True,False,False,False,True,False,False,False,False,False,False,True,False,False,8
C91591,44,4,652.48,2609.92,5,1,0,False,True,False,False,False,False,False,True,False,False,False,False,False,False,True,False,False,False,False,False,True,False,6
C96583,282,4,34.84,139.36,8,0,0,False,False,False,False,False,True,False,False,True,False,False,False,False,False,False,False,True,True,False,False,False,False,4
C64579,144,1,234.37,234.37,5,1,0,False,True,False,False,False,False,False,False,False,True,False,False,False,False,False,False,True,True,False,False,False,False,6
C41903,631,3,53.6,160.8,4,1,0,False,True,False,False,False,False,False,True,False,False,False,False,False,False,True,False,False,False,True,False,False,False,6
C19742,657,1,332.09,332.09,5,1,0,False,False,False,False,False,False,True,False,False,False,True,False,False,False,False,True,False,False,False,False,True,False,2
C20077,482,4,593.22,2372.88,8,1,0,False,False,False,True,False,False,False,False,True,False,False,False,True,False,False,False,False,False,True,False,False,False,8
C13186,672,2,444.84,889.68,7,0,0,False,False,False,False,False,False,True,False,False,False,False,True,False,False,False,False,True,False,True,False,False,False,2
C29318,354,1,24.48,24.48,1,0,0,False,False,False,True,False,False,False,False,False,False,True,False,False,False,False,True,False,False,False,False,True,False,8
C36137,219,3,239.08,717.24,8,0,0,False,False,True,False,False,False,False,True,False,False,False,False,False,False,False,False,True,False,False,True,False,False,0
C25534,890,5,196.84,984.2,5,1,1,False,True,False,False,False,False,False,False,True,False,False,False,False,True,False,False,False,False,False,False,True,False,7
C62070,111,1,176.58,176.58,4,0,0,False,False,False,True,False,False,False,False,False,True,False,False,False,False,False,True,False,False,False,False,False,True,8
C92049,638,4,666.52,2666.08,8,1,0,False,False,False,False,False,True,False,True,False,False,False,False,False,False,False,False,True,True,False,False,False,False,4
C52604,220,5,101.3,506.5,7,1,0,False,False,False,False,False,True,False,False,False,False,False,True,False,False,False,False,True,True,False,False,False,False,4
C22429,730,4,151.2,604.8,9,1,0,True,False,False,False,False,False,False,False,False,False,True,False,False,False,True,False,False,False,True,False,False,False,1
C27430,147,5,94.85,474.25,6,1,0,False,False,False,False,False,True,False,True,False,False,False,False,False,False,False,False,True,True,False,False,False,False,4
C44366,909,2,388.22,776.44,2,1,1,False,False,True,False,False,False,False,True,False,False,False,False,False,True,False,False,False,False,False,False,True,False,5
C36813,596,3,614.15,1842.45,3,0,0,False,False,True,False,False,False,False,False,False,False,True,False,True,False,False,False,False,False,True,False,False,False,0
C40201,279,2,92.91,185.82,3,1,0,False,False,True,False,False,False,False,True,False,False,False,False,False,False,False,True,False,False,False,False,True,False,0
C75456,373,3,92.22,276.66,5,1,1,False,False,False,True,False,False,False,False,True,False,False,False,False,True,False,False,False,True,False,False,False,False,5
C33315,387,3,562.55,1687.65,6,0,0,False,False,False,False,False,True,False,False,False,True,False,False,False,False,False,True,False,True,False,False,False,False,4
C89336,832,1,92.79,92.79,3,1,0,False,True,False,False,False,False,False,True,False,False,False,False,False,False,True,False,False,True,False,False,False,False,6
C96034,759,4,30.27,121.08,9,1,1,False,True,False,False,False,False,False,False,False,False,False,True,False,True,False,False,False,False,False,True,False,False,7
C50114,93,2,49.08,98.16,7,1,0,False,False,False,True,False,False,False,False,False,True,False,False,False,False,False,True,False,False,False,False,True,False,8
C85330,121,5,228.09,1140.45,9,1,0,False,True,False,False,False,False,False,False,False,False,True,False,False,False,False,True,False,False,True,False,False,False,6
C31761,242,4,650.04,2600.16,6,1,0,True,False,False,False,False,False,False,False,False,False,True,False,True,False,False,False,False,False,True,False,False,False,1
C25268,119,1,665.11,665.11,3,1,0,False,False,False,False,False,True,False,True,False,False,False,False,False,False,True,False,False,False,False,False,True,False,4
C17132,206,1,386.03,386.03,4,1,0,False,True,False,False,False,False,False,False,False,False,False,True,False,False,True,False,False,False,False,True,False,False,6
C48790,344,5,21.54,107.7,10,0,0,False,False,True,False,False,False,False,False,False,False,True,False,False,False,False,True,False,False,False,True,False,False,0
C61070,362,2,475.78,951.56,2,1,0,False,False,False,False,False,False,True,False,False,False,False,True,False,False,False,False,True,False,False,True,False,False,2
C56969,539,2,68.4,136.8,7,1,0,False,False,False,False,False,False,True,False,False,False,True,False,False,False,True,False,False,True,False,False,False,False,2
C65056,10,4,532.49,2129.96,6,1,0,False,False,False,False,False,False,True,False,False,False,False,True,True,False,False,False,False,False,True,False,False,False,2
C84888,802,1,51.73,51.73,1,1,0,False,False,True,False,False,False,False,False,False,True,False,False,False,False,True,False,False,False,True,False,False,False,0
C68266,340,3,653.63,1960.89,7,1,1,False,False,False,False,False,True,False,False,False,False,False,True,False,True,False,False,False,True,False,False,False,False,7
C84115,383,3,454.29,1362.87,4,1,0,True,False,False,False,False,False,False,False,True,False,False,False,False,False,True,False,False,False,False,True,False,False,1
C50087,624,3,122.11,366.33,4,1,1,True,False,False,False,False,False,False,False,False,False,False,True,False,True,False,False,False,True,False,False,False,False,5
C16790,815,4,64.74,258.96,8,1,0,False,False,True,False,False,False,False,False,False,False,True,False,True,False,False,False,False,False,False,True,False,False,0
C46920,527,2,681.06,1362.12,3,1,0,False,False,True,False,False,False,False,False,False,True,False,False,False,False,False,False,True,False,True,False,False,False,0
C12740,649,5,128.95,644.75,10,1,0,False,True,False,False,False,False,False,True,False,False,False,False,False,False,True,False,False,False,False,False,True,False,6
C46557,470,2,118.59,237.18,2,0,1,False,True,False,False,False,False,False,False,True,False,False,False,False,True,False,False,False,True,False,False,False,False,5
C58156,228,1,95.1,95.1,1,1,0,False,False,False,False,False,True,False,False,False,False,True,False,False,False,True,False,False,False,False,False,True,False,4
C14455,570,3,54.95,164.85,8,1,0,False,True,False,False,False,False,False,True,False,False,False,False,False,False,False,True,False,False,False,False,False,True,6
C63150,256,3,136.97,410.91,4,1,0,False,False,False,False,False,True,False,False,True,False,False,False,False,False,False,True,False,False,False,False,False,True,4
C95269,842,2,194.85,389.7,5,0,0,True,False,False,False,False,False,False,False,False,False,True,False,False,False,False,True,False,False,False,False,False,True,1
C18105,249,4,583.02,2332.08,4,1,1,False,False,True,False,False,False,False,False,False,False,False,True,False,True,False,False,False,False,True,False,False,False,7
C29063,275,5,95.75,478.75,8,1,0,True,False,False,False,False,False,False,False,False,False,False,True,False,False,False,False,True,False,False,False,True,False,1
C10154,337,4,325.76,1303.04,8,1,0,False,True,False,False,False,False,False,False,False,False,True,False,False,False,False,False,True,True,False,False,False,False,6
C36997,662,4,186.41,745.64,6,1,0,False,False,False,False,True,False,False,False,False,False,True,False,False,False,True,False,False,False,False,True,False,False,3
C77357,129,1,474.6,474.6,4,1,1,False,False,False,False,True,False,False,False,False,True,False,False,False,True,False,False,False,True,False,False,False,False,5
C71310,389,5,584.46,2922.3,8,0,0,False,False,False,False,False,True,False,False,True,False,False,False,False,False,False,True,False,True,False,False,False,False,4
C80987,116,1,132.05,132.05,2,0,1,False,False,True,False,False,False,False,False,False,False,False,True,False,True,False,False,False,False,False,True,False,False,5
C90757,575,4,494.84,1979.36,8,1,0,False,False,False,False,False,False,True,True,False,False,False,False,False,False,False,True,False,True,False,False,False,False,2
C51898,525,4,224.61,898.44,6,1,0,False,False,False,False,False,True,False,False,True,False,False,False,False,False,False,True,False,False,True,False,False,False,4
C94508,368,4,44.07,176.28,6,0,0,False,False,False,True,False,False,False,False,False,True,False,False,False,False,True,False,False,True,False,False,False,False,8
C59441,508,5,418.53,2092.65,6,1,0,False,False,False,True,False,False,False,False,True,False,False,False,False,False,True,False,False,False,False,True,False,False,8
C91029,545,4,532.87,2131.48,9,1,0,False,False,False,False,True,False,False,True,False,False,False,False,False,False,True,False,False,False,False,False,True,False,3
C96261,27,2,485.37,970.74,5,1,0,False,False,False,False,True,False,False,False,True,False,False,False,False,False,False,False,True,True,False,False,False,False,3
C35123,383,4,386.73,1546.92,4,1,1,False,False,False,False,True,False,False,True,False,False,False,False,False,True,False,False,False,False,True,False,False,False,7
C10892,346,2,377.47,754.94,7,0,0,False,True,False,False,False,False,False,True,False,False,False,False,False,False,True,False,False,False,False,True,False,False,6
C99683,159,5,332.64,1663.2,10,0,1,False,False,False,True,False,False,False,False,False,False,True,False,False,True,False,False,False,False,False,False,False,True,7
C41974,213,3,699.93,2099.79,7,1,0,False,False,True,False,False,False,False,True,False,False,False,False,False,False,False,True,False,False,False,True,False,False,0
C23978,274,1,576.35,576.35,1,1,0,False,False,False,True,False,False,False,False,False,False,True,False,False,False,False,True,False,False,False,False,True,False,8
C10642,384,2,461.37,922.74,5,1,1,False,False,False,False,False,False,True,True,False,False,False,False,False,True,False,False,False,False,False,True,False,False,5
C73813,852,4,111.3,445.2,7,1,0,False,False,False,False,False,True,False,False,False,True,False,False,False,False,True,False,False,True,False,False,False,False,4
C32183,127,3,661.89,1985.67,6,1,0,False,True,False,False,False,False,False,False,False,False,False,True,True,False,False,False,False,False,False,False,False,True,6
C54277,111,2,259.58,519.16,7,1,1,False,False,False,False,False,False,True,False,False,True,False,False,False,True,False,False,False,False,False,False,True,False,5
C56553,351,3,70.81,212.43,8,1,0,False,False,False,False,False,False,True,False,True,False,False,False,False,False,False,False,True,False,False,False,False,True,2
C17551,79,1,518.39,518.39,4,1,0,False,False,True,False,False,False,False,False,False,True,False,False,False,False,True,False,False,False,False,False,True,False,0
C14737,899,4,145.41,581.64,7,1,0,False,False,False,False,False,False,True,False,True,False,False,False,False,False,False,True,False,True,False,False,False,False,2
C35168,889,2,599.86,1199.72,7,1,0,False,False,False,False,False,False,True,False,False,False,True,False,False,False,True,False,False,False,True,False,False,False,2
C82217,271,4,429.37,1717.48,8,1,1,False,False,False,False,True,False,False,False,True,False,False,False,False,True,False,False,False,False,False,True,False,False,7
C42270,433,2,241.49,482.98,7,1,0,False,False,False,False,True,False,False,False,False,True,False,False,False,False,False,True,False,False,False,False,True,False,3
C48846,31,2,452.05,904.1,3,1,0,False,False,False,False,False,True,False,False,True,False,False,False,False,False,False,True,False,True,False,False,False,False,4
C54160,749,3,336.71,1010.13,4,0,0,False,True,False,False,False,False,False,False,True,False,False,False,False,False,True,False,False,True,False,False,False,False,6
C14080,369,1,283.69,283.69,6,0,0,False,False,False,False,True,False,False,False,False,False,True,False,False,False,False,False,True,False,False,True,False,False,3
C81074,495,1,157.72,157.72,2,1,1,False,True,False,False,False,False,False,False,False,True,False,False,False,True,False,False,False,False,False,True,False,False,5
C69021,828,3,624.84,1874.52,8,1,0,False,False,False,False,False,False,True,False,True,False,False,False,True,False,False,False,False,False,True,False,False,False,2
C96283,708,3,308.01,924.03,3,1,0,False,True,False,False,False,False,False,True,False,False,False,False,False,False,True,False,False,False,True,False,False,False,6
C96636,133,1,39.56,39.56,5,0,0,False,True,False,False,False,False,False,False,False,True,False,False,True,False,False,False,False,False,False,True,False,False,6
C37235,760,4,37.76,151.04,7,0,1,False,True,False,False,False,False,False,False,False,True,False,False,False,True,False,False,False,False,False,True,False,False,7
C12444,287,3,76.96,230.88,8,1,0,False,False,False,False,True,False,False,True,False,False,False,False,False,False,False,True,False,True,False,False,False,False,3
C79142,817,1,569.96,569.96,4,1,1,False,False,True,False,False,False,False,False,False,False,False,True,False,True,False,False,False,True,False,False,False,False,5
C35983,478,5,627.43,3137.15,10,1,0,False,False,True,False,False,False,False,False,True,False,False,False,True,False,False,False,False,True,False,False,False,False,0
C36150,634,2,534.91,1069.82,5,1,0,False,False,True,False,False,False,False,False,False,True,False,False,False,False,False,True,False,False,False,True,False,False,0
C91454,891,2,278.88,557.76,3,1,0,False,False,False,False,False,True,False,False,False,True,False,False,False,False,True,False,False,False,False,False,False,True,4
C19368,74,2,323.22,646.44,7,0,1,False,False,False,False,False,False,True,False,True,False,False,False,False,True,False,False,False,False,False,False,True,False,5
C35987,666,5,653.46,3267.3,9,1,0,False,False,False,False,False,False,True,True,False,False,False,False,True,False,False,False,False,True,False,False,False,False,2
C13366,726,4,678.55,2714.2,5,0,1,False,False,False,False,False,True,False,True,False,False,False,False,False,True,False,False,False,True,False,False,False,False,7
C72166,506,1,314.38,314.38,6,0,0,False,True,False,False,False,False,False,False,False,False,False,True,False,False,False,True,False,False,False,True,False,False,6
C20357,384,3,692.44,2077.32,8,1,0,False,False,False,False,True,False,False,False,False,True,False,False,True,False,False,False,False,False,False,True,False,False,3
C33802,338,1,604.87,604.87,4,0,1,False,False,False,True,False,False,False,False,False,False,False,True,False,True,False,False,False,False,False,False,True,False,5
C99205,3,2,512.33,1024.66,7,0,0,False,False,False,False,True,False,False,True,False,False,False,False,True,False,False,False,False,False,True,False,False,False,3
C29701,77,3,20.54,61.62,3,1,0,True,False,False,False,False,False,False,False,True,False,False,False,True,False,False,False,False,False,False,False,True,False,1
C73941,850,2,625.22,1250.44,5,0,0,False,False,False,False,True,False,False,False,False,False,False,True,True,False,False,False,False,False,False,True,False,False,3
C69168,680,1,21.19,21.19,5,1,0,False,False,False,False,False,False,True,True,False,False,False,False,False,False,False,True,False,False,False,True,False,False,2
C66116,102,5,64.49,322.45,7,0,0,True,False,False,False,False,False,False,False,False,False,False,True,True,False,False,False,False,False,True,False,False,False,1
C85059,795,4,246.85,987.4,8,1,0,False,False,True,False,False,False,False,False,True,False,False,False,False,False,False,False,True,False,False,True,False,False,0
C18076,578,3,588.74,1766.22,8,1,0,False,False,False,False,True,False,False,False,False,True,False,False,False,False,True,False,False,True,False,False,False,False,3
C41284,457,4,184.48,737.92,4,1,0,False,False,True,False,False,False,False,False,False,False,False,True,True,False,False,False,False,False,False,True,False,False,0
C43524,538,5,524.26,2621.3,5,1,1,False,False,False,False,True,False,False,False,False,False,True,False,False,True,False,False,False,False,False,False,False,True,7
C58063,324,2,493.63,987.26,6,1,0,False,False,False,True,False,False,False,False,False,False,False,True,False,False,False,True,False,False,False,False,False,True,8
C19937,36,1,438.34,438.34,5,1,0,False,False,False,False,False,True,False,False,False,False,True,False,False,False,False,True,False,False,True,False,False,False,4
C21191,46,1,325.81,325.81,1,1,0,False,False,True,False,False,False,False,False,True,False,False,False,False,False,True,False,False,False,False,False,False,True,0
C45862,703,1,176.1,176.1,1,1,0,True,False,False,False,False,False,False,False,True,False,False,False,False,False,True,False,False,False,False,False,True,False,1
C39130,678,5,45.31,226.55,8,0,0,True,False,False,False,False,False,False,False,False,False,False,True,True,False,False,False,False,False,False,False,False,True,1
C18167,471,4,221.96,887.84,7,0,1,False,True,False,False,False,False,False,True,False,False,False,False,False,True,False,False,False,False,False,True,False,False,7
C47307,607,2,601.43,1202.86,5,1,0,True,False,False,False,False,False,False,False,False,False,False,True,False,False,True,False,False,False,False,False,True,False,1
C57276,684,5,691.28,3456.4,10,1,1,False,False,False,False,False,False,True,False,False,False,False,True,False,True,False,False,False,True,False,False,False,False,7
C38928,290,4,417.89,1671.56,4,0,0,False,False,True,False,False,False,False,False,False,False,True,False,False,False,True,False,False,False,False,True,False,False,0
C49710,535,4,409.28,1637.12,8,0,0,True,False,False,False,False,False,False,True,False,False,False,False,False,False,True,False,False,True,False,False,False,False,1
C41709,746,2,356.35,712.7,6,1,0,False,True,False,False,False,False,False,False,False,True,False,False,False,False,False,True,False,False,True,False,False,False,6
C91255,442,5,170.22,851.1,8,0,1,True,False,False,False,False,False,False,False,False,True,False,False,False,True,False,False,False,False,False,False,False,True,7
C76653,845,4,384.85,1539.4,9,1,1,False,False,False,False,False,True,False,False,False,False,False,True,False,True,False,False,False,False,False,False,True,False,7
C95667,223,4,115.77,463.08,7,1,0,False,False,True,False,False,False,False,False,False,False,False,True,False,False,True,False,False,False,False,False,True,False,0
C33313,63,3,579.55,1738.65,8,1,0,False,False,False,False,True,False,False,False,False,False,True,False,False,False,False,True,False,False,True,False,False,False,3
C36825,855,2,438.76,877.52,2,0,0,False,False,True,False,False,False,False,False,False,True,False,False,False,False,False,True,False,False,True,False,False,False,0
C20861,43,5,488.35,2441.75,9,1,0,False,False,False,False,True,False,False,False,False,True,False,False,False,False,False,True,False,True,False,False,False,False,3
C26364,807,4,328.56,1314.24,4,1,0,False,False,True,False,False,False,False,False,False,True,False,False,False,False,False,True,False,True,False,False,False,False,0
C34686,95,1,68.39,68.39,3,1,0,False,False,False,False,False,False,True,False,False,False,False,True,False,False,False,True,False,False,True,False,False,False,2
C97593,790,4,595.62,2382.48,8,1,0,False,False,False,False,False,True,False,False,False,True,False,False,False,False,True,False,False,False,True,False,False,False,4
C84331,500,5,644.64,3223.2,6,1,0,True,False,False,False,False,False,False,False,False,False,True,False,True,False,False,False,False,True,False,False,False,False,1
C88775,681,5,397.81,1989.05,5,1,0,False,False,False,True,False,False,False,False,False,True,False,False,False,False,False,True,False,False,False,False,False,True,8
C76362,547,3,236.5,709.5,8,1,1,True,False,False,False,False,False,False,False,False,False,False,True,False,True,False,False,False,True,False,False,False,False,7
C59278,259,5,472.01,2360.05,10,1,0,False,False,True,False,False,False,False,False,False,False,True,False,True,False,False,False,False,True,False,False,False,False,0
C55819,669,5,253.75,1268.75,9,1,0,True,False,False,False,False,False,False,False,False,False,False,True,False,False,True,False,False,False,False,False,True,False,1
C82344,233,3,676.21,2028.63,5,1,1,False,False,False,True,False,False,False,False,False,False,False,True,False,True,False,False,False,False,False,True,False,False,7
C65565,504,3,134.05,402.15,3,0,0,False,True,False,False,False,False,False,False,True,False,False,False,False,False,False,False,True,False,False,True,False,False,6
C80416,448,5,217.43,1087.15,10,1,0,False,True,False,False,False,False,False,False,False,True,False,False,False,False,False,False,True,False,False,False,True,False,6
C23637,762,1,553.56,553.56,5,0,0,False,False,False,False,False,False,True,False,True,False,False,False,True,False,False,False,False,False,False,False,False,True,2
C24769,604,2,28.55,57.1,7,1,0,False,False,True,False,False,False,False,False,False,False,True,False,False,False,False,False,True,True,False,False,False,False,0
C81547,522,2,255.26,510.52,6,1,0,False,False,False,False,True,False,False,False,True,False,False,False,True,False,False,False,False,False,False,True,False,False,3
C12813,108,5,292.54,1462.7,8,1,0,False,False,True,False,False,False,False,False,False,True,False,False,True,False,False,False,False,True,False,False,False,False,0
C50732,202,4,147.51,590.04,4,1,0,True,False,False,False,False,False,False,False,False,True,False,False,False,False,True,False,False,False,False,False,True,False,1
C41320,331,3,569.84,1709.52,8,1,0,False,False,False,False,False,True,False,False,False,False,True,False,True,False,False,False,False,False,False,False,True,False,4
C55286,496,5,574.79,2873.95,8,1,0,False,False,False,False,False,False,True,False,True,False,False,False,False,False,True,False,False,False,False,False,False,True,2
C87994,635,4,598.19,2392.76,7,1,1,True,False,False,False,False,False,False,False,True,False,False,False,False,True,False,False,False,True,False,False,False,False,7
C25580,852,4,390.84,1563.36,9,1,0,False,False,False,False,True,False,False,False,True,False,False,False,True,False,False,False,False,False,False,False,False,True,3
C66196,276,2,398.45,796.9,7,1,0,False,False,False,False,True,False,False,False,False,True,False,False,True,False,False,False,False,False,False,True,False,False,3
C35377,766,5,623.81,3119.05,6,1,0,False,False,False,False,True,False,False,True,False,False,False,False,False,False,False,True,False,True,False,False,False,False,3
C40771,199,4,174.49,697.96,5,1,1,False,False,True,False,False,False,False,False,True,False,False,False,False,True,False,False,False,False,True,False,False,False,7
C20624,108,1,479.56,479.56,1,1,0,False,False,False,False,True,False,False,False,False,False,True,False,False,False,False,True,False,False,False,True,False,False,3
C27070,267,4,653.13,2612.52,8,1,0,False,False,True,False,False,False,False,False,True,False,False,False,False,False,False,False,True,False,False,False,True,False,0
C18826,672,3,481.1,1443.3,3,1,0,False,False,False,True,False,False,False,False,True,False,False,False,False,False,False,True,False,False,True,False,False,False,8
C23899,97,5,271.69,1358.45,7,1,0,False,True,False,False,False,False,False,False,False,False,False,True,False,False,False,True,False,False,False,False,True,False,6
C43249,115,3,463.81,1391.43,8,1,0,False,False,False,False,False,True,False,False,False,False,False,True,False,False,False,True,False,True,False,False,False,False,4
C95856,768,2,639.88,1279.76,5,1,1,False,False,False,False,False,False,True,True,False,False,False,False,False,True,False,False,False,False,False,False,True,False,5
C86266,342,4,404.58,1618.32,5,1,0,True,False,False,False,False,False,False,True,False,False,False,False,False,False,False,False,True,False,False,False,True,False,1
C39551,877,1,76.93,76.93,6,1,1,False,False,False,True,False,False,False,False,False,True,False,False,False,True,False,False,False,False,False,False,True,False,5
C90310,202,4,190.64,762.56,5,1,1,False,False,False,False,False,False,True,True,False,False,False,False,False,True,False,False,False,True,False,False,False,False,7
C20124,561,2,88.73,177.46,5,0,0,False,False,False,False,False,True,False,False,False,False,False,True,False,False,True,False,False,False,False,True,False,False,4
C63372,476,5,485.71,2428.55,10,1,0,True,False,False,False,False,False,False,False,False,False,False,True,False,False,True,False,False,False,False,False,False,True,1
C90595,109,5,78.29,391.45,5,1,0,False,False,False,False,True,False,False,False,True,False,False,False,False,False,False,False,True,False,False,False,False,True,3
C98483,446,5,22.14,110.7,10,0,0,False,False,False,False,False,True,False,True,False,False,False,False,False,False,False,True,False,False,False,False,True,False,4
C16429,462,1,679.65,679.65,6,1,0,False,True,False,False,False,False,False,False,False,True,False,False,False,False,False,False,True,False,False,True,False,False,6
C31810,880,1,178.44,178.44,2,1,0,False,False,False,False,True,False,False,False,True,False,False,False,True,False,False,False,False,False,False,True,False,False,3
C88029,17,5,655.55,3277.75,5,0,1,True,False,False,False,False,False,False,False,False,False,False,True,False,True,False,False,False,True,False,False,False,False,7
C57798,446,4,577.08,2308.32,8,0,0,False,True,False,False,False,False,False,False,False,False,False,True,False,False,True,False,False,False,True,False,False,False,6
C82858,677,3,197.97,593.91,5,0,0,True,False,False,False,False,False,False,False,False,False,False,True,True,False,False,False,False,False,False,True,False,False,1
C60699,534,3,411.95,1235.85,7,1,1,True,False,False,False,False,False,False,False,True,False,False,False,False,True,False,False,False,False,False,False,False,True,7
C94658,285,2,443.22,886.44,5,0,1,False,False,False,False,False,True,False,False,True,False,False,False,False,True,False,False,False,False,True,False,False,False,5
C78305,55,3,364.14,1092.42,7,1,0,False,False,True,False,False,False,False,False,False,False,False,True,False,False,True,False,False,False,False,False,False,True,0
C43538,49,3,430.06,1290.18,8,1,0,False,True,False,False,False,False,False,False,False,False,True,False,True,False,False,False,False,False,False,False,True,False,6
C47486,209,1,320.92,320.92,5,1,0,True,False,False,False,False,False,False,False,False,False,False,True,False,False,False,True,False,False,True,False,False,False,1
C24212,632,3,107.36,322.08,5,1,1,False,False,False,False,True,False,False,False,False,False,True,False,False,True,False,False,False,False,False,True,False,False,5
C24765,362,2,359.86,719.72,4,0,0,False,True,False,False,False,False,False,False,False,True,False,False,True,False,False,False,False,False,False,False,False,True,6
C48176,225,4,434.23,1736.92,8,1,0,False,False,False,False,False,True,False,False,False,False,False,True,False,False,False,False,True,True,False,False,False,False,4
C54675,912,2,645.85,1291.7,5,0,0,True,False,False,False,False,False,False,False,False,False,False,True,False,False,False,False,True,False,False,False,False,True,1
C16675,22,4,214.35,857.4,7,1,0,False,False,False,False,False,True,False,False,False,True,False,False,True,False,False,False,False,False,False,False,False,True,4
C38557,65,3,638.5,1915.5,4,1,0,False,False,False,True,False,False,False,False,False,True,False,False,True,False,False,False,False,False,False,False,True,False,8
C80183,567,1,365.57,365.57,5,1,0,False,False,True,False,False,False,False,False,False,False,False,True,True,False,False,False,False,True,False,False,False,False,0
C39530,250,3,568.05,1704.15,6,1,0,False,True,False,False,False,False,False,False,False,False,True,False,False,False,True,False,False,False,False,True,False,False,6
C10002,624,3,490.01,1470.03,4,1,0,False,False,False,False,False,True,False,True,False,False,False,False,False,False,False,True,False,False,True,False,False,False,4
C56938,18,3,372.6,1117.8,7,1,1,False,False,True,False,False,False,False,False,True,False,False,False,False,True,False,False,False,False,False,False,False,True,5
C41331,768,5,240.61,1203.05,10,1,0,False,False,False,True,False,False,False,False,True,False,False,False,False,False,False,False,True,True,False,False,False,False,8
C94698,393,1,586.62,586.62,5,0,0,False,False,False,False,True,False,False,False,False,True,False,False,False,False,False,False,True,False,True,False,False,False,3
C56506,478,3,257.84,773.52,4,0,1,False,False,False,False,True,False,False,False,False,False,False,True,False,True,False,False,False,False,False,False,True,False,5
C22167,681,5,435.66,2178.3,9,0,0,False,False,False,False,False,False,True,False,False,False,False,True,False,False,True,False,False,False,True,False,False,False,2
C11127,307,5,261.33,1306.65,5,1,0,True,False,False,False,False,False,False,False,True,False,False,False,False,False,False,True,False,False,False,False,False,True,1
C69542,525,1,422.54,422.54,1,1,1,False,False,False,False,False,True,False,True,False,False,False,False,False,True,False,False,False,False,False,True,False,False,5
C93276,835,5,330.45,1652.25,10,1,0,False,True,False,False,False,False,False,False,False,False,True,False,False,False,False,False,True,False,False,True,False,False,6
C37969,577,3,120.82,362.46,5,1,0,False,True,False,False,False,False,False,False,True,False,False,False,False,False,False,False,True,False,False,False,False,True,6
C98276,407,1,14.06,14.06,5,1,0,False,False,False,False,True,False,False,False,True,False,False,False,False,False,True,False,False,False,False,False,False,True,3
C14240,790,1,491.11,491.11,4,1,1,False,True,False,False,False,False,False,False,True,False,False,False,False,True,False,False,False,False,True,False,False,False,5
C72241,793,4,677.37,2709.48,8,1,0,False,False,False,True,False,False,False,True,False,False,False,False,False,False,True,False,False,False,False,True,False,False,8
C39664,340,5,189.25,946.25,10,1,0,False,True,False,False,False,False,False,False,False,True,False,False,True,False,False,False,False,True,False,False,False,False,6
C53252,401,4,142.58,570.32,4,1,1,False,False,False,False,False,True,False,True,False,False,False,False,False,True,False,False,False,False,True,False,False,False,7
C70452,367,4,316.32,1265.28,7,0,1,False,False,False,True,False,False,False,False,False,True,False,False,False,True,False,False,False,False,True,False,False,False,7
C29905,471,2,533.95,1067.9,5,1,1,False,True,False,False,False,False,False,False,False,False,False,True,False,True,False,False,False,False,False,True,False,False,5
C78725,30,4,470.09,1880.36,4,1,1,False,False,False,False,True,False,False,False,False,True,False,False,False,True,False,False,False,False,False,True,False,False,5
C93768,411,3,324.3,972.9000000000001,8,1,0,False,False,False,False,False,False,True,False,False,True,False,False,False,False,True,False,False,True,False,False,False,False,2
C59169,722,4,629.34,2517.36,7,0,0,True,False,False,False,False,False,False,True,False,False,False,False,False,False,False,False,True,True,False,False,False,False,1
C53488,415,3,136.84,410.52,3,1,1,False,True,False,False,False,False,False,True,False,False,False,False,False,True,False,False,False,False,True,False,False,False,5
C92180,609,2,488.9,977.8,7,1,1,True,False,False,False,False,False,False,True,False,False,False,False,False,True,False,False,False,False,True,False,False,False,7
C25918,698,5,133.39,666.9499999999999,6,1,1,False,False,True,False,False,False,False,False,True,False,False,False,False,True,False,False,False,False,False,False,False,True,7
C90363,387,5,608.91,3044.55,6,1,0,True,False,False,False,False,False,False,False,False,False,True,False,False,False,True,False,False,False,False,True,False,False,1
C43867,341,1,524.06,524.06,3,1,0,False,False,False,False,False,False,True,False,False,True,False,False,False,False,True,False,False,True,False,False,False,False,2
C73873,761,2,330.69,661.38,5,1,0,False,True,False,False,False,False,False,False,False,False,False,True,True,False,False,False,False,False,False,True,False,False,6
C56622,84,2,547.67,1095.34,3,0,0,False,False,False,False,True,False,False,False,False,False,True,False,False,False,False,False,True,False,False,False,True,False,3
C85074,111,4,233.7,934.8,8,1,0,False,False,True,False,False,False,False,False,False,False,False,True,False,False,False,False,True,False,True,False,False,False,0
C59579,910,2,448.85,897.7,6,0,0,False,False,False,False,False,False,True,False,True,False,False,False,False,False,True,False,False,False,False,False,True,False,2
C43335,3,2,274.12,548.24,6,1,1,False,False,False,False,True,False,False,True,False,False,False,False,False,True,False,False,False,False,False,False,False,True,5
C43595,49,5,561.48,2807.4,9,1,1,False,False,False,False,False,True,False,False,False,False,False,True,False,True,False,False,False,False,True,False,False,False,7
C71471,412,1,595.54,595.54,4,0,0,True,False,False,False,False,False,False,False,False,False,True,False,False,False,False,False,True,False,False,False,True,False,1
C61090,450,4,515.59,2062.36,7,1,0,False,False,True,False,False,False,False,False,True,False,False,False,False,False,False,False,True,False,False,True,False,False,0
C29620,615,1,460.13,460.13,1,0,0,False,False,False,False,True,False,False,False,True,False,False,False,False,False,False,True,False,False,False,True,False,False,3
C67932,194,3,171.66,514.98,7,0,1,True,False,False,False,False,False,False,False,False,True,False,False,False,True,False,False,False,False,False,True,False,False,7
C14427,343,2,266.95,533.9,3,0,0,False,False,True,False,False,False,False,False,True,False,False,False,False,False,True,False,False,False,False,False,True,False,0
C36725,247,5,650.72,3253.6,8,1,0,False,False,False,True,False,False,False,False,True,False,False,False,True,False,False,False,False,True,False,False,False,False,8
C51921,690,3,439.53,1318.59,5,0,0,False,False,True,False,False,False,False,False,False,True,False,False,False,False,True,False,False,False,False,True,False,False,0
C36534,598,3,654.54,1963.62,7,1,0,False,False,False,True,False,False,False,True,False,False,False,False,False,False,False,True,False,False,False,False,False,True,8
C72043,392,1,394.53,394.53,2,1,0,False,True,False,False,False,False,False,True,False,False,False,False,False,False,False,False,True,False,False,False,False,True,6
C99533,833,1,678.01,678.01,4,1,0,False,False,False,True,False,False,False,True,False,False,False,False,False,False,True,False,False,False,False,False,False,True,8
C90852,770,3,575.01,1725.03,8,1,0,False,False,False,False,False,False,True,False,False,False,False,True,True,False,False,False,False,False,False,False,True,False,2
C81882,600,3,154.64,463.92,6,1,0,True,False,False,False,False,False,False,False,False,True,False,False,False,False,True,False,False,False,True,False,False,False,1
C85466,256,3,147.29,441.87,3,1,0,False,True,False,False,False,False,False,False,False,False,True,False,False,False,False,False,True,False,False,True,False,False,6
C87995,301,4,481.48,1925.92,5,1,1,False,False,True,False,False,False,False,False,False,False,True,False,False,True,False,False,False,False,False,False,True,False,7
C44619,118,3,158.37,475.11,6,0,0,False,False,False,True,False,False,False,True,False,False,False,False,False,False,False,False,True,False,False,False,False,True,8
C99904,69,2,323.37,646.74,3,1,0,False,False,False,False,False,True,False,False,False,False,False,True,False,False,True,False,False,False,False,False,True,False,4
C52342,144,5,73.83,369.15,9,0,0,False,False,True,False,False,False,False,False,False,True,False,False,False,False,True,False,False,False,False,False,True,False,0
C44277,429,1,458.63,458.63,4,1,0,False,False,False,False,False,False,True,False,False,True,False,False,False,False,False,True,False,False,False,False,False,True,2
C61162,353,4,180.25,721.0,7,0,0,False,False,False,True,False,False,False,False,False,True,False,False,True,False,False,False,False,False,True,False,False,False,8
C80868,776,3,473.49,1420.47,7,0,0,False,False,False,True,False,False,False,False,True,False,False,False,False,False,True,False,False,True,False,False,False,False,8
C16693,146,4,237.43,949.72,8,1,0,False,False,False,True,False,False,False,True,False,False,False,False,True,False,False,False,False,False,False,False,False,True,8
C67818,586,1,442.39,442.39,6,1,0,False,False,True,False,False,False,False,False,False,False,True,False,False,False,True,False,False,False,True,False,False,False,0
C49938,301,1,62.12,62.12,2,0,0,False,False,False,True,False,False,False,True,False,False,False,False,False,False,False,True,False,True,False,False,False,False,8
C90898,331,5,298.39,1491.95,7,1,0,False,True,False,False,False,False,False,False,False,False,True,False,True,False,False,False,False,False,False,False,False,True,6
C35117,56,2,697.93,1395.86,2,1,0,False,True,False,False,False,False,False,False,True,False,False,False,True,False,False,False,False,False,False,True,False,False,6
C60203,400,2,291.85,583.7,5,1,0,False,False,False,False,False,False,True,True,False,False,False,False,False,False,False,False,True,False,False,False,True,False,2
C36174,396,3,308.98,926.94,3,1,1,False,False,False,False,False,True,False,True,False,False,False,False,False,True,False,False,False,False,False,False,True,False,5
C80872,322,5,396.86,1984.3,9,1,0,False,True,False,False,False,False,False,True,False,False,False,False,True,False,False,False,False,False,False,False,True,False,6
C67604,526,2,139.69,279.38,7,1,0,False,True,False,False,False,False,False,False,False,False,False,True,False,False,False,True,False,True,False,False,False,False,6
C45599,866,5,475.95,2379.75,8,1,0,False,False,False,False,False,True,False,False,True,False,False,False,False,False,False,True,False,False,True,False,False,False,4
C70352,141,1,626.6,626.6,4,1,0,False,True,False,False,False,False,False,False,False,False,True,False,False,False,False,True,False,False,True,False,False,False,6
C20643,501,4,502.99,2011.96,4,1,0,False,False,True,False,False,False,False,False,False,True,False,False,False,False,False,False,True,False,False,False,False,True,0
C35669,375,5,578.83,2894.15,6,0,0,False,False,False,False,False,True,False,True,False,False,False,False,False,False,False,True,False,False,False,False,False,True,4
C65524,162,5,383.82,1919.1,7,1,0,False,False,True,False,False,False,False,False,True,False,False,False,False,False,False,True,False,False,False,True,False,False,0
C74359,7,5,368.25,1841.25,5,0,1,False,False,True,False,False,False,False,False,False,False,False,True,False,True,False,False,False,False,False,False,True,False,7
C92086,144,2,374.6,749.2,3,1,0,False,False,False,False,False,True,False,False,False,False,False,True,False,False,False,False,True,False,False,False,False,True,4
C26137,111,2,428.09,856.18,6,0,0,False,False,False,False,False,False,True,False,True,False,False,False,False,False,False,True,False,False,False,False,True,False,2
C90573,708,1,438.93,438.93,3,1,0,False,False,False,False,False,False,True,False,False,False,True,False,True,False,False,False,False,False,False,False,False,True,2
C81857,379,2,563.82,1127.64,3,0,0,False,True,False,False,False,False,False,False,True,False,False,False,False,False,True,False,False,False,False,False,True,False,6
C91582,871,3,649.93,1949.79,7,1,0,False,False,False,False,False,True,False,False,True,False,False,False,False,False,True,False,False,False,True,False,False,False,4
C81319,101,5,268.43,1342.15,5,1,0,False,False,False,False,False,True,False,True,False,False,False,False,False,False,False,True,False,True,False,False,False,False,4
C78500,193,5,502.47,2512.35,10,1,0,False,False,False,True,False,False,False,False,False,False,False,True,False,False,False,False,True,True,False,False,False,False,8
C67533,468,1,26.95,26.95,1,1,1,False,True,False,False,False,False,False,True,False,False,False,False,False,True,False,False,False,True,False,False,False,False,5
C35566,868,4,64.69,258.76,7,1,0,False,False,True,False,False,False,False,False,False,True,False,False,False,False,False,False,True,False,False,True,False,False,0
C77166,418,3,247.11,741.33,3,1,0,False,False,True,False,False,False,False,False,False,True,False,False,False,False,False,True,False,False,False,False,False,True,0
C67936,258,2,536.25,1072.5,3,0,0,False,False,False,False,False,False,True,False,False,True,False,False,False,False,True,False,False,True,False,False,False,False,2
C59554,197,2,456.04,912.08,4,1,0,False,False,False,False,True,False,False,False,False,True,False,False,False,False,False,True,False,True,False,False,False,False,3
C14005,547,2,40.23,80.46,4,1,0,False,False,False,False,False,True,False,False,True,False,False,False,True,False,False,False,False,False,False,True,False,False,4
C26118,828,2,72.39,144.78,7,1,1,False,False,True,False,False,False,False,False,False,False,False,True,False,True,False,False,False,False,False,False,True,False,5
C59685,887,2,394.16,788.32,2,0,0,False,False,False,True,False,False,False,False,False,False,False,True,False,False,False,False,True,False,False,False,False,True,8
C40304,30,4,119.84,479.36,8,1,0,False,False,True,False,False,False,False,False,False,False,True,False,False,False,False,False,True,False,False,False,False,True,0
C39593,585,3,692.71,2078.13,3,1,1,False,False,False,False,True,False,False,False,True,False,False,False,False,True,False,False,False,False,False,False,True,False,5
C50612,536,4,56.66,226.64,4,1,1,True,False,False,False,False,False,False,False,False,False,False,True,False,True,False,False,False,False,False,False,True,False,5
C39791,532,2,298.53,597.06,5,1,0,True,False,False,False,False,False,False,False,False,True,False,False,True,False,False,False,False,True,False,False,False,False,1
C39017,720,3,331.46,994.3799999999999,6,1,0,True,False,False,False,False,False,False,False,True,False,False,False,True,False,False,False,False,False,False,False,False,True,1
C48510,76,2,521.4,1042.8,7,1,1,False,False,True,False,False,False,False,True,False,False,False,False,False,True,False,False,False,False,False,False,True,False,5
C74003,827,4,305.32,1221.28,4,1,0,False,False,False,False,False,True,False,False,False,False,False,True,True,False,False,False,False,False,False,True,False,False,4
C91155,715,5,111.7,558.5,9,1,0,False,False,False,False,False,True,False,False,True,False,False,False,True,False,False,False,False,True,False,False,False,False,4
C17591,641,1,479.76,479.76,1,0,0,False,False,False,False,False,False,True,False,True,False,False,False,False,False,True,False,False,True,False,False,False,False,2
C43330,552,3,193.49,580.47,6,1,0,False,False,False,True,False,False,False,False,False,False,True,False,False,False,False,True,False,False,True,False,False,False,8
C32687,197,2,426.22,852.44,7,1,1,False,False,True,False,False,False,False,False,False,False,False,True,False,True,False,False,False,False,False,True,False,False,5
C79722,681,5,276.44,1382.2,10,1,0,False,False,False,False,False,False,True,False,False,False,True,False,False,False,False,False,True,False,False,False,False,True,2
C65021,423,2,404.96,809.92,4,1,0,False,False,False,False,True,False,False,True,False,False,False,False,False,False,False,False,True,True,False,False,False,False,3
C85520,663,4,465.66,1862.64,9,1,0,False,False,False,False,True,False,False,False,False,False,False,True,False,False,False,True,False,True,False,False,False,False,3
C94569,375,2,594.07,1188.14,2,0,0,False,False,False,False,True,False,False,False,False,False,True,False,True,False,False,False,False,False,False,True,False,False,3
C55778,600,5,110.38,551.9,10,0,0,False,True,False,False,False,False,False,True,False,False,False,False,False,False,True,False,False,False,False,False,False,True,6
C19722,396,1,596.24,596.24,4,1,0,False,False,True,False,False,False,False,False,True,False,False,False,False,False,False,True,False,False,False,False,True,False,0
C74928,344,2,306.24,612.48,4,1,0,False,False,False,False,False,True,False,False,False,False,False,True,False,False,False,True,False,True,False,False,False,False,4
C49111,124,3,503.39,1510.17,5,0,0,False,False,False,True,False,False,False,False,False,False,False,True,False,False,True,False,False,False,True,False,False,False,8
C43721,876,1,131.61,131.61,2,1,0,False,False,False,False,True,False,False,True,False,False,False,False,False,False,False,False,True,False,True,False,False,False,3
C68609,252,3,443.44,1330.32,3,1,0,True,False,False,False,False,False,False,False,False,False,True,False,False,False,False,False,True,False,False,True,False,False,1
C82068,890,1,408.13,408.13,3,1,0,True,False,False,False,False,False,False,False,False,False,True,False,False,False,False,False,True,False,False,False,True,False,1
C21191,446,2,160.98,321.96,3,1,1,False,False,False,False,True,False,False,False,False,True,False,False,False,True,False,False,False,False,False,False,False,True,5
C73575,901,5,643.89,3219.45,8,1,0,False,False,False,True,False,False,False,True,False,False,False,False,False,False,False,True,False,False,True,False,False,False,8
C82685,780,3,158.66,475.98,7,1,1,False,True,False,False,False,False,False,False,False,False,True,False,False,True,False,False,False,True,False,False,False,False,7
C73996,444,2,143.82,287.64,6,1,0,False,False,False,False,False,False,True,False,True,False,False,False,False,False,False,True,False,False,False,False,True,False,2
C87687,568,3,379.07,1137.21,3,1,0,False,False,True,False,False,False,False,False,False,False,True,False,False,False,True,False,False,False,False,True,False,False,0
C55464,232,1,601.36,601.36,1,0,0,False,False,False,False,True,False,False,False,False,False,False,True,False,False,False,False,True,False,True,False,False,False,3
C12459,298,2,142.08,284.16,4,1,1,False,False,False,False,True,False,False,False,False,False,True,False,False,True,False,False,False,False,False,False,False,True,5
C88075,477,5,530.34,2651.7,9,1,0,True,False,False,False,False,False,False,False,False,False,False,True,False,False,False,False,True,False,False,True,False,False,1
C18583,681,5,364.42,1822.1,10,1,0,False,False,False,False,True,False,False,False,True,False,False,False,True,False,False,False,False,False,False,False,False,True,3
C70412,13,4,578.28,2313.12,5,1,0,False,False,True,False,False,False,False,False,False,False,True,False,True,False,False,False,False,True,False,False,False,False,0
C58503,42,5,280.52,1402.6,7,1,0,False,False,False,True,False,False,False,False,True,False,False,False,True,False,False,False,False,False,True,False,False,False,8
C52879,56,5,638.92,3194.6,5,1,0,False,False,False,False,False,False,True,False,True,False,False,False,False,False,False,True,False,False,False,True,False,False,2
C67870,509,4,412.2,1648.8,6,1,0,False,False,False,True,False,False,False,False,True,False,False,False,False,False,False,False,True,False,False,False,False,True,8
C19439,26,1,440.34,440.34,2,1,0,False,True,False,False,False,False,False,False,False,False,True,False,False,False,False,False,True,False,True,False,False,False,6
C72664,297,1,627.15,627.15,5,1,1,False,True,False,False,False,False,False,True,False,False,False,False,False,True,False,False,False,False,False,False,True,False,5
C32650,400,2,605.26,1210.52,4,1,0,False,False,False,True,False,False,False,True,False,False,False,False,True,False,False,False,False,False,False,False,False,True,8
C66438,387,1,90.27,90.27,5,1,1,False,False,True,False,False,False,False,True,False,False,False,False,False,True,False,False,False,False,True,False,False,False,5
C70010,22,5,230.77,1153.85,10,1,0,False,True,False,False,False,False,False,False,False,False,False,True,False,False,True,False,False,False,False,False,False,True,6
C30722,643,5,266.78,1333.9,5,0,0,False,True,False,False,False,False,False,False,False,False,True,False,True,False,False,False,False,True,False,False,False,False,6
C70529,775,1,105.92,105.92,6,1,0,False,True,False,False,False,False,False,False,False,False,True,False,False,False,False,True,False,True,False,False,False,False,6
C18984,453,3,589.3,1767.9,6,1,0,False,False,False,False,False,False,True,False,True,False,False,False,False,False,False,True,False,False,False,False,False,True,2
C85841,885,4,649.47,2597.88,8,1,0,True,False,False,False,False,False,False,True,False,False,False,False,False,False,True,False,False,False,False,True,False,False,1
C41508,371,4,107.49,429.96,5,0,1,False,False,False,False,False,True,False,True,False,False,False,False,False,True,False,False,False,False,False,True,False,False,5
C75018,762,3,669.06,2007.18,7,1,1,False,False,False,True,False,False,False,True,False,False,False,False,False,True,False,False,False,False,True,False,False,False,7
C84320,626,3,69.65,208.95,7,1,1,True,False,False,False,False,False,False,True,False,False,False,False,False,True,False,False,False,False,False,False,True,False,5
C12609,583,4,136.83,547.32,8,1,0,False,False,False,False,True,False,False,False,False,True,False,False,False,False,True,False,False,True,False,False,False,False,3
C64935,298,1,304.11,304.11,2,1,0,False,False,False,True,False,False,False,False,False,False,True,False,False,False,False,False,True,False,False,False,False,True,8
C67528,219,4,296.28,1185.12,5,1,0,False,False,False,True,False,False,False,False,False,False,True,False,False,False,False,False,True,True,False,False,False,False,8
C44176,123,1,77.64,77.64,1,1,0,False,True,False,False,False,False,False,False,True,False,False,False,False,False,False,False,True,False,True,False,False,False,6
C92788,346,1,243.71,243.71,6,1,1,False,True,False,False,False,False,False,False,False,False,True,False,False,True,False,False,False,False,False,True,False,False,5
C69213,297,4,644.96,2579.84,7,1,0,False,False,True,False,False,False,False,False,True,False,False,False,False,False,True,False,False,True,False,False,False,False,0
C67387,26,5,283.73,1418.65,8,1,0,False,False,False,False,True,False,False,False,False,False,True,False,False,False,True,False,False,False,False,False,True,False,3
C90318,147,2,629.56,1259.12,5,1,0,False,True,False,False,False,False,False,False,False,False,True,False,True,False,False,False,False,False,False,False,True,False,6
C49995,831,4,246.11,984.44,4,1,0,False,False,True,False,False,False,False,False,True,False,False,False,False,False,True,False,False,False,False,False,True,False,0
C52313,590,2,418.26,836.52,2,1,0,False,False,False,False,True,False,False,False,False,True,False,False,False,False,True,False,False,False,False,True,False,False,3
C10211,418,5,127.18,635.9000000000001,10,1,0,False,True,False,False,False,False,False,False,False,True,False,False,True,False,False,False,False,False,False,True,False,False,6
C97907,308,3,586.21,1758.63,4,1,0,False,False,False,False,False,True,False,False,False,False,True,False,False,False,True,False,False,False,False,False,False,True,4
C61384,451,3,267.45,802.3499999999999,5,1,1,False,False,False,True,False,False,False,False,False,False,True,False,False,True,False,False,False,False,False,False,True,False,5
C27613,369,4,615.65,2462.6,9,1,1,False,False,False,False,False,False,True,False,False,True,False,False,False,True,False,False,False,False,False,True,False,False,7
C99271,591,2,113.29,226.58,5,1,0,False,False,False,True,False,False,False,True,False,False,False,False,False,False,True,False,False,False,True,False,False,False,8
C28648,429,4,473.86,1895.44,7,1,1,False,False,False,True,False,False,False,False,False,True,False,False,False,True,False,False,False,False,True,False,False,False,7
C26210,582,3,444.75,1334.25,6,1,1,False,False,True,False,False,False,False,True,False,False,False,False,False,True,False,False,False,False,True,False,False,False,7
C90350,774,2,183.67,367.34,6,1,0,False,False,False,False,True,False,False,False,False,True,False,False,True,False,False,False,False,False,False,True,False,False,3
C61957,555,1,483.38,483.38,6,1,0,False,False,False,False,False,True,False,True,False,False,False,False,False,False,True,False,False,False,False,True,False,False,4
C90132,741,5,260.93,1304.65,9,1,1,False,False,False,False,False,True,False,False,False,False,False,True,False,True,False,False,False,True,False,False,False,False,7
C31371,571,2,253.68,507.36,6,0,0,False,False,False,False,False,True,False,False,False,False,True,False,False,False,False,False,True,False,False,False,False,True,4
C83911,12,4,699.88,2799.52,5,1,0,False,False,False,False,False,False,True,True,False,False,False,False,False,False,True,False,False,False,False,False,False,True,2
C84700,902,5,319.97,1599.85,7,1,0,False,False,False,False,False,True,False,True,False,False,False,False,False,False,False,False,True,False,False,True,False,False,4
C87529,22,4,246.91,987.64,8,1,0,True,False,False,False,False,False,False,False,False,False,False,True,False,False,True,False,False,False,False,False,False,True,1
C38065,852,3,392.85,1178.55,6,0,0,False,False,False,False,False,True,False,False,True,False,False,False,False,False,False,True,False,False,False,True,False,False,4
C27435,400,5,420.98,2104.9,7,1,1,False,False,False,False,False,False,True,True,False,False,False,False,False,True,False,False,False,False,True,False,False,False,7
C46651,468,2,73.26,146.52,4,1,0,False,False,False,True,False,False,False,True,False,False,False,False,False,False,True,False,False,False,True,False,False,False,8
C62557,900,3,410.88,1232.64,8,1,1,False,False,False,True,False,False,False,True,False,False,False,False,False,True,False,False,False,False,False,False,True,False,7
C54494,668,2,176.46,352.92,2,1,1,False,False,False,False,False,False,True,False,True,False,False,False,False,True,False,False,False,True,False,False,False,False,5
C33729,823,3,659.57,1978.71,6,1,0,False,False,False,True,False,False,False,False,True,False,False,False,True,False,False,False,False,True,False,False,False,False,8
C47823,210,2,478.36,956.72,3,0,0,False,False,False,False,True,False,False,False,False,False,False,True,False,False,False,False,True,False,False,True,False,False,3
C84570,210,4,30.05,120.2,6,0,0,False,False,False,False,False,True,False,False,False,False,False,True,False,False,False,True,False,False,True,False,False,False,4
C91123,66,4,300.56,1202.24,9,1,0,False,False,True,False,False,False,False,True,False,False,False,False,True,False,False,False,False,False,True,False,False,False,0
C92548,513,5,226.45,1132.25,6,1,0,False,False,False,False,False,False,True,False,False,True,False,False,False,False,False,True,False,True,False,False,False,False,2
C97454,522,2,349.4,698.8,2,1,0,False,False,False,False,False,True,False,False,False,False,False,True,False,False,False,False,True,False,False,False,True,False,4
C20257,550,5,268.78,1343.9,7,1,1,False,False,False,False,False,False,True,False,False,True,False,False,False,True,False,False,False,True,False,False,False,False,7
C51694,310,2,680.85,1361.7,6,1,1,True,False,False,False,False,False,False,False,False,False,True,False,False,True,False,False,False,False,False,False,False,True,7
C77499,724,3,182.48,547.4399999999999,3,0,1,False,False,True,False,False,False,False,True,False,False,False,False,False,True,False,False,False,False,False,False,True,False,5
C28386,451,1,277.09,277.09,2,1,0,False,True,False,False,False,False,False,True,False,False,False,False,False,False,False,True,False,False,False,False,False,True,6
C50211,435,2,26.5,53.0,3,1,1,False,False,False,False,False,False,True,False,False,False,False,True,False,True,False,False,False,False,False,False,True,False,5
C74519,617,3,315.27,945.81,4,1,0,False,False,False,False,True,False,False,False,True,False,False,False,True,False,False,False,False,True,False,False,False,False,3
C19071,127,3,450.98,1352.94,8,1,0,False,False,False,False,False,False,True,False,True,False,False,False,False,False,False,False,True,False,False,False,False,True,2
C65251,281,5,233.67,1168.35,10,0,0,False,False,True,False,False,False,False,True,False,False,False,False,False,False,False,False,True,False,False,False,False,True,0
C90612,519,3,367.75,1103.25,7,1,0,True,False,False,False,False,False,False,True,False,False,False,False,False,False,True,False,False,False,True,False,False,False,1
C28406,45,1,23.53,23.53,2,1,1,True,False,False,False,False,False,False,False,False,False,True,False,False,True,False,False,False,False,False,False,True,False,5
C55454,792,1,677.48,677.48,1,1,1,False,False,False,True,False,False,False,False,False,False,False,True,False,True,False,False,False,False,True,False,False,False,5
C93467,406,4,554.83,2219.32,6,0,0,False,False,True,False,False,False,False,True,False,False,False,False,False,False,False,True,False,False,False,True,False,False,0
C60042,865,4,440.31,1761.24,6,0,0,False,True,False,False,False,False,False,True,False,False,False,False,True,False,False,False,False,False,False,False,True,False,6
C44733,122,1,87.06,87.06,4,1,0,False,True,False,False,False,False,False,False,True,False,False,False,False,False,False,False,True,True,False,False,False,False,6
C61773,638,4,245.28,981.12,6,1,1,False,False,False,False,True,False,False,False,True,False,False,False,False,True,False,False,False,True,False,False,False,False,7
C59183,854,5,664.51,3322.55,8,1,0,False,False,False,False,True,False,False,False,False,True,False,False,False,False,True,False,False,True,False,False,False,False,3
C26188,803,1,618.68,618.68,6,1,1,True,False,False,False,False,False,False,False,False,False,False,True,False,True,False,False,False,False,False,False,False,True,5
C20338,189,1,370.85,370.85,2,1,1,False,False,False,True,False,False,False,False,False,False,True,False,False,True,False,False,False,False,False,False,False,True,5
C84524,380,4,517.98,2071.92,8,1,0,False,False,False,False,False,True,False,True,False,False,False,False,True,False,False,False,False,False,True,False,False,False,4
C70315,597,4,506.11,2024.44,5,0,0,False,False,True,False,False,False,False,True,False,False,False,False,True,False,False,False,False,False,False,False,False,True,0
C98278,396,3,413.83,1241.49,8,1,0,False,False,False,False,True,False,False,False,False,False,True,False,False,False,False,False,True,False,True,False,False,False,3
C32347,566,1,249.81,249.81,1,1,0,False,False,False,False,False,True,False,True,False,False,False,False,False,False,True,False,False,False,False,True,False,False,4
C77961,108,3,362.53,1087.59,5,0,0,False,False,False,False,False,False,True,False,False,True,False,False,False,False,False,True,False,False,True,False,False,False,2
C49137,3,2,299.23,598.46,2,1,0,False,True,False,False,False,False,False,False,True,False,False,False,True,False,False,False,False,False,False,False,True,False,6
C13169,594,1,536.07,536.07,5,1,1,False,False,False,False,False,False,True,False,False,True,False,False,False,True,False,False,False,False,False,True,False,False,5
C21167,871,4,558.9,2235.6,9,1,0,False,False,False,True,False,False,False,False,False,False,True,False,False,False,False,False,True,False,False,True,False,False,8
C59724,204,2,409.75,819.5,2,1,0,False,False,False,False,False,False,True,False,False,True,False,False,False,False,False,False,True,False,True,False,False,False,2
C43965,171,2,179.96,359.92,5,0,0,False,False,False,False,False,False,True,False,False,False,True,False,False,False,False,False,True,False,False,False,True,False,2
C63018,9,1,38.49,38.49,4,1,1,False,False,False,False,False,True,False,False,True,False,False,False,False,True,False,False,False,False,False,False,False,True,5
C11893,284,5,316.4,1582.0,7,0,0,False,False,True,False,False,False,False,False,False,False,True,False,False,False,False,True,False,True,False,False,False,False,0
C85421,267,3,547.15,1641.45,4,1,0,False,False,False,False,False,False,True,False,False,False,False,True,False,False,False,False,True,False,False,False,True,False,2
C81726,739,4,540.34,2161.36,6,1,0,True,False,False,False,False,False,False,False,False,False,True,False,False,False,False,False,True,False,False,False,False,True,1
C57601,295,4,73.65,294.6,9,0,0,False,False,False,True,False,False,False,False,False,True,False,False,False,False,False,False,True,False,False,True,False,False,8
C60575,348,5,391.86,1959.3,6,0,0,False,True,False,False,False,False,False,False,True,False,False,False,False,False,False,False,True,False,False,False,True,False,6
C70659,681,5,69.7,348.5,9,0,0,False,False,True,False,False,False,False,False,False,False,False,True,False,False,False,True,False,False,False,False,True,False,0
C35043,118,5,26.43,132.15,5,1,0,False,False,False,True,False,False,False,False,False,False,True,False,False,False,False,False,True,False,True,False,False,False,8
C12301,659,1,531.74,531.74,1,1,0,False,False,False,False,False,False,True,False,False,False,False,True,False,False,False,False,True,False,False,True,False,False,2
C32798,289,2,496.62,993.24,2,1,0,False,False,False,False,True,False,False,False,False,False,False,True,False,False,True,False,False,False,False,False,True,False,3
C42949,580,1,660.66,660.66,3,1,1,False,False,False,False,False,True,False,False,False,True,False,False,False,True,False,False,False,False,False,False,True,False,5
C10787,617,4,274.82,1099.28,9,1,1,False,False,False,True,False,False,False,False,False,True,False,False,False,True,False,False,False,True,False,False,False,False,7
C26152,382,2,486.35,972.7,6,1,0,False,False,False,False,True,False,False,False,False,False,False,True,False,False,True,False,False,False,False,False,False,True,3
C46210,280,3,428.88,1286.64,3,1,0,False,False,True,False,False,False,False,False,False,True,False,False,False,False,False,False,True,False,True,False,False,False,0
C32943,662,2,412.14,824.28,2,1,0,False,True,False,False,False,False,False,False,True,False,False,False,False,False,False,True,False,False,False,False,True,False,6
C73629,282,1,265.64,265.64,3,1,0,False,True,False,False,False,False,False,False,True,False,False,False,False,False,False,True,False,False,False,False,True,False,6
C38024,420,2,273.43,546.86,7,1,0,False,False,False,False,False,False,True,True,False,False,False,False,False,False,False,False,True,False,False,False,False,True,2
C25445,153,5,131.7,658.5,8,1,0,False,False,True,False,False,False,False,True,False,False,False,False,False,False,False,False,True,False,False,True,False,False,0
C13501,678,5,85.52,427.6,5,0,0,True,False,False,False,False,False,False,False,False,False,True,False,True,False,False,False,False,False,True,False,False,False,1
C42108,377,2,320.68,641.36,5,1,0,False,True,False,False,False,False,False,False,True,False,False,False,False,False,False,False,True,False,False,False,False,True,6
C32121,139,4,198.81,795.24,9,1,0,False,False,True,False,False,False,False,True,False,False,False,False,False,False,False,True,False,False,False,False,False,True,0
C47778,610,5,666.8,3334.0,7,1,1,False,False,False,False,False,True,False,False,False,True,False,False,False,True,False,False,False,False,False,False,False,True,7
C10791,559,1,355.09,355.09,5,1,0,False,True,False,False,False,False,False,False,False,True,False,False,True,False,False,False,False,False,False,False,True,False,6
C78959,756,2,316.2,632.4,2,0,0,False,False,False,False,True,False,False,False,False,False,False,True,False,False,False,True,False,False,False,False,True,False,3
C29914,332,1,133.39,133.39,2,1,0,False,False,True,False,False,False,False,False,False,True,False,False,False,False,False,False,True,False,False,False,False,True,0
C70506,857,1,454.23,454.23,3,0,0,False,False,False,True,False,False,False,False,False,False,True,False,False,False,False,True,False,False,True,False,False,False,8
C46873,298,4,491.29,1965.16,6,0,0,False,True,False,False,False,False,False,False,False,True,False,False,False,False,True,False,False,True,False,False,False,False,6
C94037,7,2,255.14,510.28,2,0,0,False,False,False,False,True,False,False,True,False,False,False,False,False,False,False,False,True,False,False,True,False,False,3
C88644,856,1,392.61,392.61,4,1,0,False,False,False,True,False,False,False,False,False,False,True,False,True,False,False,False,False,False,False,False,False,True,8
C69471,263,4,362.06,1448.24,4,0,0,False,False,False,False,False,False,True,False,False,True,False,False,False,False,False,True,False,False,True,False,False,False,2
C21437,417,1,222.73,222.73,4,0,0,False,False,False,False,True,False,False,False,False,False,False,True,False,False,False,True,False,False,False,True,False,False,3
C40949,304,2,552.63,1105.26,7,1,1,False,False,False,True,False,False,False,False,False,True,False,False,False,True,False,False,False,False,False,False,True,False,5
C99116,785,4,686.61,2746.44,6,0,0,False,False,True,False,False,False,False,True,False,False,False,False,False,False,False,False,True,False,False,False,False,True,0
C57861,116,3,305.16,915.48,8,1,0,False,False,False,False,False,True,False,False,True,False,False,False,True,False,False,False,False,False,False,False,False,True,4
C62627,836,1,41.09,41.09,4,1,0,False,True,False,False,False,False,False,False,False,False,False,True,False,False,False,True,False,True,False,False,False,False,6
C89979,376,5,634.0,3170.0,8,0,1,False,False,False,False,True,False,False,False,False,False,True,False,False,True,False,False,False,True,False,False,False,False,7
C70613,893,5,464.74,2323.7,7,0,1,False,False,True,False,False,False,False,False,False,False,True,False,False,True,False,False,False,False,False,False,False,True,7
C55636,802,4,425.6,1702.4,5,1,0,False,False,False,True,False,False,False,False,True,False,False,False,False,False,True,False,False,False,False,True,False,False,8
C96595,634,3,573.22,1719.66,5,1,0,True,False,False,False,False,False,False,False,False,True,False,False,False,False,True,False,False,True,False,False,False,False,1
C68508,357,1,123.28,123.28,3,1,1,True,False,False,False,False,False,False,False,True,False,False,False,False,True,False,False,False,True,False,False,False,False,5
C45175,905,1,70.82,70.82,1,1,0,False,False,False,False,True,False,False,False,False,False,True,False,False,False,True,False,False,False,False,False,True,False,3
C28049,772,2,646.69,1293.38,7,1,0,False,False,False,False,False,True,False,False,False,True,False,False,False,False,False,False,True,False,False,False,True,False,4
C46967,556,2,513.42,1026.84,5,1,0,False,False,False,False,False,False,True,False,False,False,False,True,False,False,True,False,False,False,False,False,True,False,2
C84134,100,4,693.07,2772.28,8,1,0,False,False,True,False,False,False,False,False,False,False,False,True,False,False,False,False,True,False,False,False,True,False,0
C49831,579,3,491.43,1474.29,6,1,0,False,True,False,False,False,False,False,False,False,False,True,False,False,False,False,False,True,False,False,False,True,False,6
C13324,108,2,599.74,1199.48,2,0,0,False,False,False,False,False,False,True,False,False,False,True,False,False,False,False,False,True,False,False,False,True,False,2
C61225,857,2,650.25,1300.5,6,0,0,False,False,False,True,False,False,False,False,False,False,True,False,False,False,False,True,False,False,False,False,True,False,8
C16400,266,3,209.48,628.4399999999999,4,0,0,False,False,True,False,False,False,False,False,False,True,False,False,False,False,True,False,False,True,False,False,False,False,0
C38642,680,5,209.2,1046.0,6,1,1,False,False,True,False,False,False,False,False,False,True,False,False,False,True,False,False,False,True,False,False,False,False,7
C86773,753,4,197.36,789.44,9,1,0,False,False,False,False,True,False,False,False,False,False,True,False,False,False,False,True,False,False,False,False,True,False,3
C66093,734,4,648.91,2595.64,6,1,0,False,False,False,False,False,True,False,False,True,False,False,False,False,False,False,False,True,False,False,False,True,False,4
C33051,434,2,441.54,883.08,2,1,1,False,False,False,False,True,False,False,False,False,False,False,True,False,True,False,False,False,True,False,False,False,False,5
C18169,59,2,464.92,929.84,2,0,0,False,False,False,False,False,False,True,False,False,True,False,False,False,False,False,True,False,False,True,False,False,False,2
C81370,187,5,506.45,2532.25,7,1,0,False,False,False,True,False,False,False,False,False,False,True,False,False,False,False,False,True,False,False,True,False,False,8
C91103,745,4,255.86,1023.44,7,0,1,False,False,False,True,False,False,False,False,True,False,False,False,False,True,False,False,False,True,False,False,False,False,7
C21953,285,2,125.23,250.46,3,1,0,False,False,True,False,False,False,False,True,False,False,False,False,True,False,False,False,False,True,False,False,False,False,0
C15146,684,5,38.11,190.55,6,1,0,False,False,True,False,False,False,False,False,False,True,False,False,True,False,False,False,False,False,False,False,True,False,0
C43546,23,3,161.97,485.91,4,1,0,False,False,False,True,False,False,False,True,False,False,False,False,False,False,True,False,False,True,False,False,False,False,8
C98474,393,4,347.17,1388.68,8,0,0,True,False,False,False,False,False,False,False,False,True,False,False,False,False,False,False,True,False,False,False,True,False,1
C90292,799,4,276.32,1105.28,5,0,1,False,False,True,False,False,False,False,False,False,False,False,True,False,True,False,False,False,False,False,True,False,False,5
C17075,341,4,314.76,1259.04,8,0,0,False,False,False,False,False,False,True,False,False,False,False,True,False,False,False,False,True,False,False,False,True,False,2
C12487,540,3,475.69,1427.07,3,1,0,False,False,False,False,False,False,True,False,False,False,True,False,True,False,False,False,False,False,False,True,False,False,2
C34555,842,1,372.8,372.8,6,1,0,True,False,False,False,False,False,False,True,False,False,False,False,True,False,False,False,False,False,True,False,False,False,1
C25110,1,2,63.21,126.42,4,1,0,False,False,False,False,False,False,True,False,False,False,False,True,True,False,False,False,False,False,False,True,False,False,2
C35136,834,1,634.94,634.94,5,1,0,False,False,True,False,False,False,False,False,False,False,False,True,True,False,False,False,False,False,False,False,True,False,0
C62277,449,4,77.47,309.88,7,1,0,False,False,False,False,False,True,False,False,False,False,True,False,False,False,False,True,False,False,False,False,True,False,4
C12472,492,3,84.31,252.93,3,1,0,True,False,False,False,False,False,False,False,True,False,False,False,False,False,False,False,True,True,False,False,False,False,1
C24047,787,4,234.45,937.8,9,1,0,False,False,False,True,False,False,False,False,False,False,False,True,True,False,False,False,False,False,False,False,True,False,8
C76929,627,1,356.81,356.81,1,1,1,False,True,False,False,False,False,False,False,False,False,False,True,False,True,False,False,False,False,False,False,True,False,5
C52914,835,4,209.99,839.96,8,0,1,False,True,False,False,False,False,False,True,False,False,False,False,False,True,False,False,False,False,False,True,False,False,7
C55164,838,3,659.88,1979.64,3,0,0,False,False,False,False,False,False,True,False,False,False,True,False,True,False,False,False,False,False,False,True,False,False,2
C70426,11,2,336.32,672.64,3,0,0,False,False,True,False,False,False,False,False,False,False,False,True,False,False,False,True,False,False,False,True,False,False,0
C69149,626,2,531.49,1062.98,7,1,1,False,False,False,False,False,True,False,False,True,False,False,False,False,True,False,False,False,False,True,False,False,False,7
C78684,407,3,588.44,1765.32,8,1,0,True,False,False,False,False,False,False,False,False,False,True,False,False,False,False,False,True,False,False,True,False,False,1
C58168,403,3,251.48,754.4399999999999,4,0,0,False,False,False,False,True,False,False,False,True,False,False,False,False,False,False,True,False,True,False,False,False,False,3
C99024,219,1,684.65,684.65,1,1,1,False,False,True,False,False,False,False,False,True,False,False,False,False,True,False,False,False,True,False,False,False,False,5
C22919,52,1,195.86,195.86,3,0,0,False,False,False,False,False,False,True,False,False,False,False,True,False,False,True,False,False,False,True,False,False,False,2
C98354,765,3,50.34,151.02,3,1,0,False,False,False,False,True,False,False,False,False,False,True,False,False,False,False,True,False,False,False,False,True,False,3
C38840,755,5,678.19,3390.95,8,0,0,False,False,False,True,False,False,False,False,False,False,False,True,False,False,False,True,False,False,True,False,False,False,8
C68936,809,3,554.25,1662.75,6,1,0,False,False,False,False,False,False,True,False,False,True,False,False,False,False,False,False,True,False,False,False,False,True,2
C33744,784,4,576.87,2307.48,5,0,0,True,False,False,False,False,False,False,False,False,False,True,False,False,False,False,True,False,False,False,False,True,False,1
C23555,624,4,408.36,1633.44,4,1,0,False,True,False,False,False,False,False,False,False,False,True,False,True,False,False,False,False,False,False,False,False,True,6
C34337,344,5,190.11,950.5500000000001,7,1,1,False,False,False,False,True,False,False,True,False,False,False,False,False,True,False,False,False,False,False,True,False,False,7
C69396,108,3,602.75,1808.25,6,1,0,False,False,False,False,False,True,False,False,True,False,False,False,False,False,False,False,True,True,False,False,False,False,4
C49198,684,3,646.79,1940.37,5,1,0,False,False,False,True,False,False,False,True,False,False,False,False,True,False,False,False,False,False,False,True,False,False,8
C43911,751,4,418.71,1674.84,8,1,0,True,False,False,False,False,False,False,True,False,False,False,False,False,False,True,False,False,False,False,False,True,False,1
C24347,135,2,323.45,646.9,5,1,0,False,False,True,False,False,False,False,False,True,False,False,False,False,False,False,True,False,False,False,False,True,False,0
C21043,348,1,694.5,694.5,3,1,0,False,False,False,False,True,False,False,False,True,False,False,False,False,False,True,False,False,False,True,False,False,False,3
C58858,211,2,337.32,674.64,4,1,0,True,False,False,False,False,False,False,False,True,False,False,False,True,False,False,False,False,True,False,False,False,False,1
C20670,448,2,467.91,935.82,5,1,0,False,False,False,False,False,True,False,False,False,False,True,False,False,False,False,True,False,False,True,False,False,False,4
C90993,388,4,38.28,153.12,4,1,0,False,True,False,False,False,False,False,False,False,True,False,False,True,False,False,False,False,False,True,False,False,False,6
C11473,551,2,73.41,146.82,2,1,0,False,False,False,False,False,True,False,False,False,False,False,True,False,False,False,False,True,False,False,True,False,False,4
C71899,646,3,668.33,2004.99,4,1,0,False,False,False,False,False,False,True,False,False,False,True,False,False,False,True,False,False,False,True,False,False,False,2
C48577,337,4,410.21,1640.84,5,1,0,False,False,False,False,False,True,False,True,False,False,False,False,False,False,True,False,False,False,False,False,True,False,4
C13100,561,4,294.41,1177.64,4,0,0,False,True,False,False,False,False,False,False,False,True,False,False,False,False,True,False,False,False,False,False,True,False,6
C70659,122,3,501.82,1505.46,4,1,0,True,False,False,False,False,False,False,False,False,False,True,False,True,False,False,False,False,True,False,False,False,False,1
C49838,372,2,552.83,1105.66,3,0,0,False,False,False,False,False,True,False,False,True,False,False,False,True,False,False,False,False,False,False,False,False,True,4
C11998,135,3,498.66,1495.98,6,0,0,True,False,False,False,False,False,False,True,False,False,False,False,True,False,False,False,False,True,False,False,False,False,1
C23405,312,4,695.1,2780.4,8,0,0,False,False,False,False,True,False,False,False,False,True,False,False,False,False,False,True,False,True,False,False,False,False,3
C41132,820,1,381.61,381.61,5,0,0,True,False,False,False,False,False,False,False,False,True,False,False,False,False,True,False,False,True,False,False,False,False,1
C88463,866,5,507.94,2539.7,9,0,0,False,True,False,False,False,False,False,False,False,False,False,True,True,False,False,False,False,False,True,False,False,False,6
C28152,50,3,571.53,1714.59,6,1,1,False,True,False,False,False,False,False,False,False,True,False,False,False,True,False,False,False,False,True,False,False,False,7
C36383,271,5,421.44,2107.2,5,1,0,False,False,False,True,False,False,False,True,False,False,False,False,False,False,True,False,False,False,False,False,True,False,8
C19759,180,2,588.3,1176.6,2,1,0,True,False,False,False,False,False,False,False,False,False,False,True,False,False,True,False,False,True,False,False,False,False,1
C54886,371,1,355.15,355.15,2,1,0,False,False,False,False,True,False,False,True,False,False,False,False,False,False,False,True,False,True,False,False,False,False,3
C27305,341,2,695.29,1390.58,6,1,0,True,False,False,False,False,False,False,False,True,False,False,False,False,False,True,False,False,False,False,False,True,False,1
C17921,862,4,302.65,1210.6,8,1,0,False,True,False,False,False,False,False,False,True,False,False,False,True,False,False,False,False,False,False,False,False,True,6
C94381,884,2,608.04,1216.08,4,0,0,True,False,False,False,False,False,False,True,False,False,False,False,True,False,False,False,False,False,False,True,False,False,1
C25162,600,2,344.18,688.36,7,0,0,False,False,False,False,False,False,True,False,True,False,False,False,False,False,False,False,True,False,False,False,False,True,2
C98317,197,4,696.71,2786.84,4,0,0,False,False,False,True,False,False,False,False,False,True,False,False,False,False,False,False,True,False,False,False,True,False,8
C53631,20,3,198.63,595.89,8,1,0,False,False,False,True,False,False,False,True,False,False,False,False,False,False,True,False,False,False,False,False,True,False,8
C41478,688,4,534.57,2138.28,6,1,1,False,False,False,False,False,True,False,False,True,False,False,False,False,True,False,False,False,False,True,False,False,False,7
C20512,713,4,690.78,2763.12,9,0,0,False,False,True,False,False,False,False,False,True,False,False,False,False,False,False,False,True,False,False,False,False,True,0
C25841,398,3,301.55,904.6500000000001,5,1,1,False,False,False,True,False,False,False,False,False,True,False,False,False,True,False,False,False,False,False,True,False,False,5
C82781,803,4,27.42,109.68,4,1,0,False,False,False,True,False,False,False,False,False,True,False,False,False,False,True,False,False,False,False,False,False,True,8
C66112,494,4,466.7,1866.8,8,0,0,False,True,False,False,False,False,False,False,False,True,False,False,False,False,False,True,False,False,False,False,True,False,6
C40466,300,1,541.64,541.64,5,1,0,False,True,False,False,False,False,False,False,False,True,False,False,False,False,False,False,True,True,False,False,False,False,6
C32570,624,1,11.39,11.39,6,1,0,False,False,False,False,True,False,False,True,False,False,False,False,True,False,False,False,False,True,False,False,False,False,3
C29405,112,2,224.37,448.74,3,1,1,False,False,False,False,True,False,False,False,False,True,False,False,False,True,False,False,False,False,False,False,False,True,5
C30643,385,3,306.29,918.8700000000001,7,1,0,False,False,True,False,False,False,False,False,True,False,False,False,False,False,False,True,False,False,False,False,True,False,0
C65890,540,5,315.57,1577.85,6,1,1,False,False,False,False,False,False,True,False,False,True,False,False,False,True,False,False,False,True,False,False,False,False,7
C36992,718,3,223.79,671.37,3,0,0,True,False,False,False,False,False,False,False,False,True,False,False,False,False,True,False,False,False,False,True,False,False,1
C95568,701,3,324.47,973.4100000000001,4,1,1,True,False,False,False,False,False,False,True,False,False,False,False,False,True,False,False,False,True,False,False,False,False,7
C17966,623,2,92.87,185.74,5,1,0,False,False,False,False,False,True,False,False,True,False,False,False,False,False,True,False,False,False,True,False,False,False,4
C89559,815,2,331.42,662.84,6,1,1,False,False,True,False,False,False,False,False,True,False,False,False,False,True,False,False,False,False,False,True,False,False,5
C15849,190,1,525.43,525.43,2,1,0,True,False,False,False,False,False,False,True,False,False,False,False,True,False,False,False,False,False,False,False,True,False,1
C94257,698,2,697.19,1394.38,7,1,0,False,False,False,False,False,True,False,True,False,False,False,False,False,False,False,True,False,True,False,False,False,False,4
C39911,673,4,518.4,2073.6,7,1,1,False,False,False,False,True,False,False,False,True,False,False,False,False,True,False,False,False,False,True,False,False,False,7
C28828,147,3,131.96,395.88,8,0,0,False,True,False,False,False,False,False,False,True,False,False,False,False,False,True,False,False,False,False,False,True,False,6
C82921,270,1,208.36,208.36,4,1,0,False,False,False,True,False,False,False,False,False,False,False,True,False,False,False,False,True,True,False,False,False,False,8
C50159,582,3,222.34,667.02,5,1,0,False,False,False,False,False,True,False,False,True,False,False,False,False,False,False,True,False,True,False,False,False,False,4
C62512,294,3,91.74,275.22,8,1,0,False,False,False,False,False,True,False,False,False,True,False,False,False,False,False,True,False,False,False,False,False,True,4
C39260,688,2,213.83,427.66,2,1,0,False,False,False,False,False,False,True,False,False,True,False,False,True,False,False,False,False,True,False,False,False,False,2
C23917,796,1,127.55,127.55,3,1,0,False,False,False,False,False,True,False,True,False,False,False,False,False,False,False,False,True,False,False,False,False,True,4
C65107,296,1,70.24,70.24,4,1,0,False,False,False,True,False,False,False,False,True,False,False,False,True,False,False,False,False,False,False,True,False,False,8
C84630,905,5,518.55,2592.75,6,1,0,False,False,True,False,False,False,False,False,True,False,False,False,True,False,False,False,False,False,False,False,True,False,0
C42235,609,4,298.36,1193.44,8,1,0,True,False,False,False,False,False,False,False,False,True,False,False,False,False,True,False,False,False,False,True,False,False,1
C70246,705,3,158.74,476.22,7,1,0,False,True,False,False,False,False,False,False,False,False,False,True,False,False,True,False,False,False,False,False,True,False,6
C18473,17,2,420.29,840.58,3,1,0,True,False,False,False,False,False,False,False,False,False,True,False,False,False,False,True,False,False,False,True,False,False,1
C12607,818,1,281.52,281.52,6,1,0,False,True,False,False,False,False,False,False,False,False,True,False,False,False,False,False,True,False,False,False,False,True,6
C10222,643,1,204.08,204.08,4,0,0,False,False,True,False,False,False,False,False,False,False,True,False,False,False,False,True,False,False,False,True,False,False,0
C77344,358,1,343.31,343.31,6,1,0,True,False,False,False,False,False,False,False,False,False,True,False,False,False,False,True,False,False,False,True,False,False,1
C65497,591,1,163.32,163.32,6,1,0,False,False,False,True,False,False,False,True,False,False,False,False,False,False,False,False,True,False,True,False,False,False,8
C26340,475,2,184.6,369.2,7,1,1,False,True,False,False,False,False,False,False,False,False,True,False,False,True,False,False,False,True,False,False,False,False,7
C75619,633,2,371.29,742.58,5,1,0,False,False,False,False,False,True,False,False,False,False,True,False,False,False,False,False,True,False,True,False,False,False,4
C96136,318,5,389.22,1946.1,7,0,0,False,False,False,False,False,False,True,True,False,False,False,False,True,False,False,False,False,False,False,False,False,True,2
C46886,23,3,616.39,1849.17,6,1,0,False,True,False,False,False,False,False,False,True,False,False,False,False,False,False,False,True,False,False,False,True,False,6
C44148,141,4,376.43,1505.72,5,1,0,False,True,False,False,False,False,False,False,False,False,True,False,False,False,True,False,False,False,False,False,True,False,6
C72007,489,3,432.85,1298.55,4,0,0,True,False,False,False,False,False,False,False,False,False,False,True,False,False,True,False,False,False,False,False,True,False,1
C45104,15,1,687.89,687.89,1,1,0,False,False,False,False,False,False,True,True,False,False,False,False,False,False,False,True,False,True,False,False,False,False,2
C29885,590,3,189.44,568.3199999999999,4,1,0,False,False,False,False,False,True,False,True,False,False,False,False,False,False,True,False,False,True,False,False,False,False,4
C21126,376,1,107.04,107.04,6,1,0,False,True,False,False,False,False,False,False,True,False,False,False,True,False,False,False,False,False,False,True,False,False,6
C20095,484,2,662.53,1325.06,5,0,0,False,False,False,True,False,False,False,False,False,False,False,True,True,False,False,False,False,False,True,False,False,False,8
C79674,719,2,436.84,873.68,2,1,1,False,False,False,False,False,False,True,False,False,False,False,True,False,True,False,False,False,False,False,False,True,False,5
C64753,313,4,262.52,1050.08,4,1,0,True,False,False,False,False,False,False,False,False,True,False,False,True,False,False,False,False,False,False,False,True,False,1
C57502,751,4,560.58,2242.32,6,1,0,False,False,False,False,False,False,True,False,False,False,True,False,False,False,False,True,False,False,False,False,False,True,2
